drug,proximity_score
"TRIS(2,3-DIBROMOPROPYL)PHOSPHATE",0.0
CHEMBL:CHEMBL531401,0.0
ISEPAMICIN,0.0
PLX8394,0.0
PROMEGAPOIETIN,0.0
THROMBOLYTIC AGENT,0.0
SUNSCREEN,0.0
MISTLETOE EXTRACT,0.0
THYROGLOBULIN,0.0
ATX08-001,0.0
CORYNEBACTERIUM GRANULOSUM P40,0.0
CHEMBL:CHEMBL2208195,0.0
FRAXINE,0.0
BL22,0.0
COMPSTATIN,0.0
MOC31-PE,0.0
THERAPEUTIC AUTOLOGOUS LYMPHOCYTES,0.0
ASTRAGALIN,0.0
"HER2 INHIBITOR CP-724,714",0.0
MK-7110,0.0
DENINTUZUMAB,0.0
CALCDPWW,0.0
DABIGATRAN ETEXILATE MESYLATE,0.0
GLENZOCIMAB,0.0
IBI-939,0.0
CMB-401,0.0
TGN-1412,0.0
EPRATUZUMAB 90Y,0.0
AVE-9633,0.0
GSK933776,0.0
BRIVANIB ALANINATE,0.0
BATILOL,0.0
MECASERMIN RINFABATE,0.0
NITROVIN,0.0
AMP-PNP,0.0
BENZO[B]TRIPHENYLENE,0.0
PHENYL AMINOSALICYLATE,0.0
DICYCLOHEXYLCARBODIIMIDE,0.0
DITIOCARB SODIUM,0.0
CHEMBL:CHEMBL259422,0.0
HYPOTAURINE,0.0
CHEMBL:CHEMBL586195,0.0
CHEMBL:CHEMBL1702181,0.0
PENDIMETHALIN,0.0
IROPLACT,0.0
O-CHLOROACETYLCARBAMOYLFUMAGILLOL,0.0
CLENOLIXIMAB,0.0
RECOMBINANT HUMAN 6CKINE,0.0
SATRALIZUMAB,0.0
OFATUMUMAB,0.0
CHEMBL:CHEMBL1797709,0.0
CHEMBL:CHEMBL384441,0.0
AICA RIBONUCLEOTIDE,0.0
ISOBAVACHALCONE,0.0
IDOXURIDINE,0.0
CHEMBL:CHEMBL1761683,0.0
NIZATIDINE,0.0
IL-7,0.0
FLUORODIFEN,0.0
CASEARINONE A,0.0
CYCLOHEXANONE OXIME,0.0
CHEMBL:CHEMBL547161,0.0
DECYLUBIQUINONE,0.0
CHLORPYRIFOS-METHYL,0.0
ISIS 104838,0.0
CHEMBL:CHEMBL26886,0.0
"7-OXOCALLITRISIC ACID, METHYL ESTER",0.0
NAPABUCASIN,0.0
CLK INHIBITOR CTX-712,0.0
TNP-470,0.0
TECTORIGENIN,0.0
AMG-208,0.0
CHEMBL:CHEMBL602987,0.0
SIMUFILAM,0.0
MRA 003 US,0.0
PRAMIPEXOLE DIHYDROCHLORIDE,0.0
ALICAFORSEN,0.0
NEMIFITIDE,0.0
FBT-A05,0.0
PG-110,0.0
COPANLISIB HYDROCHLORIDE,0.0
ALVERINE,0.0
ELEXACAFTOR,0.0
REMOXIPRIDE HYDROCHLORIDE,0.0
BI-505,0.0
PI3K-ALPHA INHIBITOR HS-10352,0.0
AZ3146,0.0
CRX-555,0.0
ANALOG 30 [PMID:18543899],0.0
R3/I5- SMBIT,0.0
RIPK2 INHIBITOR 8,0.0
UDP-&BETA;-S,0.0
UDP N-ACETYL-GLUCOSAMINE,0.0
DAPORINAD,0.0
PEGSUNERCEPT,0.0
ENAVATUZUMAB,0.0
RN1734,0.0
QUINAZOLIN-4(3H) DERIVATIVE 36,0.0
"[GA-DOTA,TYR3,THR8]OCTREOTIDE",0.0
SHR-1316,0.0
RECOMBINANT HUMAN INTERLEUKIN-15,0.0
BALCINRENONE,0.0
M4344,0.0
REZVILUTAMIDE,0.0
JNJ-37822681,0.0
1018 ISS,0.0
GSK-256066,0.0
CARDIOTROPHIN-1,0.0
MDG 548,0.0
TAGITININ A,0.0
ISOX-CHA-CHG-ARK(SULFO-CY5)-NH2,0.0
CHEMBL:CHEMBL1420457,0.0
CLOFLUCARBAN,0.0
ISOFLUPREDONE ACETATE,0.0
DIPLAMINE B,0.0
OCTYL_GALLATE,0.0
IPRODIONE,0.0
ELACESTRANT,0.0
ZATOLMILAST,0.0
BECAPLERMIN,0.0
ANTI-CD33 CAR T-CELLS,0.0
ASP-8477,0.0
TESTOSTERONE BUCYCLATE,0.0
EMAPTICAP PEGOL,0.0
ANTI-GITR MONOCLONAL ANTIBODY MK-4166,0.0
BI-836826,0.0
TYRPHOSTIN AG 1296,0.0
[3H]NELIVAPTAN,0.0
RIVENPROST,0.0
AV-412,0.0
ATL1102,0.0
PHOSPHORODIAMIDATE MORPHOLINO OLIGOMER AVI-4126,0.0
VARLITINIB,0.0
APALUTAMIDE,0.0
RG-7795,0.0
ANTI-CD3 MONOCLONAL ANTIBODY,0.0
CLOMIPHENE,0.0
TETANUS ANTITOXIN,0.0
CHEMBL:CHEMBL1235854,0.0
PICROPODOPHYLLIN,0.0
DRINABANT,0.0
BETUNOLIC ACID,0.0
DOMVANALIMAB,0.0
ICRUCUMAB,0.0
TELOTRISTAT,0.0
BALUGRASTIM,0.0
VERCIRNON,0.0
LY-2874455,0.0
L-21649,0.0
LORUKAFUSP ALFA,0.0
VEDROPREVIR,0.0
8H9 131I,0.0
ALLYLESTRENOL,0.0
AHN-12,0.0
MDX-447,0.0
ONCOLYSIN CD6,0.0
AMG-108,0.0
DIANEXIN,0.0
RUTHENIUM-BASED TRANSFERRIN TARGETING AGENT NKP-1339,0.0
OBINUTUZUMAB,0.0
IODINE I-131,0.0
CXCR4 ANTAGONIST USL311,0.0
ANDROGEN RECEPTOR ANTAGONIST TAS3681,0.0
XALIPRODEN,0.0
BAMOSIRAN,0.0
MIV-701,0.0
GESTODENE,0.0
CERE-110,0.0
TRALOKINUMAB,0.0
ADUCANUMAB,0.0
STROPHANTHIDIN ACETATE,0.0
CA19-9 ANTIGEN,0.0
CHEMBL:CHEMBL2316602,0.0
CHEMBL:CHEMBL591404,0.0
GLABRANIN,0.0
2-METHYL GRAMINE,0.0
CHEMBL:CHEMBL1946014,0.0
BROMODICHLOROACETIC ACID,0.0
ELEMICIN,0.0
BROMETHALIN,0.0
PRULIFLOXACIN,0.0
ALEGLITAZAR,0.0
CHEMBL:CHEMBL354318,0.0
CLOPERASTINE HYDROCLORIDE,0.0
APIOL,0.0
"INSULIN ZINC, EXTENDED",0.0
MK-4280,0.0
HUPAM4,0.0
CDP-484,0.0
SCH-708980,0.0
NAVEGLITAZAR,0.0
L19SIP 131I,0.0
AMG-811,0.0
FGFR1/2/3 INHIBITOR TYRA-200,0.0
"INSULIN HUMAN, ISOPHANE",0.0
PLONMARLIMAB,0.0
"INSULIN, ISOPHANE",0.0
"INSULIN [INJECTION], BIPHASIC",0.0
SNX 5422,0.0
DAZODALIBEP,0.0
PF-00610355,0.0
AVDORALIMAB,0.0
CIMICOXIB,0.0
PATECLIZUMAB,0.0
TOLRESTAT,0.0
ABX-IL8,0.0
ONCOLYSIN B,0.0
ADECATUMUMAB,0.0
FONTOLIZUMAB,0.0
TEGLARINAD CHLORIDE,0.0
ULIPRISTAL ACETATE,0.0
ZALUTUMUMAB,0.0
BENRALIZUMAB,0.0
CHEMBL:CHEMBL530281,0.0
RESMETHRIN,0.0
GW459057A,0.0
CHEMBL:CHEMBL583584,0.0
INSULIN LISPRO PROTAMINE RECOMBINANT,0.0
METHANTHELINE BROMIDE,0.0
CHEMBL:CHEMBL449063,0.0
DEMETON S,0.0
OXYPHENISATIN,0.0
BERKELEYACETAL A,0.0
CHEMBL:CHEMBL583997,0.0
MURABUTIDE,0.0
MANASSANTIN B,0.0
CINNAMIC ACID HYDROXAMATE,0.0
CHEMBL:CHEMBL1521156,0.0
PIPOXOLAN HYDROCHLORIDE,0.0
KANZONOL W,0.0
BETANAPHTHOL,0.0
SERICETIN DIACETATE,0.0
CAULIBUGULONE C,0.0
OLARATUMAB,0.0
TINORIDINE,0.0
GSK-610677,0.0
ZICONOTIDE ACETATE,0.0
INSULIN ZINC SUSP PROMPT PURIFIED PORK,0.0
SAXAGLIPTIN HYDROCHLORIDE,0.0
GSK2798745,0.0
MSX-122,0.0
ENSARTINIB,0.0
CLORINDIONE,0.0
BERKELEYAMIDE B,0.0
HYDRAMETHYLNON,0.0
MDM2 INHIBITOR AMGMDS3,0.0
DIMPYLATE,0.0
FAMPROFAZONE,0.0
FERBAM,0.0
RONNEL,0.0
CHEMBL:CHEMBL2062869,0.0
CHEMBL:CHEMBL535051,0.0
MEPANIPYRIM,0.0
TRICHLOROMONOFLUOROMETHANE,0.0
FLUTOLANIL,0.0
DP-B99,0.0
BW284C51,0.0
CD19CAR-CD3ZETA-4-1BB-EXPRESSING ALLOGENEIC T-LYMPHOCYTE CELLS,0.0
PLEVITREXED,0.0
"[ILE5,TRP23]PTHRP-(5-36)",0.0
NRF2 PEPTIDE [PMID: 23647822],0.0
HS024,0.0
CHLOROPHENOTHANE,0.0
CHEMBL:CHEMBL257748,0.0
COMPOUND 2 [PMID: 21105727],0.0
FISOGATINIB,0.0
SKA-121,0.0
LY-2382770,0.0
ELPAMOTIDE,0.0
DENOSUMAB,0.0
SERGEOLIDE,0.0
CHEMBL:CHEMBL547175,0.0
PIMPINELLIN,0.0
MONATEPIL,0.0
RO-3201195,0.0
ANCITABINE,0.0
TROVAFLOXACIN MESYLATE,0.0
DS69910557,0.0
NIHYDRAZONE,0.0
ALTHIAZIDE,0.0
CHEMBL:CHEMBL329785,0.0
ANISALDEHYDE,0.0
TOMUZOTUXIMAB,0.0
VRC-01LS,0.0
2-BROMOETHANOL,0.0
ELZASONAN HYDROCHLORIDE,0.0
BASS ANTAGONIST,0.0
PETROSIOL A,0.0
BCL-2 INHIBITOR,0.0
GESTRINONE,0.0
VEGFD,0.0
UBP302,0.0
TECALCET HYDROCHLORIDE,0.0
CHEMBL:CHEMBL443949,0.0
RADRETUMAB,0.0
BIAFINE CREAM,0.0
BUTONATE,0.0
BISPHENOL A,0.0
ADOZELESIN,0.0
CHEMBL:CHEMBL442906,0.0
KY-1005,0.0
CHEMBL:CHEMBL1474,0.0
DIAPEP 277,0.0
XMT-1191,0.0
CHEMBL:CHEMBL1684099,0.0
CHEMBL:CHEMBL17329,0.0
NARASIN,0.0
TRISMETHOXYRESVERATROL,0.0
ANTI-ULCER AGENT,0.0
LY2181308,0.0
MARGETUXIMAB-CMKB,0.0
FONADELPAR,0.0
BREQUINAR,0.0
ONO-5334,0.0
PARNAPARIN SODIUM,0.0
TEREVALEFIM,0.0
FLYSYN,0.0
PF-06823859,0.0
FLAVOKAWAIN B,0.0
CHEMBL:CHEMBL458855,0.0
CHEMBL:CHEMBL609030,0.0
VALERIAN ROOT EXTRACT,0.0
UP3U,0.0
[67GA]NODAGA-[TYR3]OCTREOTIDE,0.0
O-ARACHIDONOYL ETHANOLAMINE,0.0
AZIDOPINE,0.0
GLAUCARUBINONE,0.0
CHEMBL:CHEMBL1436543,0.0
CHELIDAMIC ACID,0.0
CHEMBL:CHEMBL31020,0.0
LGX-806,0.0
CHEMBL:CHEMBL1374370,0.0
AMY-101,0.0
FGFR INHIBITOR DEBIO 1347,0.0
SR9009,0.0
FLT3/CDK4/6 INHIBITOR FLX925,0.0
PHI-101,0.0
BMS-936559,0.0
ALLOSTERIC MODULATOR 33 [PMID: 35878399],0.0
EPZ015666,0.0
KOBOPHENOL A,0.0
HMPL-453,0.0
SAM68 MODULATOR CWP232291,0.0
MUC1-TARGETED PEPTIDE GO-203-2C,0.0
3-DEAZAADENOSINE,0.0
SAROGLITAZAR,0.0
PF-03882845,0.0
C-RAF ANTISENSE OLIGONUCLEOTIDE ISIS 5132,0.0
TELATINIB,0.0
PKI-179,0.0
LORACARBEF,0.0
TADEKINIG ALFA,0.0
CHEMBL:CHEMBL1728978,0.0
VALERENIC ACID,0.0
CHEMBL:CHEMBL167316,0.0
ICI-164384,0.0
LOFEPRAMINE HYDROCHLORIDE,0.0
CHEMBL:CHEMBL311489,0.0
PIPERILATE ETHOBROMIDE,0.0
S-METHYL-D-THIOCITRULLINE,0.0
BINOSPIRONE,0.0
CHEMBL:CHEMBL1099167,0.0
BRIVOLIGIDE,0.0
THYMIDINE MONOPHOSPHATE,0.0
CHEMBL:CHEMBL1797712,0.0
CHLOROACETIC ACID,0.0
CAULIBUGULONE D,0.0
CHEMBL:CHEMBL12658,0.0
PROPANIL,0.0
CHEMBL:CHEMBL2332783,0.0
COCHINCHINENIN C,0.0
ALTISSIMACOUMARIN F,0.0
2-[(FORMYL-HYDROXY-AMINO)-METHYL]-HEPTANOIC ACID [1-(2-HYDROXYMETHYL-PYRROLIDINE-1-CARBONYL)-2-METHYL-PROPYL]-AMIDE,0.0
PSILOCYBINE,0.0
BAY1436032,0.0
TAZEMETOSTAT HYDROBROMIDE,0.0
IMMURAIT-LL2,0.0
DUTETRABENAZINE,0.0
DEXPRAMIPEXOLE,0.0
CROTOXIN,0.0
INCYCLINIDE,0.0
ADAGRASIB,0.0
E163,0.0
CHEMBL:CHEMBL1089501,0.0
FIGITUMUMAB,0.0
DOTA-BASS,0.0
SRA880,0.0
AZD8542,0.0
GSA-10,0.0
ROBOTNIKININ,0.0
EFBEMALENOGRASTIM ALFA,0.0
METHYLEUGENOL,0.0
BMS-564929,0.0
DEMETON-S-METHYL,0.0
[D-TRP32]NPY,0.0
FLOCTAFENINE,0.0
TRIACETIN,0.0
CHEMBL:CHEMBL464176,0.0
CARBOXYLATED GLUCOSAMINE,0.0
FENBUCONAZOLE,0.0
CHLOROETHYLCLONIDINE,0.0
ALLANTOIN,0.0
KAEMPFERIDE,0.0
(R)-MELPHALAN,0.0
ZIRALIMUMAB,0.0
ZANSECIMAB,0.0
ASTEGOLIMAB,0.0
BOMEDEMSTAT,0.0
AT-1501,0.0
PF-00489791,0.0
JNJ-41443532,0.0
TILSOTOLIMOD,0.0
COBOLIMAB,0.0
NARLAPREVIR,0.0
TELIMOMAB ARITOX,0.0
SOBUZOXANE,0.0
PI3K-ALPHA INHIBITOR TOS-358,0.0
PI3K ALPHA/BETA INHIBITOR BAY1082439,0.0
ANTI-CD19 CAR T CELLS PREPARATION,0.0
IDASANUTLIN,0.0
RO-5045337,0.0
IDRX-42,0.0
CETRELIMAB,0.0
APG-2449,0.0
CFT1946,0.0
AG-13958,0.0
CAL,0.0
LADARIXIN,0.0
ADC3680,0.0
TA-5493,0.0
PROPARGITE,0.0
INDACATEROL MALEATE,0.0
ACETOPHENAZINE MALEATE,0.0
RECOMBINANT FIBROBLAST GROWTH FACTOR 3,0.0
SX-682,0.0
NADH,0.0
AZ9773,0.0
AME-133V,0.0
BRIOBACEPT,0.0
SNX-5422,0.0
5-LOX INHIBITOR 2M [PMID: 30199704],0.0
ANDECALIXIMAB,0.0
BIX02188,0.0
RG-7376,0.0
THELIATINIB,0.0
IDH1/IDH2 DUAL INHIBITOR HMPL-306,0.0
EMD-1204831,0.0
ISOVANILLIN,0.0
ALISERTIB SODIUM,0.0
SEIMATOPOLIDE A,0.0
CHEMBL:CHEMBL423081,0.0
CANGITOXIN II,0.0
ZED1227,0.0
HALOPERIDOL LACTATE,0.0
CCX-354,0.0
GEMTUZUMAB,0.0
SIMAZINE,0.0
CHEMBL:CHEMBL107513,0.0
[ILE5]PTHRP-(1-36),0.0
NAMILUMAB,0.0
5-METHOXYCANTHINONE,0.0
CHEMBL:CHEMBL1915269,0.0
OSPA PROTEIN,0.0
ETHYNODIOL DIACETATE,0.0
CHEMBL:CHEMBL1164954,0.0
BRUCEANTIN,0.0
BENZYLPENICILLOYL POLYLYSINE,0.0
MW150,0.0
ALCLOFENAC,0.0
MLN-4760,0.0
ALIZAPRIDE,0.0
GFT14,0.0
TBO-FILGRASTIM,0.0
(S)-LIQUIRITIGENIN,0.0
LINRODOSTAT,0.0
CHEMBL:CHEMBL610767,0.0
LEXATUMUMAB,0.0
COMPOUND A34 [PMID: 35635004],0.0
VORSETZUMAB MAFODOTIN,0.0
INCB7839,0.0
LYM-1,0.0
ODULIMOMAB,0.0
APLAVIROC HYDROCHLORIDE,0.0
RIVOCERANIB MESYLATE,0.0
CHEMBL:CHEMBL1256698,0.0
CHEMBL:CHEMBL487046,0.0
CID2745687,0.0
GARDENIN,0.0
CHEMBL:CHEMBL407501,0.0
PIMURUTAMAB,0.0
ABAMECTIN,0.0
INSULIN ZINC SUSP PURIFIED BEEF/PORK,0.0
CIMETIDINE HYDROCHLORIDE,0.0
SPIRAPRIL HYDROCHLORIDE,0.0
TECHTOCHRYSIN,0.0
ISOSAKURANETIN,0.0
MAGROLIMAB,0.0
RECOMBINANT BETA CHEMOKINE,0.0
TYR3-OCTREOTIDE,0.0
ROBUSTONE,0.0
EUPALININ A,0.0
MOLGRAMOSTIM,0.0
GALLOCATECHIN GALLATE,0.0
PX-478,0.0
GSK-2245035,0.0
ADENOVIRAL TRANSDUCED HIL-12-EXPRESSING AUTOLOGOUS DENDRITIC CELLS INXN-3001 PLUS ACTIVATOR LIGAND INXN-1001,0.0
PEGILODECAKIN,0.0
OCRELIZUMAB,0.0
TIAPROFENIC ACID,0.0
PIDILIZUMAB,0.0
PEGINTERFERON LAMBDA-1A,0.0
FLUOXASTROBIN,0.0
CHEMBL:CHEMBL1797708,0.0
4'-DEMETHYLEPIPODOPHYLLOTOXIN,0.0
TALIPEXOLE HYDROCHLORIDE,0.0
SPARSOMYCIN,0.0
GLISOFLAVONE,0.0
CHEMBL:CHEMBL582471,0.0
PHENYLPYRUVATE,0.0
PYRITHIONE SODIUM,0.0
RIOCIGUAT,0.0
CHEMBL:CHEMBL168075,0.0
COMPOUND 5B [PMID: 25349648],0.0
INCB8761,0.0
C-MET INHIBITOR AMG 337,0.0
[3H]SUMATRIPTAN,0.0
CALINDOL,0.0
YM348,0.0
ML193,0.0
9-HYDROXYOCTADECADIENOIC ACID,0.0
ZK112993,0.0
HM01,0.0
BAY-1082439,0.0
MANSC (415-431),0.0
COMPOUND 11JJ [PMID: 1656041],0.0
THIOTHIXENE,0.0
BAVAROSTAT,0.0
(+)-NORFENFLURAMINE,0.0
[3H]N-METHYL-AZ10419369,0.0
HIRUDIN,0.0
CHS-828,0.0
VIDUTOLIMOD,0.0
ALVESPIMYCIN HYDROCHLORIDE,0.0
[2-(3-DIBENZOFURAN-4-YL-PHENYL)-1-HYDROXY-1-PHOSPHONO-ETHYL]-PHOSPHONIC ACID,0.0
ND7001,0.0
KW-2478,0.0
DISITERTIDE,0.0
INOSINE 5'-MONOPHOSPHATE DEHYDROGENASE INHIBITOR FF-10501-01,0.0
IL-21,0.0
GOLOTIMOD,0.0
TOPICAL POTASSIUM DOBESILATE,0.0
TST10088,0.0
BISEGLIPTIN,0.0
LEI-401,0.0
AC-90179,0.0
SHA 68R,0.0
AZD1236,0.0
MAGLI 432,0.0
BIX02189,0.0
"COMPOUND 16D [TAO ET AL., 2009]",0.0
VU2957,0.0
GUMARONTINIB,0.0
THEAFLAVIN-3′-O-GALLATE,0.0
IFN-&BETA;,0.0
TH5487,0.0
SR-13668,0.0
SELECTIN P LIGAND,0.0
SA10SC-RLX,0.0
B-R13/17K H2 RELAXIN,0.0
7-HYDROXYCHOLESTEROL,0.0
TAK-828F,0.0
WAY-255348,0.0
TPN171,0.0
GISADENAFIL,0.0
UCCF-853,0.0
[3H]L655708,0.0
CYAZOFAMID,0.0
NITROMIDE,0.0
4-MPPTS,0.0
GLPG-0555,0.0
EXAMPLE 36 [WO2016177845],0.0
&BETA;-NEOENDORPHIN,0.0
COMPOUND 41 [PMID: 17574411],0.0
EBI-2511,0.0
DSM705,0.0
DUAL VEGFR/PARP INHIBITOR 14B,0.0
COMPOUND 15B [PMID: 18334293],0.0
BENZOLAMIDE,0.0
STANOLONE,0.0
BTB07018,0.0
LY334362,0.0
"BMS 181,101",0.0
LIDORESTAT ANHYDROUS,0.0
UNECRITINIB,0.0
SIAIS178,0.0
NEPAPRAZOLE,0.0
GERONTOXANTHONE A,0.0
ISIS 2503,0.0
RECOMBINANT GROWTH FACTOR,0.0
MRS4174,0.0
CHEMBL:CHEMBL1946449,0.0
BYROSTATIN 1,0.0
ISOBERGAPTENE,0.0
BENSULIDE,0.0
NITRALIN,0.0
CYCLIC CRYPEVEIC,0.0
BIOALLETHRIN S-CYCLOPENTENYL ISOMER,0.0
BERKELEYACETAL B,0.0
CYCLANDELATE,0.0
OXYQUINOLINE SULFATE,0.0
SPIRADOLINE,0.0
CHEMBL:CHEMBL528316,0.0
BENANSERIN HYDROCHLORIDE,0.0
APRAMIDE A,0.0
CHEMBL:CHEMBL539954,0.0
ARACHIDONYL TRIFLUOROMETHYL KETONE,0.0
CHEMBL:CHEMBL1417470,0.0
INDOXACARB,0.0
RETINYLRETINOATE,0.0
BENZYLACETONE,0.0
SULFURIC ACID,0.0
CHEMBL:CHEMBL401565,0.0
ACEQUINOCYL,0.0
4-METHYLTHIOAMPHETAMINE,0.0
4-METHYLBENZOIC ACID METHYL ESTER,0.0
CHEMBL:CHEMBL164449,0.0
CHEMBL:CHEMBL602209,0.0
STIROFOS,0.0
COMPOUND 7 [PMID: 34333981],0.0
COMPOUND 1 [PMID: 21742770],0.0
INCLACUMAB,0.0
FICLATUZUMAB,0.0
COMPOUND 8 [PMID: 17480064],0.0
TUNODAFIL,0.0
AZIRIDINE,0.0
ANETHOLE TRITHIONE,0.0
CHEMBL:CHEMBL593110,0.0
CHF 4227,0.0
MONOCLONAL ANTIBODY 1F5,0.0
COMPOUND 34 [PMID: 20409708],0.0
PHCCC,0.0
OLEOYL-THIOPHOSPHATE,0.0
MULTIKINASE INHIBITOR AEE788,0.0
GSK2033,0.0
A-935142,0.0
INCB3284,0.0
HUMANIZED SMART ANTI-IL-12 ANTIBODY,0.0
DENENICOKIN,0.0
NORETHYNODREL,0.0
TSP-1 MIMETIC FUSION PROTEIN CVX-045,0.0
S-3304,0.0
C-MET INHIBITOR MK2461,0.0
DELEOBUVIR,0.0
MONOCLONAL ANTIBODY SGN-14,0.0
MUC-1 ANTIGEN,0.0
2-NITROANISOLE,0.0
CHEMBL:CHEMBL1256796,0.0
(R)-IBUPROPHEN,0.0
ASN007,0.0
DIDECYLDIMETHYLAMMONIUM CHLORIDE,0.0
[3H]AZ11637326,0.0
UCSF7447,0.0
COMPOUND 48 [PMID: 22364337],0.0
PRX-321,0.0
ELISIDEPSIN,0.0
ISATORIBINE,0.0
BMS-908662,0.0
NP-G2-044,0.0
TGFBETA INHIBITOR LY3200882,0.0
BLISIBIMOD,0.0
ANTI-HBEGF MONOCLONAL ANTIBODY U3-1565,0.0
INDOMETHACIN SODIUM,0.0
OXAPROZIN POTASSIUM,0.0
TRABEDERSEN,0.0
MBX-2044,0.0
LX1031,0.0
LFB-R603,0.0
APLINDORE,0.0
ASUNERCEPT,0.0
DIPYRITHIONE,0.0
NAPROPAMIDE,0.0
CIMIRACEMATE A,0.0
BIS(PIPERIDINYLTHIOCARBONYL)DISULFIDE,0.0
CHEMBL:CHEMBL1684097,0.0
SAR-125844,0.0
QAX-576,0.0
NELIPEPIMUT-S,0.0
ENNIATIN B,0.0
CHEMBL:CHEMBL382194,0.0
CANRENONE,0.0
CHEMBL:CHEMBL273891,0.0
ARTEANNUIN B,0.0
QUERCETAGETIN,0.0
THIOACETAZONE,0.0
NESVACUMAB,0.0
IMD-1041,0.0
CONBERCEPT,0.0
LOBEGLITAZONE,0.0
EUGENOL,0.0
ESTRADIOL VALERATE/DIENOGEST,0.0
PROMESTRIENE,0.0
COLLOIDAL GOLD-BOUND TUMOR NECROSIS FACTOR,0.0
FGFR INHIBITOR ASP5878,0.0
EMPESERTIB,0.0
GA-DOTA-NOC,0.0
FANDOSENTAN POTASSIUM,0.0
ANCITABINE HYDROCHLORIDE,0.0
NAKIJIQUINONES G,0.0
AZOXYSTROBIN,0.0
ORAL AZACITIDINE,0.0
VONAPANITASE,0.0
ISS-1018,0.0
GLYCOVIR,0.0
PAFURAMIDINE,0.0
ASK-8007,0.0
NORMEPERIDINE,0.0
CARBOGEN,0.0
TINIDAZOLE,0.0
COBALT CO-60,0.0
RECOMBINANT HUMAN MACROPHAGE INFLAMMATORY PROTEIN-1 BETA,0.0
VIRGINIAMYCIN M1,0.0
FANETIZOLE,0.0
IBUPROFEN LYSINE,0.0
DISULFOTON,0.0
CYCLOPIAZONIC ACID,0.0
WAGLERIN-1,0.0
7NI,0.0
ISOAMYL-AGOMELATINE,0.0
THIQ,0.0
OSTN (115-133),0.0
COMPOUND 2 [PMID: 31932225],0.0
COMPOUND 49 [PMID: 36529947],0.0
[125I]SCH23982,0.0
SGN-30,0.0
HEPTANE,0.0
CHAETOCIN,0.0
TLR-DIRECTED CATIONIC LIPID-DNA COMPLEX JVRS-100,0.0
CRYPTOLEPINE HYDROCHLORIDE,0.0
"4,4'-METHYLENEDIANILINE",0.0
DOTA/EU RELAXIN-3,0.0
ILLUDALIC ACID,0.0
COMPOUND 5 [PMID: 34779204],0.0
&ALPHA;-CONOTOXIN IMI,0.0
A134974,0.0
EZABENLIMAB,0.0
ENCALERET SULFATE,0.0
MORAB-066,0.0
APRUTUMAB,0.0
GSK3050002,0.0
MONZOSERTIB,0.0
CCL28,0.0
ATF936,0.0
SB-423562,0.0
GARTISERTIB,0.0
K 252A,0.0
CHEMBL:CHEMBL140130,0.0
LACTOFEN,0.0
VANITIOLIDE,0.0
CANAVANINE,0.0
CHEMBL:CHEMBL156075,0.0
CHEMBL:CHEMBL2171117,0.0
BENOXACOR,0.0
AMAUROMINE,0.0
VICRIVIROC,0.0
PEMETREXED TROMETHAMINE,0.0
"L-152,804",0.0
AZM-475271,0.0
BMS-753426,0.0
RONACALERET,0.0
PROPACHLOR,0.0
DUBERMATINIB,0.0
RS-127445,0.0
BW723C86,0.0
CHEMBL:CHEMBL512832,0.0
CHEMBL:CHEMBL592363,0.0
DONANEMAB,0.0
QUISOVALIMAB,0.0
PIPOBROMAN,0.0
FLUFENOXURON,0.0
FLUSILAZOLE,0.0
TROPOLONE,0.0
TRICLOCARBAN,0.0
METHOXYCHLOR,0.0
GISENOSIDE RK1,0.0
"[3H]GR 125,743",0.0
CHEMBL:CHEMBL498746,0.0
ALFADEX,0.0
BEAUVERICIN,0.0
ANTI-IGF-1R RECOMBINANT MONOCLONAL ANTIBODY BIIB022,0.0
GOLODIRSEN,0.0
MIRISTALKONIUM CHLORIDE,0.0
SIRTINOL,0.0
ISOCEPHAELINE,0.0
CHEMBL:CHEMBL463701,0.0
ATROPINE METHYLBROMIDE,0.0
"5-(N,N-DIMETHYL)AMILORIDE HYDROCHLORIDE",0.0
PIPERONAL,0.0
DESACETYL SALANNIN,0.0
MACROCARPAL A,0.0
STREPTOMYCIN,0.0
NAKIJIQUINONES H,0.0
ALLANTODAPSONE,0.0
CHEMBL:CHEMBL1257081,0.0
CHEMBL:CHEMBL587247,0.0
K-134,0.0
IZOKIBEP,0.0
BELNACASAN,0.0
AILANTHINONE,0.0
RHODAMINE,0.0
CHLORFENAPYR,0.0
L-CYSTEINE SULPHINIC ACID,0.0
CHEMBL:CHEMBL608862,0.0
TRIFLOXYSTROBIN,0.0
CHEMBL:CHEMBL163970,0.0
VITAMIN K3H2,0.0
"3,4-DIMETHOXYBENZALDEHYDE",0.0
CHEMBL:CHEMBL1099168,0.0
CINNAMTANNIN B1,0.0
PHOSALONE,0.0
CDP-850,0.0
HGS-1025,0.0
BEMIPARIN SODIUM,0.0
HUMAX-IL8,0.0
TORALIZUMAB,0.0
TRELAGLIPTIN SUCCINATE,0.0
DIGOXIGENIN,0.0
SSR128129E,0.0
TW-37,0.0
NAMOLINE,0.0
CHEMBL:CHEMBL1081326,0.0
BISDEMETHOXYCURCUMIN,0.0
RIFAMYCIN SODIUM,0.0
CHEMBL:CHEMBL490417,0.0
CHEMBL:CHEMBL200762,0.0
CHEMBL:CHEMBL592305,0.0
LULICONAZOLE,0.0
BIPHENYL-4-AMINE,0.0
CHEMBL:CHEMBL2164761,0.0
CARFENTRAZONE-ETHYL,0.0
JNJ1930942,0.0
ALPHAPRODINE HYDROCHLORIDE,0.0
UDENAFIL,0.0
UTOMILUMAB,0.0
REPARIXIN,0.0
SOTIGALIMAB,0.0
HYDROXYFLUTAMIDE,0.0
CHEMBL:CHEMBL502496,0.0
M-1095,0.0
LIPOSOMAL MUC1/PET-LIPID A VACCINE ONT-10,0.0
CHEMBL:CHEMBL587772,0.0
CONTEZOLID ACEFOSAMIL (PARENT),0.0
LIGANDROL,0.0
VANCOMYCIN,0.0
CHEMBL:CHEMBL2333548,0.0
HPTE,0.0
CHEMBL:CHEMBL599957,0.0
NITROUS OXIDE,0.0
BIS(2-ETHYLHEXYL) PHTHALATE,0.0
SACROSIDASE,0.0
SYMCLOSENE,0.0
MIMOSINE,0.0
ALVAC VACCINE,0.0
CAPROSPINOL,0.0
ANTI-CD19 CAR T CELLS AT101,0.0
EGAPTIVON PEGOL,0.0
ARRY-300,0.0
TOFISOPAM,0.0
ALEMTUZUMAB,0.0
CHEMBL:CHEMBL1256186,0.0
ASUNAPREVIR,0.0
RILONACEPT,0.0
PTC299,0.0
PENTACHLORONITROBENZENE,0.0
CHEMBL:CHEMBL535315,0.0
METACETAMOL,0.0
BACAMPICILLIN,0.0
IODINE I 131-6-BETA-IODOMETHYL-19-NORCHOLESTEROL,0.0
DIPHTHERIA TOXIN,0.0
FGF-1,0.0
GP-120 ANTIGEN,0.0
IL-9,0.0
CITRONELLYL ACETATE,0.0
CHEMBL:CHEMBL1605629,0.0
IDETREXED,0.0
ENOBOSARM,0.0
DELCASERTIB,0.0
PEPEROMIN E,0.0
RIVIPANSEL,0.0
1-PHENETHYLPIPERIDINE,0.0
RUCAPARIB PHOSPHATE,0.0
PYRAZOPHOS,0.0
TABALUMAB,0.0
ENPROFYLLINE,0.0
MITOGEN-ACTIVATED PROTEIN KINASE INHIBITOR,0.0
ICRF-193,0.0
CHEMBL:CHEMBL582030,0.0
ZOLIGRATINIB,0.0
INDOXIMOD PRODRUG NLG802,0.0
ANTI-HER2 ANTIBODY-DRUG CONJUGATE MEDI4276,0.0
ANTI-TIGIT MONOCLONAL ANTIBODY ASP8374,0.0
XMAB-2513,0.0
CHEMBL:CHEMBL402915,0.0
INTERFERON ALFACON-1,0.0
SF-22,0.0
PARAMETHASONE,0.0
FLUTICASONE FUROATE,0.0
OPORTUZUMAB MONATOX,0.0
FORALUMAB,0.0
CHEMBL:CHEMBL530682,0.0
IODINE,0.0
UPAMOSTAT,0.0
MELOGLIPTIN,0.0
TETANUS TOXOID,0.0
HEMAY-022,0.0
MEROPENEM ANHYDROUS,0.0
GINGER ALLERGENIC EXTRACT,0.0
SCY 635,0.0
OZENOXACIN,0.0
RHIGM12B7,0.0
MDX-1303,0.0
CORTIVAZOL,0.0
NERELIMOMAB,0.0
IMD-2560,0.0
MLN3126,0.0
RECOMBINANT FLT3 LIGAND,0.0
VICRIVIROC MALEATE,0.0
MK-1496,0.0
LY-3007113,0.0
INSULIN LISPRO-AABC,0.0
INSULIN ASPART PROTAMINE RECOMBINANT,0.0
DANAPAROID SODIUM,0.0
ALLOPURINOL SODIUM,0.0
FOSINOPRIL SODIUM,0.0
ANTIPYRINE,0.0
5-LOX ACTIVATING PROTEIN,0.0
[3H]A-585539,0.0
RONOMILAST,0.0
CHEMBL:CHEMBL545900,0.0
DUVORTUXIZUMAB,0.0
IROFULVEN,0.0
PARATHION,0.0
TETRANITROMETHANE,0.0
GSK494581A,0.0
SLR14,0.0
SULFONAMIDE-01,0.0
T0156,0.0
DACTHAL,0.0
SODIUM AZIDE,0.0
CHRYSOERIOL,0.0
1-HYDROXY-6-(4-HYDROXY-PHENYL)-1-PHENYL-HEXAN-3-ONE (ENANTIOMERIC MIX),0.0
CHEMBL:CHEMBL225869,0.0
CHEMBL:CHEMBL599890,0.0
CHEMBL:CHEMBL597874,0.0
COMPOUND 2C [PMID: 2153213],0.0
DICHLOROXYLENOL,0.0
ARCTIGENIN,0.0
MNI-136,0.0
"(10R)-10-METHYL-3-(6-METHYLPYRIDIN-3-YL)-9,10,11,12-TETRAHYDRO-8H-[1,4]DIAZEPINO[5',6':4,5]THIENO[3,2-F]QUINOLIN-8-ONE",0.0
ONO-9780307,0.0
PD-307243,0.0
UNOPROSTONE ISOPROPYL,0.0
CHEMBL:CHEMBL1241268,0.0
ACETOCHLOR,0.0
CHEMBL:CHEMBL310871,0.0
MEVASTATIN,0.0
GS-461203,0.0
PF-04236921,0.0
ALVOCIDIB HYDROCHLORIDE,0.0
TOTAROL,0.0
IOPAMIDOL,0.0
VGX-100,0.0
PENTAFLUORO-TRITYL CLOTRIMAZOLE ANALOGUE 29A,0.0
LBA,0.0
COMPOUND 13 [PMID: 23098072],0.0
"DES-AA1,2,5,12,13-[D-TRP8]SRIF",0.0
CICLOPIROX,0.0
EFUNGUMAB,0.0
CP94253,0.0
TEMOCAPRIL HYDROCHLORIDE,0.0
ABAPERIDONE,0.0
ANTI-ENPP3/MMAF ANTIBODY-DRUG CONJUGATE AGS-16M8F,0.0
FLORBETAPIR F-18,0.0
THYMOCTONAN,0.0
ANTI-PD-1 MONOCLONAL ANTIBODY SYM021,0.0
TOMARALIMAB,0.0
RINTATOLIMOD,0.0
VELIMOGENE ALIPLASMID,0.0
MN-305,0.0
RILOPIROX,0.0
ING-1,0.0
INSULIN SENSITIZER S-707106,0.0
TEZEPELUMAB,0.0
"2,6-DIDEHYDROPEPEROMIN B",0.0
AZD0284,0.0
AXATILIMAB,0.0
PRECLAMOL HYDROCHLORIDE,0.0
TICARCILLIN,0.0
TRAM-34,0.0
IDH2 MUTANT INHIBITOR SH1573,0.0
C-MET INHIBITOR,0.0
SILVESTROL,0.0
TRIBUTYLTIN-OXIDE,0.0
XL999,0.0
ALPHA-TERTHIENYL,0.0
GATIPOTUZUMAB,0.0
XL-019,0.0
BPI-9016,0.0
AZERCABTAGENE ZAPRELEUCEL,0.0
FAMCICLOVIR,0.0
BI6015,0.0
METHYLLYCACONITINE,0.0
(HYDROXYMETHYLPHENYL)AGOMELATINE,0.0
PYRVINIUM PAMOATE,0.0
ELSILIMOMAB,0.0
RO-5458640,0.0
"(S,R)-MEFLOQUINE",0.0
ACASUNLIMAB,0.0
[3H]D[CHA4]AVP,0.0
BAMBUTEROL,0.0
FLUROGESTONE ACETATE,0.0
ABL127,0.0
URELUMAB,0.0
GRAMICIDIN S,0.0
INTERFERON ALFA-N3,0.0
TPX-0131,0.0
HER2-TARGETED LIPOSOMAL DOXORUBICIN HYDROCHLORIDE MM-302,0.0
CHEMBL:CHEMBL1940084,0.0
APSTATIN,0.0
"2,4-DINITROPHENOL",0.0
ONCOLYSIN M,0.0
JFD00064,0.0
K185,0.0
PRT-2607,0.0
AN0128,0.0
ETELCALCETIDE,0.0
COMPOUND 23N [PMID: 24900877],0.0
[3H]DELTORPHIN II,0.0
COMPOUND 8IC [PMID: 19081254],0.0
SB-282241,0.0
RS-504393,0.0
GSK-2239633,0.0
PRASINEZUMAB,0.0
"COMPOUND 33 [TODA ET AL., 2013]",0.0
DIAPEP-277,0.0
P-BCMA-101,0.0
PAQUINIMOD,0.0
CDX-1135,0.0
FUMARIC ACID,0.0
GADOBENATE DIMEGLUMINE,0.0
EPITALON,0.0
LEUVECTIN,0.0
BROMOXYNIL,0.0
PTI-110,0.0
CSF1R INHIBITOR PLX73086,0.0
BTK INHIBITOR TL-895,0.0
MODOTUXIMAB,0.0
PMI-001,0.0
ANTI-NUCLEOLIN APTAMER AS1411,0.0
CHEMBL:CHEMBL385911,0.0
POLIDOCANOL,0.0
CHEMBL:CHEMBL375971,0.0
CHEMBL:CHEMBL2059711,0.0
ANTI-PD-L1/CD27 BISPECIFIC ANTIBODY CDX-527,0.0
FICERAFUSP ALFA,0.0
RAF INHIBITOR BDTX-4933,0.0
ENADOLINE,0.0
ANTI-CD47 MONOCLONAL ANTIBODY CC-90002,0.0
FLUFENACET,0.0
CCL2,0.0
CHEMBL:CHEMBL91638,0.0
CHEMBL:CHEMBL1687979,0.0
CHEMBL:CHEMBL576362,0.0
TORIPALIMAB-TPZI,0.0
P53 Y220C MUTANT REACTIVATOR PC14586,0.0
VCN-01,0.0
IDH2 MUTANT INHIBITOR TQB3455,0.0
MELK INHIBITOR OTS167,0.0
FLT3 INHIBITOR BMF-500,0.0
ONCOLYTIC TYPE 2 HERPES SIMPLEX VIRUS EXPRESSING GRANULOCYTE MACROPHAGE COLONY-STIMULATING FACTOR OH2,0.0
MRTX1719,0.0
(S)-23 [PMID: 27933945],0.0
CHEMBL:CHEMBL480356,0.0
BEMPEGALDESLEUKIN,0.0
ANTI-CD70 ANTIBODY-DRUG CONJUGATE MDX-1203,0.0
THERAPEUTIC TUMOR INFILTRATING LYMPHOCYTES,0.0
CHEMBL:CHEMBL269105,0.0
ICILIN,0.0
LXH254,0.0
TIPRANAVIR,0.0
CHEMBL:CHEMBL528068,0.0
1-METHYL-L-TRYPTOPHAN,0.0
COMPOUND 9 [PMID: 1992149],0.0
GALIXIMAB,0.0
SARILUMAB,0.0
CHEMBL:CHEMBL1448292,0.0
DICLOFENAC EPOLAMINE,0.0
AZD1390,0.0
P53-HDM2 INTERACTION INHIBITOR MI-773,0.0
RIGOSERTIB,0.0
RAMUCIRUMAB,0.0
APG-2575,0.0
KADCYLA,0.0
MOGAMULIZUMAB,0.0
SKF-83959,0.0
2-METHOXY-5 (6)EPOXY-TETRAHYDROCARYOPHYLLENE,0.0
AC-186,0.0
MESOTRIONE,0.0
LHVS,0.0
ETOXAZOLE,0.0
DOI,0.0
VEGFC,0.0
LYSINE,0.0
LENERCEPT,0.0
MEDI-578,0.0
CHEMBL:CHEMBL1956069,0.0
PENTAERYTHRITOL TETRANITRATE,0.0
CHEMBL:CHEMBL532909,0.0
FLURANDRENOLIDE,0.0
2-[125I]MELATONIN,0.0
IMIPENEM ANHYDROUS,0.0
BRAF(V600E) KINASE INHIBITOR ABM-1310,0.0
CHEMBL:CHEMBL2088731,0.0
FLX475,0.0
ELBASVIR/GRAZOPREVIR,0.0
MICRONOMICIN,0.0
AGANIRSEN,0.0
KERACYANIN,0.0
CARBOQUONE,0.0
KB-NB142-70,0.0
ICENTICAFTOR,0.0
TETRAMETHRIN,0.0
INSULIN DEGLUDEC,0.0
UMBRALISIB TOSYLATE,0.0
CHEMBL:CHEMBL529986,0.0
HYDROXYPROGESTERONE,0.0
CHEMBL:CHEMBL590660,0.0
XANTHINE OXIDASE INHIBITOR,0.0
SOLITOMAB,0.0
HSP90 INHIBITOR LAM-003A,0.0
SARUPARIB,0.0
CHEMBL:CHEMBL258316,0.0
FX06,0.0
RG-2833,0.0
COLTUXIMAB RAVTANSINE,0.0
PF-04634817,0.0
TOLPERISONE HYDROCHLORIDE,0.0
PROTECTIVE AGENT,0.0
ZEARALANONE,0.0
NELOTANSERIN,0.0
IMETELSTAT,0.0
ICT-121 DENDRITIC CELL VACCINE,0.0
CJ13610,0.0
GB110,0.0
[3H]BANYU (I),0.0
CEP-2563 DIHYDROCHLORIDE,0.0
RECOMBINANT MACROPHAGE COLONY-STIMULATING FACTOR,0.0
ORNITHINE DECARBOXYLASE INHIBITOR,0.0
PERAKIZUMAB,0.0
CASPASE INHIBITOR,0.0
SHO-SAIKO-TO,0.0
CHEMBL:CHEMBL2347631,0.0
CETYLPYRIDINIUM,0.0
AZAMETHIPHOS,0.0
CITICOLINE SODIUM,0.0
NONOXYNOL-9,0.0
BIAPENEM,0.0
BETA-SITOSTEROL,0.0
VARGATEF,0.0
RECOMBINANT MACROPHAGE INFLAMMATORY PROTEIN-1 ALPHA,0.0
ZEBULARINE,0.0
POLYSIALIC ACID,0.0
CHEMBL:CHEMBL172988,0.0
PTAEROXYLIN,0.0
PHENYLHYDRAZINE,0.0
NITROGEN MUSTARD HN-3,0.0
ALPHA-TOCOPHEROL ACETATE,0.0
AFASEVIKUMAB,0.0
CHEMBL:CHEMBL1684098,0.0
GAMMA-FAGARINE,0.0
ENTOLIMOD,0.0
NALUZOTAN,0.0
MEASLES VACCINE,0.0
ELIMUSERTIB,0.0
TENELIXIMAB,0.0
NF546,0.0
AUTOLOGOUS ANTI-CD19CAR-4-1BB-CD3ZETA-EGFRT-EXPRESSING T LYMPHOCYTES,0.0
DOLASTATIN 10,0.0
CHEMBL:CHEMBL109873,0.0
PEGFILGRASTIM BIOSIMILAR LA-EP2006,0.0
DELAFLOXACIN MEGLUMINE,0.0
ANTI-LAG-3/PD-L1 BISPECIFIC ANTIBODY FS118,0.0
OLAPTESED PEGOL,0.0
ULARITIDE,0.0
SPRIFERMIN,0.0
PALIFOSFAMIDE,0.0
IOWH-032,0.0
CTCE-0214,0.0
CHEMBL:CHEMBL372375,0.0
CONTUSUGENE LADENOVEC,0.0
DROTAVERIN,0.0
CEVIDOPLENIB DIMESYLATE,0.0
GUADECITABINE,0.0
BENZODODECINIUM CHLORIDE,0.0
PHENYL ISATIN,0.0
AVP-21D9,0.0
HOKT3,0.0
SOMATORELIN,0.0
ANTI-EGFRVIII IMMUNOTOXIN MR1-1,0.0
PRADEMAGENE ZAMIKERACEL,0.0
M195,0.0
ANIFROLUMAB,0.0
CHK2 INHIBITOR II,0.0
XNT [PMID: 18391097],0.0
FR260010,0.0
CORTICOSTERONE,0.0
PCC0208017,0.0
COMPOUND 14 [PMID: 34333981],0.0
TEZACAFTOR,0.0
VU0361737,0.0
COMPOUND 22A [PMID: 21688779],0.0
DACLIZUMAB,0.0
CHEMBL:CHEMBL14145,0.0
CARTPT (76-96),0.0
2-ARACHIDONOYLGLYCEROLPHOSPHOINOSITOL,0.0
FOSDAGROCORAT,0.0
BIM28011,0.0
CHEMBL:CHEMBL1836411,0.0
TOFIMILAST,0.0
TRANIMILAST,0.0
VERICIGUAT,0.0
CAMIDANLUMAB TESIRINE,0.0
ASP-3026,0.0
OLACAFTOR,0.0
CROVALIMAB,0.0
VANUTIDE CRIDIFICAR,0.0
TECLISTAMAB-CQYV,0.0
TIRAGOLUMAB,0.0
IERAMILIMAB,0.0
CEDELIZUMAB,0.0
AZD3199,0.0
NS-018,0.0
MK-0533,0.0
VILANTEROL .ALPHA.-PHENYL CINNAMATE,0.0
DIETHYLCARBAMAZINE,0.0
BETAMETHASONE BENZOATE,0.0
BENZQUINAMIDE HYDROCHLORIDE,0.0
CHEMBL:CHEMBL1534035,0.0
METHYL YELLOW,0.0
EFTILAGIMOD ALPHA,0.0
CS-1003,0.0
EZUTROMID,0.0
ZABOFLOXACIN,0.0
CHEMBL:CHEMBL1363033,0.0
[125I]TYR10NPS (HUMAN),0.0
ENMD-1198,0.0
OPIORPHIN,0.0
RAXIBACUMAB,0.0
MOEXIPRIL HYDROCHLORIDE,0.0
CHEMBL:CHEMBL113897,0.0
SALVIANOLIC ACID B,0.0
7-O-METHYLCRYPTOCHINONE A,0.0
CGP-71683A,0.0
TELAPRISTONE ACETATE,0.0
MIRIPIRIUM CHLORIDE,0.0
RY024,0.0
LB42908,0.0
22R-HYDROXYCHOLESTEROL,0.0
CILOFEXOR,0.0
CHEMBL:CHEMBL332670,0.0
LY3154885,0.0
COMPOUND 4 [PMID: 26191369],0.0
THROMBOPOIETIN,0.0
SVN53-67/M57-KLH PEPTIDE VACCINE,0.0
VAMOTINIB,0.0
FLUVOXAMINE MALEATE,0.0
TEPOTINIB HYDROCHLORIDE,0.0
TEGOPRAZAN,0.0
[ILE5]PTHRP-(1-36) (HUMAN),0.0
MRT-92,0.0
SR8278,0.0
RIPK2 INHIBITOR 5,0.0
BALAGLITAZONE,0.0
INSULIN ZINC SUSP RECOMBINANT HUMAN,0.0
CHEMBL:CHEMBL416038,0.0
CHOLINE FENOFIBRATE,0.0
2'-EPI-TUBERATOLIDE B,0.0
PEGINESATIDE ACETATE,0.0
"[ILE5,TRP23]PTHRP-(5-36) (HUMAN)",0.0
AR-C118925XX,0.0
THE-630,0.0
SAFUSIDENIB,0.0
ANTI-PD1 MONOCLONAL ANTIBODY,0.0
TOFOGLIFLOZIN ANHYDROUS,0.0
[125I]RELAXIN (HUMAN),0.0
DIOLEOYLPHOSPHATIDIC ACID,0.0
PAN-RAF INHIBITOR LY3009120,0.0
MRL24,0.0
&ALPHA;-CONOTOXIN ARIB,0.0
CBOBNEA,0.0
CHEMBL:CHEMBL1256863,0.0
FARNESYL THIODIPHOSPHATE,0.0
AP1189,0.0
ONO-3080573,0.0
ONO-9910539,0.0
NSC61610,0.0
PTHRP-(1-36),0.0
GRASP,0.0
COMPOUND 51 [PMID: 18800762],0.0
AZ6102,0.0
DS-3078A,0.0
SELONSERTIB,0.0
BMS-698769,0.0
CARIPRAZINE HYDROCHLORIDE,0.0
LOXAPINE HYDROCHLORIDE,0.0
OLANZAPINE PAMOATE,0.0
VISILIZUMAB,0.0
CM-352,0.0
GNE-8505,0.0
ETEPLIRSEN,0.0
DAPIROLIZUMAB PEGOL,0.0
TADOCIZUMAB,0.0
BAMINERCEPT ALFA,0.0
ENOKIZUMAB,0.0
VARESPLADIB METHYL,0.0
TELBERMIN,0.0
AFELIMOMAB,0.0
SR-0813,0.0
MK-7246,0.0
ORDOPIDINE,0.0
GB88,0.0
DH97,0.0
COMPOUND 4F [PMID: 34328319],0.0
&GAMMA;-MSH,0.0
JNJ-67856633,0.0
KYT-0353,0.0
UROCORTIN 3,0.0
LITENIMOD,0.0
"[ALA1,12,AIB3,GLN10,HARG11,TRP14,ARG19]PTH-(1-28)-NH2 (HUMAN)",0.0
"COMPOUND 9 [LIN ET AL., 2023]",0.0
CHORIOMAMMOTROPIN,0.0
MRS2693,0.0
VONLEROLIZUMAB,0.0
NEUROPEPTIDE S,0.0
LY 156735,0.0
CHEMBL:CHEMBL599102,0.0
BRASOFENSINE,0.0
ISO-1,0.0
TASQUINIMOD,0.0
ANTI-CD7 CAR T CELLS PREPARATION,0.0
CHEMBL:CHEMBL520095,0.0
CHLOROXYLENOL,0.0
TUBERATOLIDE B,0.0
ZOPOLRESTAT,0.0
ICOA-13,0.0
S26131,0.0
GR 128107,0.0
UCM 454,0.0
DEL-22379,0.0
TIROTUNDIN,0.0
MRL20,0.0
SLIGKV-NH2,0.0
MRS2578,0.0
MRS4625,0.0
BALSALAZIDE DISODIUM,0.0
FLUPHENAZINE DECANOATE,0.0
HSP90 INHIBITOR,0.0
COMPOUND 41 [PMID: 25000588],0.0
XANTHOHUMOL,0.0
TIP39,0.0
MRS2905,0.0
BETAZOLE,0.0
ANTI-EGFR MONOCLONAL ANTIBODY GT-MAB 5.2-GEX,0.0
GANODERIC ACID TR,0.0
NETOGLITAZONE,0.0
CHEMBL:CHEMBL2347632,0.0
COMPOUND 31 [PMID: 31259550],0.0
MAGNESIUM SULFATE ANHYDROUS,0.0
PENCYCURON,0.0
GLUTARAL,0.0
DEPATUXIZUMAB,0.0
CCT-018159,0.0
TILARGININE ACETATE,0.0
ENDOSTATIN,0.0
PARECOXIB,0.0
BGC-20-1531,0.0
PARIDIPRUBART,0.0
PIMAGEDINE,0.0
ANTI-EGFR MONOCLONAL ANTIBODY SYN004,0.0
ODRONEXTAMAB,0.0
GEPTANOLIMAB,0.0
"2-METHYL-5,7,8-TRIMETHOXYISOFLAVONE",0.0
SAVOLITINIB,0.0
IMARIKIREN HYDROCHLORIDE,0.0
AZD1678,0.0
REMIKIREN,0.0
CHEMBL:CHEMBL1547715,0.0
CHEMBL:CHEMBL1873045,0.0
ML1-SA1,0.0
SF-51,0.0
CHOLESTEROL,0.0
[35S]IBUTAMOREN,0.0
AZD8330,0.0
KML29,0.0
GANGLIOSIDE GM2,0.0
COMPOUND 10 [PMID: 23147077],0.0
(+)-MCPG,0.0
TULOBUTEROL,0.0
CHEMBL:CHEMBL609570,0.0
AZD9567,0.0
PARAOXON,0.0
ACEMETACIN,0.0
APRINOCARSEN,0.0
RPSGL-IG,0.0
BPH-675,0.0
MEPREDNISONE,0.0
ETIGILIMAB,0.0
LORNEIC ACID A,0.0
AZD9898,0.0
MLN8054,0.0
RM-2 GA-68,0.0
CHLOROTRIANISENE,0.0
MEK INHIBITOR RO4987655,0.0
S26284,0.0
JB991,0.0
"INSULIN GLULISINE, HUMAN",0.0
ARDEPARIN SODIUM,0.0
GSK-1070806,0.0
QUAVONLIMAB,0.0
BPH-608,0.0
MM-121,0.0
KD3010,0.0
6BETA-HYDROXYTESTOSTERONE,0.0
[3H]&ALPHA;-BUNGAROTOXIN,0.0
UMI-77,0.0
1-HYDROXY-4-ETHOXYBENZENE,0.0
"ESTROGENS, CONJUGATED SYNTHETIC A",0.0
CHEMBL:CHEMBL2063052,0.0
DRUGSATFDA.NDA:016727,0.0
MESORIDAZINE BESYLATE,0.0
PENTAMETHYLQUERCETIN,0.0
METHOTREXATE SODIUM,0.0
ERITORAN,0.0
MOLINATE,0.0
LUCATUMUMAB,0.0
APLINDORE FUMARATE,0.0
SAR-405838,0.0
IVUXOLIMAB,0.0
CFZ533,0.0
MK-0159,0.0
E913,0.0
CHEMBL:CHEMBL2204495,0.0
GSK3685032,0.0
TOPIROXOSTAT,0.0
RIMACALIB,0.0
IMB-808,0.0
GUSPERIMUS TRIHYDROCHLORIDE,0.0
ORSELLINIC ACID,0.0
DBPR-108,0.0
DEPATUXIZUMAB MAFODOTIN,0.0
MULTI-AGC KINASE INHIBITOR AT13148,0.0
FGFR3 INHIBITOR TYRA-300,0.0
HJC0152,0.0
HMN-214,0.0
FGFR4 INHIBITOR H3B-6527,0.0
LY3463251,0.0
TP0472993,0.0
BIVALIRUDIN,0.0
COMPOUND 7F [PMID: 29283260],0.0
SCIO-323,0.0
PLX-5622,0.0
CAL-263,0.0
AS-703988,0.0
SB236057,0.0
COMPOUND 33 [PMID: 17574412],0.0
COMPOUND 1 [PMID: 16821802],0.0
AC265347,0.0
2-[METHYL-(5-GERANYL-4-METHYL-PENT-3-ENYL)-AMINO]-ETHYL-DIPHOSPHATE,0.0
S416,0.0
TL1A,0.0
AZD2098,0.0
BMS-741672,0.0
AC-DEVD-CHO,0.0
INHIBITOR E4,0.0
WWL123,0.0
LYSERGOL,0.0
E-6201,0.0
SR16234,0.0
CP-122288,0.0
SIRUKUMAB,0.0
ENSACULIN HYDROCHLORIDE,0.0
PIMAVANSERIN,0.0
AD5075,0.0
SAGE-718,0.0
OMBURTAMAB I-131,0.0
HSP90 INHIBITOR DEBIO 0932,0.0
CHARYBDOTOXIN-GLU32 ANALOG,0.0
SODELGLITAZAR,0.0
DELAPRIL,0.0
LY-2624587,0.0
NMS-1286937,0.0
TAK-285,0.0
LEUKOCYTE INTERLEUKIN,0.0
CY-1503,0.0
SASANLIMAB,0.0
VOBARILIZUMAB,0.0
ANTROQUINONOL,0.0
COMPOUND 42 [PMID: 17574411],0.0
Z-DEVD-FMK,0.0
AG+,0.0
CHLORMADINONE,0.0
"&ALPHA;-CONOTOXIN MII [H9A, L15A]",0.0
ZALOGLANSTAT,0.0
MNI-137,0.0
MBP10,0.0
OPNURASIB,0.0
BARDOXOLONE,0.0
AM3,0.0
THIOUREIDOBUTYRONITRILE,0.0
MOFEZOLAC,0.0
TOLOXATONE,0.0
GSK-1995057,0.0
MLNM-2201,0.0
TAPLITUMOMAB PAPTOX,0.0
BEXAGLIFLOZIN,0.0
CARMEGLIPTIN,0.0
GSK163090,0.0
TRICIRIBINE PHOSPHATE,0.0
RA839,0.0
ACRYLAMIDE,0.0
HERBIMYCIN,0.0
E1501,0.0
CHEMBL:CHEMBL586024,0.0
SHU9119,0.0
CHEMBL:CHEMBL2022241,0.0
MELENGESTROL ACETATE,0.0
CHEMBL:CHEMBL316796,0.0
RO-7121661,0.0
CHEMBL:CHEMBL579957,0.0
DSTBULET,0.0
PF-04217903,0.0
RUNCACIGUAT,0.0
LERIGLITAZONE,0.0
RODATRISTAT ETHYL,0.0
VILAPRISAN,0.0
IDH305,0.0
LAFUTIDINE,0.0
SITAFLOXACIN,0.0
LASOFOXIFENE,0.0
GEMIGLIPTIN,0.0
PI3KBETA INHIBITOR AZD8186,0.0
ESTRADIOL PHOSPHATE,0.0
CHEMBL:CHEMBL1561747,0.0
BENFLUOREX HYDROCHLORIDE,0.0
VIXTIMOTAMAB,0.0
KANZONOL X,0.0
TRYPTANTHRIN 5I,0.0
CARLUMAB,0.0
CHEMBL:CHEMBL373822,0.0
COMPOUND (S)-3H [PMID: 15686947],0.0
METHIDATHION,0.0
FEDRATINIB HYDROCHLORIDE,0.0
MEDI-3617,0.0
AKT INHIBITOR LY2780301,0.0
DINITRO CRESOL,0.0
BI-836858,0.0
RMC-5552,0.0
LACTULOSE,0.0
PAMREVLUMAB,0.0
CALCIUM,0.0
CP-461,0.0
METHYLPREDNISOLONE ACETATE,0.0
VILANTEROL TRIFENATATE,0.0
ERK1/2 INHIBITOR ERAS-007,0.0
PLX7486,0.0
RP-6306,0.0
SOTRASTAURIN ACETATE,0.0
COMPOUND 15 [PMID: 24900237],0.0
AZD-4769,0.0
TELISOTUZUMAB,0.0
GLPG0492,0.0
FENOPROFEN CALCIUM,0.0
YTTRIUM (90Y) CLIVATUZUMAB TETRAXETAN,0.0
TRIAMCINOLONE DIACETATE,0.0
FLUOROMETHOLONE ACETATE,0.0
PREDNISOLONE SODIUM PHOSPHATE,0.0
GSK2881078,0.0
SIMEPREVIR SODIUM,0.0
VU0155041,0.0
AZD8529,0.0
DALMELITINIB,0.0
NOLATREXED,0.0
LY2623091,0.0
MU-BC-1,0.0
LUMRETUZUMAB,0.0
ANTI-TAC 90 Y-HAT,0.0
HUMAX-IL15,0.0
CINPANEMAB,0.0
TUCOTUZUMAB CELMOLEUKIN,0.0
NIVOCASAN,0.0
IXEKIZUMAB,0.0
RESLIZUMAB,0.0
AZD4818,0.0
CHEMBL:CHEMBL225563,0.0
SC-80036,0.0
AC-430,0.0
BMS-794833,0.0
XL550,0.0
TAK-960,0.0
WHI-P131,0.0
SB-85635,0.0
CAULIBUGULONE B,0.0
AZD-3759,0.0
XESTOSPONGIN C,0.0
CHEMBL:CHEMBL2207339,0.0
GERANIOL,0.0
(2-NITROVINYL)BENZENE,0.0
ESTRADIOL PROPIONATE,0.0
CHEMBL:CHEMBL576353,0.0
FENOVERINE,0.0
CXCL17,0.0
VONICOG ALFA,0.0
JATRORRHIZINE,0.0
AZD0156,0.0
5-(NONYLOXY)-TRYPTAMINE,0.0
PIDNARULEX,0.0
BEPERMINOGENE PERPLASMID,0.0
CHEMBL:CHEMBL1548739,0.0
PHLORIZIN,0.0
ROBLITINIB,0.0
MRS2698,0.0
ASN06356088,0.0
VEGFE,0.0
NOMEGESTROL,0.0
OXYGEN THERAPY,0.0
VINDESINE SULFATE,0.0
KHK-2866,0.0
S-222611,0.0
ECRAPROST,0.0
CARMOXIROLE,0.0
APG-1387,0.0
L-165461,0.0
LOBAPLATIN,0.0
IMIPENEM-CILASTATIN SODIUM,0.0
KLEBSIELLA PNEUMONIAE GLYCOPROTEIN,0.0
MILBEMYCIN A4,0.0
INTERLEUKIN-12 GENE,0.0
NAFOXIDINE,0.0
SIMEPREVIR,0.0
MALTOTRIOSE,0.0
DOCUSATE SODIUM,0.0
SYRINGARESINOL,0.0
CHEMBL:CHEMBL590422,0.0
CHEMBL:CHEMBL446567,0.0
INSULIN PURIFIED PORK,0.0
VERALIPRIDE,0.0
ALT-803,0.0
(R)-DOI,0.0
URIC ACID,0.0
VIPOGLANSTAT,0.0
OBEFAZIMOD,0.0
PF-00217830,0.0
AMG553,0.0
ABIVERTINIB MALEATE,0.0
BELAPECTIN,0.0
RG-7444,0.0
BSAB (CD89-CD20),0.0
FENCLOFENAC,0.0
CANTUZUMAB RAVTANSINE,0.0
GANTENERUMAB,0.0
GSK159802,0.0
SERIDOPIDINE,0.0
TRICETAMIDE,0.0
LS-104,0.0
FINAFLOXACIN,0.0
CHEMBL:CHEMBL601547,0.0
STM2457,0.0
CHEMBL:CHEMBL1256885,0.0
NEOCHAMAEJASMIN A,0.0
BENOMYL,0.0
CHEMBL:CHEMBL415893,0.0
PENFLURIDOL,0.0
N6-BENZYLADENOSINE,0.0
MOSAPRAMINE,0.0
CHEMBL:CHEMBL2178583,0.0
CBIPES,0.0
"1,2-DIHYDROXYNAPHTHALENE",0.0
WAY200070,0.0
TRIPHENYLBISMUTHINE,0.0
CANTHIN-6-ONE,0.0
SEROTONIN HYDROCHLORIDE,0.0
FGFR INHIBITOR CPL304110,0.0
EC 5-21,0.0
INOTUZUMAB,0.0
ANTISAUVAGINE,0.0
TRIAMCINOLONE HEXACETONIDE,0.0
4-APPES,0.0
MINOPAFANT,0.0
COMPOUND 7D [PMID: 19111466],0.0
GAVESTINEL SODIUM,0.0
CHEMBL:CHEMBL595912,0.0
TIPLASININ,0.0
ACETAMIDE,0.0
DAPHNORETIN,0.0
SECRAMINE B,0.0
CHEMBL:CHEMBL600342,0.0
SPERMINE TETRAHYDROCHLORIDE,0.0
CHEMBL:CHEMBL2062863,0.0
CHEMBL:CHEMBL2062277,0.0
BENZOXIQUINE,0.0
BUNAMIDINE HYDROCHLORIDE,0.0
CLOCAPRAMINE,0.0
CHEMBL:CHEMBL1385558,0.0
DIHYDRALAZINE,0.0
R-348,0.0
GLYCITEIN,0.0
CHEMBL:CHEMBL135115,0.0
NONYL 4-HYDROXYBENZOATE,0.0
DEFLAZACORT,0.0
MONASTROL,0.0
NODAGA-[TYR3]-OCTREOTIDE,0.0
TESTOSTERONE CYPIONATE,0.0
HYDROCORTISONE ACETATE,0.0
B-RAF/VEGFR-2 INHIBITOR RAF265,0.0
CHEMBL:CHEMBL502242,0.0
CHEMBL:CHEMBL477841,0.0
DEHYDROEPIANDROSTERONE ACETATE,0.0
CHEMBL:CHEMBL253786,0.0
LICOFLAVANONE A,0.0
AVOCADYNE ACETATE,0.0
CHEMBL:CHEMBL590408,0.0
KINETIN RIBOSIDE,0.0
OXYPHENISATIN ACETATE,0.0
CHEMBL:CHEMBL528390,0.0
BENORILATE,0.0
CHEMBL:CHEMBL580918,0.0
BISLEUCONOTHINE A,0.0
THIOSALICYLIC ACID,0.0
6-CHLORONICOTINIC ACID,0.0
EPZ005687,0.0
N- (9-FLUORENYLMETHOXYCARBONYL)-L-LEUCINE,0.0
CHEMBL:CHEMBL2063681,0.0
PHYTANIC ACID,0.0
CHEMBL:CHEMBL91163,0.0
OXOTREMORINE METHIODIDE,0.0
2-ACETYLAMINOFLUORENE,0.0
NITROBLUE TETRAZOLIUM CHLORIDE,0.0
LEVISOPRENALINE,0.0
HEPTACHLOR,0.0
BROMODIOLONE,0.0
SHINFLAVANONE,0.0
FENHEXAMID,0.0
CHEMBL:CHEMBL1797713,0.0
TOLYLFLUANID,0.0
NIMETAZEPAM,0.0
HYDROCORTISONE SODIUM SUCCINATE,0.0
XENTUZUMAB,0.0
NMS-P715,0.0
FLT3 TYROSINE KINASE INHIBITOR TTT-3002,0.0
HGS-TR2J,0.0
GTI-2501,0.0
THERAPEUTIC AUTOLOGOUS DENDRITIC CELLS,0.0
GLABRIDIN,0.0
HYDROCORTISONE VALERATE,0.0
EXALAMIDE,0.0
DINITROPHENYLENE,0.0
ESTRADIOL DIPROPIONATE,0.0
BCY15291,0.0
BUCILLAMINE,0.0
"L-744,832",0.0
GUANIDINIUM CATION,0.0
LISOFYLLINE,0.0
ACROLEIN,0.0
PIMONIDAZOLE,0.0
FGF-6,0.0
POLY IC,0.0
THIDIAZURON,0.0
CHEMBL:CHEMBL138061,0.0
TETRAHYDROCURCUMIN,0.0
CHEMBL:CHEMBL1834096,0.0
ANTHRAQUINONE,0.0
INFIGRATINIB PHOSPHATE,0.0
PHENYLETHYL ALCOHOL,0.0
BOVINE PITUITARY EXTRACT,0.0
MICELLAR PACLITAXEL,0.0
AMINOLEVULINIC ACID,0.0
TOPOISOMERASE-II-BETA INHIBITOR RACEMIC XK469,0.0
VU0650786,0.0
SULFACARBAMIDE,0.0
CHEMBL:CHEMBL2178596,0.0
CHEMBL:CHEMBL2347633,0.0
CHEMBL:CHEMBL1326758,0.0
PHATHALIMIDE,0.0
PURINE ANTAGONIST,0.0
MILADEMETAN,0.0
CHEMBL:CHEMBL459729,0.0
GSK583,0.0
VU0359516,0.0
GS-444217,0.0
DENFIVONTINIB HYDROCHLORIDE,0.0
CHEMBL:CHEMBL1833984,0.0
COMPOUND 56 [PMID: 36136378],0.0
BLZ945,0.0
NEMONOXACIN,0.0
BONE METASTASIS TARGETING PEPTIDE-11,0.0
C391,0.0
GLPG-1837,0.0
ANTI-PD-L1 MONOCLONAL ANTIBODY MDX-1105,0.0
BAZEDOXIFENE,0.0
NOSCAPINE,0.0
FARICIMAB,0.0
VIBOSTOLIMAB,0.0
PNEUMOCOCCAL POLYVALENT VACCINE,0.0
BUPIRIMATE,0.0
DIMETHENAMID,0.0
IDECABTAGENE VICLEUCEL,0.0
DA-8031,0.0
IODINE I 124 OMBURTAMAB,0.0
PF-06747143,0.0
ICO-007,0.0
HUANG LIAN,0.0
MCL0129,0.0
NEDOMETINIB,0.0
ANTIPLATELET AGENT,0.0
TRIVALENT INFLUENZA VACCINE,0.0
GUNAGRATINIB,0.0
BIFENOX,0.0
SULCONAZOLE NITRATE,0.0
PIRPROFEN,0.0
BECTUMOMAB,0.0
MUTANT-SELECTIVE PI3K-ALPHA H1047R INHIBITOR LOXO-783,0.0
BEMCENTINIB,0.0
MEK 1/2 INHIBITOR FCN-159,0.0
RO-4987655,0.0
SAR-260301,0.0
GMI-1359,0.0
PENTOSALEN,0.0
POLO-LIKE KINASE 1 INHIBITOR GSK461364,0.0
YTTRIUM Y 90 IBRITUMOMAB TIUXETAN,0.0
PJ34,0.0
CERALASERTIB,0.0
INSULIN ZINC SUSP PROMPT BEEF,0.0
INSULIN ZINC SUSP EXTENDED BEEF,0.0
RANITIDINE BISMUTH CITRATE,0.0
CT-011,0.0
INSULIN TREGOPIL,0.0
CHEMBL:CHEMBL600701,0.0
MIROCOCEPT,0.0
AS-1403,0.0
OCARATUZUMAB,0.0
AMG-820,0.0
CHEMBL:CHEMBL268584,0.0
GANGLEOIDIN ACETATE,0.0
METRIBUZIN,0.0
LEMILDIPINE,0.0
CITRONELLOL,0.0
BANOXANTRONE,0.0
G4460,0.0
2-MERCAPTOPYRIMIDINE,0.0
CHEMBL:CHEMBL589734,0.0
DOLASTATIN 12,0.0
CHEMBL:CHEMBL528712,0.0
INDOCATE,0.0
TOLUENE DIISOCYANATE,0.0
CHLOROTRIPHENYLSTANNANE,0.0
CHEMBL:CHEMBL2062868,0.0
PESUDOGINSENOSIDE RP1 METHYL ESTER,0.0
5-METHOXY-LUZINDOLE,0.0
PU-H71,0.0
AZ3451,0.0
5S-HPETE,0.0
5S-HETE,0.0
QA1,0.0
PI1,0.0
LUF7244,0.0
BIBF-1202,0.0
GERANYLGERANYL DIPHOSPHATE,0.0
MRS4183,0.0
BIMEKIZUMAB,0.0
ABD-1970,0.0
UDP-GLUCURONIC ACID,0.0
COMPOUND 26 [PMID: 31710475],0.0
DOLICHOL PHOSPHATE,0.0
SGX-523,0.0
AZD3778,0.0
(R)-5-DIPHOSPHOMEVALONATE,0.0
[3H]2-FUROYL-LIGRL-NH2,0.0
2-FUROYL-LIGRL[N[3H]PROPIONYL]-O-NH2,0.0
5BRUTP,0.0
PRAZIQUANTEL,0.0
VCCL4,0.0
ONAMETOSTAT,0.0
OMIDENEPAG ISOPROPYL,0.0
CH 275,0.0
BETIFISOLIMAB,0.0
VESATOLIMOD,0.0
AZD-8848,0.0
CH-4051,0.0
MDX-1411,0.0
HSP90 INHIBITOR BIIB021,0.0
REACTIVE BLUE-2,0.0
LMB-2,0.0
FEZAKINUMAB,0.0
SAR-113945,0.0
RANIRESTAT,0.0
LONODELESTAT,0.0
RECOMBINANT HUMAN KALLIKREIN-1,0.0
AGT-182,0.0
DIFELIKEFALIN,0.0
GSK2831781,0.0
AUTOLOGOUS NKG2D CAR-CD3ZETA-DAP10-EXPRESSING T-LYMPHOCYTES CYAD-01,0.0
BAZLITORAN,0.0
TAS-117,0.0
CJM-112,0.0
SERPLULIMAB,0.0
SIFALIMUMAB,0.0
ETIPREDNOL DICLOACETATE,0.0
FASINUMAB,0.0
SURVIVIN MRNA ANTAGONIST EZN-3042,0.0
FELZARTAMAB,0.0
ALEFACEPT,0.0
MIBAVADEMAB,0.0
AXICABTAGENE CILOLEUCEL,0.0
AUTOLOGOUS CD30CAR-CD28-CD3ZETA-EXPRESSING T-LYMPHOCYTES,0.0
[125I]TYR-ALA-HEXARELIN,0.0
COMPOUND 16 [PMID: 18800762],0.0
EPIPREGNANOLONE SULPHATE,0.0
9-PHENANTHROL,0.0
LPS,0.0
MC2050,0.0
"DES-ALA1,2,5-[D-TRP8,IAMP9]SRIF",0.0
D6808,0.0
5-OXO-15-HETE,0.0
5-OXO-20-HETE,0.0
PHA-709829,0.0
[125I]DIV880,0.0
S20928,0.0
JJKK 048,0.0
COMPOUND 36 [PMID: 32429662],0.0
VU0092145,0.0
GE-137,0.0
DIMETHYLALLYL DIPHOSPHATE,0.0
COMPOUND 25 [PMID: 20855207],0.0
[125I]SHU9119,0.0
"3-BICYCLO[2.2.1]HEPT-2-YL-BENZENE-1,2-DIOL",0.0
VU0240551,0.0
JDTIC,0.0
E2078,0.0
NALFURAFINE,0.0
[CY5-LYS19]NPS,0.0
CHEMBL:CHEMBL118280,0.0
"FUCHSIN, BASIC",0.0
TIPRELESTAT,0.0
INTERLEUKIN-3,0.0
VACCINE ADJUVANT,0.0
RILVEGOSTOMIG,0.0
PHOTOSENSITIZING AGENT,0.0
CHEMBL:CHEMBL211042,0.0
ALFERMINOGENE TADENOVEC,0.0
OLEOCANTHAL,0.0
ISATUXIMAB,0.0
BL-1020,0.0
PFK-158,0.0
TOSITUMOMAB,0.0
DECITABINE AND CEDAZURIDINE,0.0
CINTIRORGON,0.0
OSI-461,0.0
CYANIDIN,0.0
APARARENONE,0.0
CHEMBL:CHEMBL1784521,0.0
NOVAFERON,0.0
(S)-NITRENDIPINE,0.0
CHIR-124,0.0
MDX-1342,0.0
EFATUTAZONE,0.0
VIC 1911,0.0
FALDAPREVIR,0.0
EMTRICITABINE/TENOFOVIR/EFAVIRENZ,0.0
PACRITINIB CITRATE,0.0
V24343,0.0
SB-559448,0.0
PONEZUMAB,0.0
TALNIFLUMATE,0.0
TAFASITAMAB,0.0
YM-254890,0.0
FLUOCINONIDE,0.0
EW-A-401,0.0
EFATUTAZONE DIHYDROCHLORIDE,0.0
BELAGENPUMATUCEL-L,0.0
PLACULUMAB,0.0
APC-100,0.0
CAPLACIZUMAB-YHDP,0.0
KEYHOLE LIMPET HEMOCYANIN,0.0
RECOMBINANT INTERFERON GAMMA,0.0
TELRATOLIMOD,0.0
BERKELEYACETAL C,0.0
METHYL ISOBUTYL KETONE,0.0
ALTRENOGEST,0.0
NICOXAMAT,0.0
CHEMBL:CHEMBL591630,0.0
CHEMBL:CHEMBL1224312,0.0
IOPHENOXIC ACID,0.0
CHEMBL:CHEMBL583351,0.0
CHEMBL:CHEMBL457246,0.0
CHEMBL:CHEMBL579725,0.0
CHEMBL:CHEMBL528451,0.0
TIVOZANIB HYDROCHLORIDE,0.0
ZOXAMIDE,0.0
TFMPP,0.0
NERINETIDE,0.0
U0126,0.0
COMPOUND 11 [PMID: 37449845],0.0
GA-NODAGA-LM3,0.0
CHORIONIC SOMATOMAMMOTROPIN HORMONE-LIKE 1,0.0
K31440,0.0
RAD-140,0.0
ZOTATIFIN,0.0
MRK-003,0.0
ENGINEERED TOXIN BODY TARGETING PD-L1 MT-6402,0.0
NOFAZINLIMAB,0.0
ENAVOGLIFLOZIN,0.0
TYROSINE KINASE INHIBITOR SU5402,0.0
AUTOLOGOUS ANTI-CD19 CAR T-CELLS IM19,0.0
AFM-11,0.0
ANTI-MET/EGFR MONOCLONAL ANTIBODY LY3164530,0.0
IMMUCIN,0.0
ISOFENPHOS,0.0
ATX-101,0.0
DARBUFELONE,0.0
PAZOPANIB HYDROCHLORIDE,0.0
PD173955,0.0
WAY-163909,0.0
ANTI-TIM3 MONOCLONAL ANTIBODY LY3321367,0.0
SCLAREOL,0.0
IODOFORM,0.0
NAFTIDROFURYL,0.0
MAXY-G34,0.0
GRAZOPREVIR,0.0
[3H]JNJ-40068782,0.0
GSK1331258,0.0
AGOUTI-RELATED PROTEIN,0.0
PECAZINE,0.0
NS6180,0.0
GLYCOPEG-GCSF,0.0
GASTRIN IMMUNOTOXIN,0.0
ARCHEXIN,0.0
CANOCTAKIN,0.0
DROSPIRENONE,0.0
ANDROGEN RECEPTOR ANTISENSE OLIGONUCLEOTIDE EZN-4176,0.0
CPG 10101,0.0
ONALESPIB,0.0
PITRAKINRA,0.0
SOFOSBUVIR/VELPATASVIR,0.0
ALDOPHOSPHAMIDE,0.0
L-METHYLFOLATE,0.0
GLATIRAMER,0.0
NUTLIN-3,0.0
COMPOUND 10 [PMID: 31411465],0.0
COUMAPHOS,0.0
LIFITEGRAST,0.0
ANTI-CD22 CAR T CELLS PREPARATION,0.0
DENINTUZUMAB MAFODOTIN,0.0
TALIMOGENE LAHERPAREPVEC,0.0
LBY-135,0.0
MET TYROSINE KINASE INHIBITOR SGX523,0.0
TAGRAXOFUSP-ERZS,0.0
TEZACAFTOR AND IVACAFTOR,0.0
VUDALIMAB,0.0
DAZOMET,0.0
PSI-697,0.0
BROMEBRIC ACID,0.0
TETRACONAZOLE,0.0
CHEMBL:CHEMBL587389,0.0
CYNAROPICRIN,0.0
DICARBONODITHIOIMIDIC DIAMIDE,0.0
CHEMBL:CHEMBL1529479,0.0
TABERMINOGENE VADENOVEC,0.0
GI-4000,0.0
RXP470.1,0.0
LEVOLEUCOVORIN,0.0
UCM 793,0.0
CHEMBL:CHEMBL394883,0.0
UK-356618,0.0
COMPOUND 20 [PMID: 22153340],0.0
ETHAVERINE,0.0
THIOCTIC ACID,0.0
RINFABATE,0.0
SURATADENOTUREV,0.0
HUMAN INTERLEUKIN-2,0.0
MAVEROPEPIMUT-S,0.0
EFPPEA,0.0
HE3286,0.0
TAS-108,0.0
CASIMERSEN,0.0
DIAZOOXONORLEUCINE,0.0
1-NITROPYRENE,0.0
COPPER CHLORIDE,0.0
CHEMBL:CHEMBL73380,0.0
IPCONAZOLE,0.0
CINOBUFOTALIN,0.0
BETA-GLUCAN,0.0
LOTAMILAST,0.0
HCBE-11,0.0
BINDARIT,0.0
TLR7 AGONIST 852A,0.0
INTERLEUKIN-2 GENE,0.0
RECOMBINANT INTERLEUKIN-1-BETA,0.0
CDK INHIBITOR AT7519,0.0
CHEMBL:CHEMBL460293,0.0
ABT-510,0.0
CHOLINE CHLORIDE,0.0
AUTOLOGOUS CD19CAR-CD28-CD137/CD27/CD3ZETA-ICASP9-EXPRESSING T-LYMPHOCYTES,0.0
CHEMBL:CHEMBL1481721,0.0
PHENOXYCARB,0.0
AMOROLFINE,0.0
BENZALDEHYDE,0.0
EOSIN_Y,0.0
MADOLIN T,0.0
NF340,0.0
NF770,0.0
&ALPHA;-CONOTOXIN MI,0.0
Z-DQMD-FMK,0.0
AR-20.5,0.0
DICHLOFLUANID,0.0
"[125I][TYR3,THR8]OCTREOTIDE",0.0
CHEMBL:CHEMBL548540,0.0
JNJ-27141491,0.0
KBP5209,0.0
GW0072,0.0
CIMIFUGIN,0.0
MENERBA,0.0
CHEMBL:CHEMBL89250,0.0
DEFOSLIMOD,0.0
IMC-CS4,0.0
ESTRADIOL CYPIONATE,0.0
METHOXY POLYETHYLENE GLYCOL-EPOETIN BETA,0.0
TEBIPENEM,0.0
SIPLIZUMAB,0.0
HYDRONIDONE,0.0
AUTOLOGOUS PROSTATE CANCER ANTIGEN-EXPRESSING DENDRITIC CELL VACCINE BPX-101,0.0
LIRIMILAST,0.0
IMO-2055,0.0
WP-1066,0.0
PEGINTERFERON BETA-1A,0.0
ONTORPACEPT,0.0
AZ10417808,0.0
AZ20,0.0
(+)-WAY 100135,0.0
INO-1001,0.0
TG100-115,0.0
PARP-1/2 INHIBITOR ABT-767,0.0
DOCIPARSTAT SODIUM,0.0
ILACIRNON,0.0
BRILANESTRANT,0.0
CVX-241,0.0
SACUBITRIL/VALSARTAN,0.0
NVP-AAM077,0.0
VELSECORAT,0.0
YIL781,0.0
GSK1614343,0.0
"R,R-THC",0.0
NEUREGULIN-3,0.0
QUEMLICLUSTAT,0.0
RO116-9132/238,0.0
COMPOUND 6 [PMID: 10395480],0.0
NISEVOKITUG,0.0
CDK9 INHIBITOR AZD4573,0.0
INSM-18,0.0
IAP INHIBITOR HGS1029,0.0
COMPOUND 10 [PMID: 19402633],0.0
BI-853520,0.0
VALBENAZINE TOSYLATE,0.0
UK-500001,0.0
MIRIKIZUMAB,0.0
GILTERITINIB FUMARATE,0.0
LIPID NANOPARTICLE ENCAPSULATED OX40L MRNA-2416,0.0
PX-102,0.0
FLURBIPROFEN SODIUM,0.0
BETAMETHASONE ACETATE,0.0
INSULIN SUSP ISOPHANE SEMISYNTHETIC PURIFIED HUMAN,0.0
INSULIN ZINC SUSP PURIFIED PORK,0.0
ORVACABTAGENE AUTOLEUCEL,0.0
SUVODIRSEN,0.0
SMAC MIMETIC GDC-0917,0.0
VORSETUZUMAB MAFODOTIN,0.0
ANTI-EGFRVIII ANTIBODY DRUG CONJUGATE AMG 595,0.0
SPAG11B (61-103),0.0
4-HYDROXYBUTYRIC ACID,0.0
"SM-130,686",0.0
LAURYL ALCOHOL DIPHOSPHONIC ACID,0.0
ONO-8590580,0.0
SDX-101,0.0
K41498,0.0
BEMORADAN,0.0
ALLOGENEIC ANTI-CD19-CAR-CD28-IL-15-EXPRESSING NATURAL KILLER T-CELLS,0.0
AUTOLOGOUS CCR4-CD30CAR-CD28-CD3ZETA-EXPRESSING T-LYMPHOCYTES,0.0
CHEMBL:CHEMBL210411,0.0
DENDRITIC CELL VACCINE,0.0
IODIPAMIDE,0.0
RECOMBINANT ADENOVIRUS 5 ENCODING TUMOR NECROSIS FACTOR-RELATED APOPTOSIS-INDUCING LIGAND,0.0
BIO1211,0.0
METFORMIN GLYCINATE,0.0
TASOCITINIB,0.0
VALZIFLOCEPT,0.0
VIXARELIMAB,0.0
IL-2/9/15 GAMMA CHAIN RECEPTOR INHIBITOR BNZ-1,0.0
PAN-AKT INHIBITOR ARQ751,0.0
RG-7167,0.0
OLODATEROL HYDROCHLORIDE,0.0
AFATINIB DIMALEATE,0.0
ESOMEPRAZOLE STRONTIUM,0.0
BELIMUMAB,0.0
DICLOFENAC POTASSIUM,0.0
DIETHYLSTILBESTROL DIPHOSPHATE,0.0
MEDRYSONE,0.0
DIFLUPREDNATE,0.0
ALISKIREN FUMARATE,0.0
CORT 108297,0.0
BROMOPRIDE,0.0
PICLOZOTAN,0.0
THIOTHIXENE HYDROCHLORIDE,0.0
TANEZUMAB,0.0
ABBV-3221,0.0
"COMPOUND 10 [O'MAHONY ET AL., 2022]",0.0
CHEMBL:CHEMBL152133,0.0
ALRIZOMADLIN,0.0
TRX-518,0.0
BRP-LPA,0.0
SUGEMALIMAB,0.0
BIFENAZATE,0.0
AZEPANE,0.0
GADOFOSVESET TRISODIUM,0.0
CHEMBL:CHEMBL1509789,0.0
TRIMETHYL-TETRADECYL-AMMONIUM CHLORIDE,0.0
TIOCONAZOLE,0.0
CHEMBL:CHEMBL1257022,0.0
AM-211,0.0
MEZAGITAMAB,0.0
NNC0114-0006,0.0
VANILLYLMANDELIC ACID,0.0
RELMACABTAGENE AUTOLEUCEL,0.0
CHEMBL:CHEMBL559934,0.0
A-1155463,0.0
AZATHIOPRINE SODIUM,0.0
ORLUDODSTAT,0.0
PUUPEHENONE,0.0
CHEMBL:CHEMBL590643,0.0
(+)-AJ76,0.0
AUS-131,0.0
ANTI-HGF MONOCLONAL ANTIBODY TAK-701,0.0
PHENAZINE,0.0
JCAR014,0.0
FENPYROXYMATE,0.0
IODINE-131-TOSITUMOMAB,0.0
ANTI-TIM-3 MONOCLONAL ANTIBODY,0.0
CHEMBL:CHEMBL1765371,0.0
COMPOUND 4FF [PMID: 1656041],0.0
EPITUMOMAB CITUXETAN,0.0
MIK-BETA-1,0.0
L19TNFA,0.0
PIM KINASE INHIBITOR LGH447,0.0
CHEMBL:CHEMBL2208196,0.0
ESTRADIOL ENANTHATE,0.0
TRIDOLGOSIR,0.0
ARISTOYUNNOLIN A,0.0
BERKELEYDIONE,0.0
HEXACONAZOLE,0.0
PREDNISOLONE TEBUTATE,0.0
LICOAGRODIN,0.0
SARGRAMOSTIM,0.0
CANDIDIN,0.0
PUROMYCIN HYDROCHLORIDE,0.0
CNV-2197944,0.0
CHEMBL:CHEMBL149246,0.0
GAMMA-CYHALOTHRIN,0.0
TUBERATOLIDE A,0.0
CHEMBL:CHEMBL1256778,0.0
ENROFLOXACIN,0.0
MORONIC ACID,0.0
VOLVALERENAL D,0.0
ROMILKIMAB,0.0
ORG-34517,0.0
ELDELUMAB,0.0
ISOQUINOLINE 17 [PMID: 30122040],0.0
SGI-1027,0.0
"3,5-DICAFFEOYLQUINIC ACID",0.0
DIAZIQUONE,0.0
GALINPEPIMUT-S,0.0
PREGNENOLONE-16&ALPHA;-CARBONITRILE,0.0
SLC-0111,0.0
COMPOUND 6B [PMID: 22749870],0.0
NPY-(2-36),0.0
MAZAPERTINE SUCCINATE,0.0
ANTI-PD-L1/CD137 BISPECIFIC ANTIBODY MCLA-145,0.0
ARC FUSION PROTEIN SL-279252,0.0
CHEMBL:CHEMBL494107,0.0
DYDROGESTERONE,0.0
[3H]HEMICHOLINIUM-3,0.0
FURAPREVIR,0.0
SERDEMETAN,0.0
ELTANEXOR,0.0
TETMYB DNA VACCINE,0.0
APL-501,0.0
RN-9893,0.0
NSC151066,0.0
TGF-BETA RI INHIBITOR III,0.0
PEPTIDOGLYCAN,0.0
COMPOUND 66 [PMID: 21802293],0.0
RELAXIN-3 B CHAIN DIMER,0.0
[G(B24)S]R3/I5,0.0
COMPOUND 13C [PMID: 20684591],0.0
PF-06939999,0.0
METHYSTICIN,0.0
CHEMBL:CHEMBL1606,0.0
CHEMBL:CHEMBL333177,0.0
CHEMBL:CHEMBL272005,0.0
CHEMBL:CHEMBL582055,0.0
CHEMBL:CHEMBL230686,0.0
AZOSEMIDE,0.0
CHEMBL:CHEMBL584854,0.0
NORLEUCINE,0.0
RAZOXANE,0.0
MACROCARPAL B,0.0
MILADEMETAN TOSYLATE,0.0
CHEMBL:CHEMBL404916,0.0
CHEMBL:CHEMBL1405979,0.0
TLR AGONIST CADI-05,0.0
OGLEMILAST,0.0
PHENYLARSINE OXIDE,0.0
CHEMBL:CHEMBL597649,0.0
PYRIDOXAMINE,0.0
IRX-5183,0.0
DIAPLASININ,0.0
GOSOGLIPTIN,0.0
NF778,0.0
[125I]&ALPHA;-BUNGAROTOXIN,0.0
PEFCALCITOL,0.0
NEIHULIZUMAB,0.0
AVX-470,0.0
AMELPARIB DIHYDROCHLORIDE DIHYDRATE,0.0
LEFITOLIMOD,0.0
SOMAPACITAN,0.0
DUTOGLIPTIN,0.0
ERITORAN TETRASODIUM,0.0
MRS2603,0.0
ALBINTERFERON ALFA-2B,0.0
ACOLBIFENE,0.0
ONC212,0.0
CENICRIVIROC MESYLATE,0.0
NSC212069,0.0
AC-98170,0.0
KC-130,0.0
GSK-BZ DERIVATIVE 2B,0.0
R-343,0.0
COMPOUND 29 [PMID: 1527791],0.0
HEAVY MINERAL OIL,0.0
PROTEIN KINASE INHIBITOR,0.0
WR-159412,0.0
AMP-224,0.0
SELECTIVE ESTROGEN RECEPTOR MODULATOR TAS-108,0.0
TRELANSERIN,0.0
TRIDECAN-1-OL,0.0
EUCALYPTIN A,0.0
MTORC1/2 KINASE INHIBITOR BI 860585,0.0
WISTIN,0.0
OXILOFRINE,0.0
"3,5-DIHYDROXYBENZOIC ACID",0.0
WFW-ISN-NH2,0.0
PZ-II-029,0.0
L655708,0.0
COMPOUND 6 [PMID: 29579323],0.0
BASROPARIB,0.0
GA-KE88,0.0
TRANS-CINNAMOYL-LIGRLO [N-[3H]PROPIONYL]-NH2,0.0
2-THIOUTP,0.0
CITATUZUMAB BOGATOX,0.0
ABBV-3373,0.0
CHEMBL:CHEMBL1256776,0.0
RP-8-CPT-CGMPS,0.0
OGERIN,0.0
LICOFELONE,0.0
PUCOTENLIMAB,0.0
LGD-2941,0.0
RESVERATROL 4'-METHYL ETHER,0.0
FLUDROCORTISONE,0.0
PNU-282987,0.0
LISOCABTAGENE MARALEUCEL,0.0
MUSCARINE,0.0
TAFA-93,0.0
3-BROMO-7NI,0.0
AGATOLIMOD SODIUM,0.0
ZZL-7,0.0
RALOXIFEN,0.0
[125I]SD6,0.0
DASABUVIR,0.0
COMPOUND 30 [PMID: 15953724],0.0
DIETHYLNORSPERMINE,0.0
DIPROVOCIM-1,0.0
DEOXYSAPPANONE B TRIMETHYL ETHER,0.0
ANDROSTENEDIOL,0.0
CHEMBL:CHEMBL531079,0.0
CAMPHOR OIL,0.0
CHEMBL:CHEMBL590670,0.0
CHEMBL:CHEMBL578420,0.0
COUMERMYCIN,0.0
CHEMBL:CHEMBL451226,0.0
TUBERCIDIN,0.0
DIFLOXACIN HYDROCHLORIDE,0.0
MJN110,0.0
OM-1700,0.0
IN-NODAGATOC,0.0
H3 AC-B10-27(13-17 HC),0.0
PTHRP-(1-34) (HUMAN),0.0
"[D-TRP12,TYR34]PTH-(7-34) (BOVINE)",0.0
"[125I][NLE8,21,TYR34]PTH-(1-34)-NH2 (RAT)",0.0
PYRIDALYL,0.0
CHLORPHRIFOS OXON,0.0
TRICIRIBINE,0.0
UCM1341,0.0
CHEMBL:CHEMBL585279,0.0
OCTOCRYLENE,0.0
APAZONE,0.0
FMOC-L-LEUCINE,0.0
AUTOLOGOUS CD123CAR-CD28-CD3ZETA-EGFRT-EXPRESSING T LYMPHOCYTES MB-102,0.0
"15-DEOXY-&DELTA;-12,14-PROSTAGLANDIN J2",0.0
ISOX-CHA-CHG-ALA-ARG-DPR(4FB)-NH2,0.0
MRS2567,0.0
ONTAMALIMAB,0.0
ABBV-257,0.0
ALAPROCLATE,0.0
"2-METHOXY-&ALPHA;,&BETA;-DIDEHYDRO-AGOMELATINE",0.0
BTK INHIBITOR,0.0
LICARIN A,0.0
NAKIJIQUINONE I,0.0
CHEMBL:CHEMBL532143,0.0
CHEMBL:CHEMBL547656,0.0
MANZAMINE A,0.0
CHEMBL:CHEMBL1431017,0.0
CHEMBL:CHEMBL604311,0.0
ICARIIN,0.0
ALFAXALONE,0.0
FERB 033,0.0
TAS-119,0.0
LEO-15520,0.0
CIPATINIB,0.0
ONAPRISTONE,0.0
AUTOLOGOUS ANTI-BCMA-CAR-4-1BB-CD3ZETA-EXPRESSING MEMORY T-LYMPHOCYTES BB21217,0.0
SOLANEZUMAB,0.0
VADASTUXIMAB TALIRINE,0.0
EMEPEPIMUT-S,0.0
DEXAMETHASONE DIPROPIONATE,0.0
DOVITINIB LACTATE,0.0
TERTOMOTIDE,0.0
DPOC-4088,0.0
BGP-15,0.0
EMERFETAMAB,0.0
NCGC 84,0.0
SYN-BRP-LPA,0.0
OXENDOLONE,0.0
CHEMBL:CHEMBL596847,0.0
PEGDINETANIB,0.0
AZD-1480,0.0
ZYH7,0.0
EBLASAKIMAB,0.0
"SYNTHETIC CONJUGATED ESTROGENS, B",0.0
FLUPREDNISOLONE,0.0
GANETESPIB,0.0
PREDNISOLONE ACETATE,0.0
ANTI-CD40/ANTI-MESOTHELIN BISPECIFIC ANTIBODY ABBV-428,0.0
TIFLUADOM,0.0
2-AMINO-4-METHYLPYRIDINE,0.0
INCB-40093,0.0
TEPRASIRAN,0.0
CHEMBL:CHEMBL1091137,0.0
"DERIVATIVE 17 [NAKAHATA ET AL., 2018]",0.0
HS014,0.0
GENIPIN,0.0
CHEMBL:CHEMBL600353,0.0
PUTRESCINE DIHYDROCHLORIDE,0.0
ALDISIN,0.0
RHETSININE,0.0
ACLARUBICIN HYDROCHLORIDE,0.0
ALISPORIVIR,0.0
CHEMBL:CHEMBL561679,0.0
P-HYDROXYCINNAMALDEHYDE,0.0
CHEMBL:CHEMBL599088,0.0
TNP-2092,0.0
OLECLUMAB,0.0
DKN-01,0.0
PASCOLIZUMAB,0.0
CHEMBL:CHEMBL598883,0.0
EPOETIN DELTA,0.0
ESTRIOL,0.0
PROCYMIDONE,0.0
NAADP,0.0
ZATUXIMAB,0.0
ENLIMOMAB PEGOL,0.0
TILDRAKIZUMAB,0.0
PEGPLERANIB SODIUM,0.0
EPLIVANSERIN,0.0
LIPEGFILGRASTIM,0.0
MAPRACORAT,0.0
AZD2423,0.0
ETHISTERONE,0.0
APELIN,0.0
REGRAMOSTIM,0.0
DEPEMOKIMAB,0.0
TRIMEGESTONE,0.0
INCB-086550,0.0
"INSULIN, PROTAMINE ZINC",0.0
ZOLIFLODACIN,0.0
DARGLITAZONE,0.0
"COMPOUND 1 [PATEL ET AL., 1991]",0.0
"INSULIN ASPART PROTAMINE, HUMAN",0.0
CHEMBL:CHEMBL1500913,0.0
5-OXO-ODE,0.0
RECOMBINANT C5A,0.0
"FARNESYLTRANSFERASE/GERANYLGERANYLTRANSFERASE INHIBITOR L-778,123",0.0
MONOCLONAL ANTIBODY R24,0.0
DIDEMNIN B,0.0
FOSPIRATE,0.0
CARBOXYMETHYL-TRIMETHYL-ARSONIUM,0.0
TRACHEAL CYTOTOXIN,0.0
CHLORHEXIDINE DIACETATE,0.0
TAK-779,0.0
EUPARIN,0.0
BENZODROCORTISONE,0.0
CHEMBL:CHEMBL554475,0.0
COMPOUND 11 [PMID: 20638279],0.0
ARSANILIC ACID,0.0
DL-TRYPTOPHAN,0.0
PALMATINE CHLORIDE,0.0
CHEMBL:CHEMBL2332580,0.0
RESVERATROL HEXANOIC ACID,0.0
CHEMBL:CHEMBL524449,0.0
DDO-3055,0.0
CHEMBL:CHEMBL525888,0.0
CHEMBL:CHEMBL317356,0.0
DIFLUCORTOLONE 21-VALERATE,0.0
RESORCINOL MONOACETATE,0.0
FENTHION,0.0
ANECORTAVE ACETATE,0.0
LUFENURON,0.0
HARPAGOSIDE,0.0
AMDINOCILLIN,0.0
COMPOUND T.14,0.0
ABZ-SER-PRO-TYR(NO2)-OH,0.0
"DES-AA1,5-[TYR2,D-TRP8,IAMP9]SRIF",0.0
RINDOPEPIMUT,0.0
AZD3229,0.0
OBOVATAL,0.0
CHEMBL:CHEMBL1797707,0.0
ZANOTERONE,0.0
AFLOQUALONE,0.0
CHEMBL:CHEMBL2063687,0.0
FLOPROPIONE,0.0
FLT3 INHIBITOR FF-10101 SUCCINATE,0.0
RIBOCICLIB SUCCINATE,0.0
FGFR/CSF-1R INHIBITOR 3D185,0.0
MEK INHIBITOR IMM-1-104,0.0
DNMT1 MIXED-BACKBONE ANTISENSE OLIGONUCLEOTIDE MG 98,0.0
CYT007-TNFQB,0.0
ANALOG 31 [PMID:18543899],0.0
[125I]CCL17 (HUMAN),0.0
MGD-010,0.0
HTERT-LAMP MRNA-LOADED AUTOLOGOUS DENDRITIC CELL VACCINE GRNVAC1,0.0
ADOPRAZINE,0.0
ANTI-CTLA-4 MONOCLONAL ANTIBODY,0.0
IODINE I 131 APAMISTAMAB,0.0
PF-06840003,0.0
TESNATILIMAB,0.0
GRP94 INHIBITOR 54,0.0
BPH-742,0.0
AMG-191,0.0
GVAX,0.0
ICG-001,0.0
PYRVINIUM,0.0
BRAF INHIBITOR,0.0
RIVOGLITAZONE,0.0
ML-SA5,0.0
POLY(I:C),0.0
"L-363,377",0.0
REMOGLIFLOZIN,0.0
[TRP23]PTHRP-(1-36) (HUMAN),0.0
[D-TRP12]PTH-(7-34) (BOVINE),0.0
"[ILE5,TRP23,TYR36]PTHRP-(1-36)-NH2 (HUMAN)",0.0
"[ILE5,TRP23]PTHRP-(1-36) (HUMAN)",0.0
PROMEGESTONE,0.0
SANGIVAMYCIN,0.0
MS48107,0.0
CLUL1 (52-77),0.0
SRC KINASE INHIBITOR I,0.0
CUMENE HYDROPEROXIDE,0.0
ISOKOBUSONE,0.0
LYNGBYABELLIN A,0.0
COMPOUND 1 [PMID: 22465637],0.0
TAG-72 ANTIGEN,0.0
COMPOUND 10B [PMID: 26222319],0.0
5-OXO-12-HETE,0.0
CANDOXATRILAT,0.0
SIBEPRENLIMAB,0.0
SAR405,0.0
ATRACTYLENOLIDE I,0.0
SELICRELUMAB,0.0
RECOMBINANT OX40 LIGAND,0.0
AL-37350A,0.0
ALNIDITAN,0.0
GMX1777,0.0
PAN-PI3K INHIBITOR CLR457,0.0
BMS-681,0.0
PEGENZILEUKIN,0.0
GDC-0349,0.0
SCYLLITOL,0.0
LERONLIMAB,0.0
TULMIMETOSTAT,0.0
COMPOUND 2G [PMID: 27390066],0.0
L-NNA,0.0
[D-ALA2]DELTORPHIN II,0.0
FASCAPLYSIN,0.0
COMPOUND 3 [PMID: 19097791],0.0
PI3K-DELTA INHIBITOR AMG 319,0.0
YM-355179,0.0
NOX-6-18,0.0
TALACTOFERRIN ALFA,0.0
QR-333,0.0
ILODECAKIN,0.0
SEMAPIMOD,0.0
MRS2768,0.0
MRS2782,0.0
DATP,0.0
KU-55933,0.0
NEUROPROTECTIVE AGENT,0.0
LIPID ENCAPSULATED ANTI-PLK1 SIRNA TKM-PLK1,0.0
ALUMINUM HYDROXIDE,0.0
IMMUNOADJUVANT,0.0
PROCARBAZINE HYDROCHLORIDE,0.0
ANTI-FLT3/CD3 BISPECIFIC ANTIBODY CLN-049,0.0
APATINIB,0.0
ENOXAMAST,0.0
PN6047,0.0
MABP1,0.0
SIGNAL TRANSDUCTION INHIBITOR,0.0
LOXOPROFEN,0.0
CHEMBL:CHEMBL595911,0.0
ANTINEOPLASTIC ANTIBIOTIC,0.0
INCB086550,0.0
ERGOCALCIFEROL,0.0
UCM-05194,0.0
"24(S), 25-EPOXYCHOLESTEROL",0.0
RJW100,0.0
CHGB (511-532),0.0
&ALPHA;.&BETA;-METHYLENE-2-THIO-UDP,0.0
TIP39-(7-39) (HUMAN/BOVINE),0.0
VOFATAMAB,0.0
Y-KE88,0.0
ENASIDENIB,0.0
ANISOCOUMARIN H,0.0
COMPOUND 39 [PMID: 31742400],0.0
GW766994,0.0
CCL26,0.0
PETCM,0.0
COMPOUND 27 [PMID: 18337095],0.0
"COMPOUND 9A [PATIL ET AL., 1989]",0.0
MRS2211,0.0
TAK-593,0.0
PEG-CONJUGATED TLR7/8 AGONIST NKTR-262,0.0
"[1-HYDROXY-2-(1,1':3',1''-TERPHENYL-3-YLOXY)ETHANE-1,1-DIYL]BIS(PHOSPHONIC ACID)",0.0
FGF-19,0.0
JZL184,0.0
C-MET INHIBITOR AMG 208,0.0
DALOTUZUMAB,0.0
INEBILIZUMAB-CDON,0.0
SEMULOPARIN SODIUM,0.0
OTILIMAB,0.0
UBLITUXIMAB,0.0
CCL25,0.0
AV-203,0.0
ORG2058,0.0
SB-219994,0.0
CMP5 [PMID: 25742700],0.0
TIM-38,0.0
4-THIO-UTP,0.0
CCT129957,0.0
OCEDURENONE,0.0
UPACICALCET,0.0
CALHEX 231,0.0
CAPMATINIB HYDROCHLORIDE,0.0
BISMUTH,0.0
RECOMBINANT HUMAN ALBUMIN-HUMAN GRANULOCYTE COLONY-STIMULATING FACTOR,0.0
EMFILERMIN,0.0
TOVETUMAB,0.0
BFH-772,0.0
GNKG-168,0.0
"(2R,3R)-APDC",0.0
CLOBETASOL PROPIONATE,0.0
PTBE,0.0
VTP-27999,0.0
PIVAMPICILLIN,0.0
SELECTIVE CYTOKINE INHIBITORY DRUG CC-1088,0.0
LOBELINE,0.0
GEPIRONE,0.0
G100,0.0
MSC2032964A,0.0
JNJ-40068782,0.0
TELEOCIDIN B,0.0
COMPOUND 20C [PMID: 34181850],0.0
ACETYL-PODOCARPIC DIMER,0.0
KB-130015,0.0
"COMPOUND 5 [NOBLE ET AL., 1992]",0.0
"COMPOUND 2 [DREYER ET AL., 1991]",0.0
CYT006-ANGQB,0.0
DACETUZUMAB,0.0
CH-1504,0.0
GLPG1837,0.0
REBEMADLIN,0.0
PHENYL SALICYLATE,0.0
AVE0847,0.0
T0070907,0.0
PLAZINEMDOR,0.0
DIMETHYLAMINOETHANOL,0.0
CHEMBL:CHEMBL1797711,0.0
TOXAPHENE,0.0
FUMAGILLIN,0.0
ALK INHIBITOR NVL-655,0.0
PICOPLATIN,0.0
EDELFOSINE,0.0
FENARIMOL,0.0
CHEMBL:CHEMBL560532,0.0
CHEMBL:CHEMBL601994,0.0
AM7,0.0
MEK INHIBITOR II,0.0
YUANHUADINE,0.0
(R)-STU104,0.0
KHK-4083,0.0
LY395756,0.0
JNJ-42153605,0.0
DOXORUBICIN LIPOSOME,0.0
BUTACHLOR,0.0
ALDRIN,0.0
DOCARPAMINE,0.0
COMMENSAL BACTERIAL STRAIN FORMULATION VE800,0.0
GURETOLIMOD,0.0
TRITIOZINE,0.0
TOLMETIN,0.0
FTI 276,0.0
ETHAVERINE HYDROCHLORIDE,0.0
INOLIMOMAB,0.0
3-MPPTS,0.0
CLAUSINE E,0.0
MITOFLAXONE,0.0
ANTI-HIF-1ALPHA LNA ANTISENSE OLIGONUCLEOTIDE EZN-2968,0.0
CYCLOPROPARADICICOL,0.0
CHEMBL:CHEMBL593366,0.0
CD19-TARGETED CAR T2 CELLS,0.0
COMPOUND 54,0.0
MONOETHANOLAMINE,0.0
CN-105,0.0
CTPI-2,0.0
CL-AMIDINE,0.0
COMPOUND 16 [PMID: 31525966],0.0
2-FUROYL-LIGRLO-AMIDE,0.0
PSB-10211,0.0
S‐Y048,0.0
S24014,0.0
COMPOUND 1A [PMID: 15055993],0.0
DESOXYCORTICOSTERONE,0.0
FPA144,0.0
"1,2,3-BENZENETRICARBOXYLIC ACID",0.0
COMPOUND 44 [PMID: 19748780],0.0
CYPPTS,0.0
APOGOSSYPOL,0.0
CHEMBL:CHEMBL600347,0.0
RO320-2947/001,0.0
IDO-1 INHIBITOR LY3381916,0.0
OD36,0.0
"L-739,750",0.0
UCM 724,0.0
CHEMBL:CHEMBL1085282,0.0
CHEMBL:CHEMBL1086397,0.0
CHEMBL:CHEMBL1275761,0.0
[D-TRP8]&GAMMA;-MSH,0.0
SHP2 INHIBITOR ERAS-601,0.0
GRACILIN J,0.0
COMPOUND 34H [PMID: 27055065],0.0
ADENOSINE MONOPHOSPHATE,0.0
COMPOUND 5 [PMID: 29579323],0.0
RK-287107,0.0
DOTA-JR11,0.0
EUROPIUM-LABELLED R3(B1-22R),0.0
SKLB-03220,0.0
CHEMBL:CHEMBL1392244,0.0
PHENYLGLYOXAL,0.0
RILMENIDINE HEMIFUMARATE,0.0
SEMUSTINE,0.0
ACTINIUM AC 225 LINTUZUMAB,0.0
SYMPLOSTATIN 5,0.0
DESOXYCORTICOSTERONE ACETATE,0.0
PEGCANTRATINIB,0.0
INK-1117,0.0
CHLORMADINONE ACETATE,0.0
RO330-0802/001,0.0
CCL21,0.0
TTC-352,0.0
SKA-111,0.0
SITOKIREN,0.0
CHEMBL:CHEMBL607253,0.0
METCONAZOLE,0.0
E232,0.0
SECRAMINE A,0.0
CUCURBITACIN D,0.0
CHLOROPHACINONE,0.0
PD-118057,0.0
DIHYDROTANSHINONE I,0.0
MITOBRONITOL,0.0
SIFA-ASN(ACNH-&BETA;-GLC)-TYR3-OCTREOTATE,0.0
ROME,0.0
H3 14S18 STAPLED B-CHAIN,0.0
A1120,0.0
PKC&THETA; INHIBITOR 14,0.0
JBI-589,0.0
AY77,0.0
MTI-31,0.0
BAPINEUZUMAB,0.0
RUPLIZUMAB,0.0
INCB-9471,0.0
CM-082,0.0
DAPAGLIFLOZIN PROPYLENE GLYCOL,0.0
INSULIN SUSP ISOPHANE PURIFIED BEEF,0.0
BENDAMUSTINE,0.0
RECOMBINANT HUMAN THROMBOPOIETIN,0.0
ALPHA-CYPERMETHRIN,0.0
LAUROCAPRAM,0.0
PSB1114,0.0
PIMIVALIMAB,0.0
ACRIZANIB,0.0
COMPOUND 2T [PMID: 2296036],0.0
GLYCYRRHETINIC ACID,0.0
DINITRAMINE,0.0
MRS4478,0.0
SECURININE,0.0
ISOETHARINE HYDROCHLORIDE,0.0
POSACONAZOLE,0.0
PROCATEROL HYDROCHLORIDE,0.0
INTERLEUKIN-12,0.0
FOSCARNET,0.0
AFURESERTIB HYDROCHLORIDE,0.0
CHEMBL:CHEMBL572531,0.0
PPTN,0.0
ANTI-CD30 MONOCLONAL ANTIBODY MDX-1401,0.0
FGF401,0.0
SELECTIVE ESTROGEN RECEPTOR COVALENT ANTAGONIST H3B-6545,0.0
CHEMBL:CHEMBL601968,0.0
HEMICHOLINIUM-3,0.0
CHEMBL:CHEMBL73820,0.0
CHEMBL:CHEMBL2172378,0.0
CHEMBL:CHEMBL8328,0.0
AMG-1,0.0
P53/HDM2 INTERACTION INHIBITOR CGM097,0.0
KIN-3248,0.0
COMPOUND III [PMID: 24080463],0.0
DUSIGITUMAB,0.0
RAS PEPTIDE CANCER VACCINE,0.0
IGN-101,0.0
RWJ-67657,0.0
3-PHENACYL-UDP,0.0
2-THIO-UDP,0.0
COMPOUND 1 [PMID: 24930776],0.0
CHEMBL:CHEMBL401844,0.0
CHEMBL:CHEMBL610622,0.0
CARBENOXOLONE SODIUM,0.0
CHLORPYRAMIN HYDROCHLORIDE,0.0
BORIC ACID,0.0
CC-90006,0.0
AIDA,0.0
LEXIPAFANT,0.0
GZ-389988,0.0
BRIGIMADLIN,0.0
CHELIDONINE,0.0
LY3410738,0.0
CPUY192018,0.0
COMPOUND 16D [PMID: 36573286],0.0
AVANAFIL,0.0
AROMOLINE,0.0
LENZILUMAB,0.0
AP-7,0.0
CHEMBL:CHEMBL1162414,0.0
PREDNISOLONE SODIUM SUCCINATE,0.0
STROBOPININ,0.0
CHEMBL:CHEMBL169335,0.0
(1R)-TRANS-TETRAMETHRIN,0.0
CHEMBL:CHEMBL1438389,0.0
CHEMBL:CHEMBL581869,0.0
VALACYCLOVIR,0.0
CHEMBL:CHEMBL259819,0.0
CHEMBL:CHEMBL1392894,0.0
GSK369796,0.0
HERACLENOL,0.0
CHEMBL:CHEMBL600971,0.0
SARIZOTAN HYDROCHLORIDE,0.0
FOSTAMATINIB,0.0
CNV2197944,0.0
TIP39-(3-39) (HUMAN/BOVINE),0.0
CETALKONIUM CHLORIDE,0.0
"[ALA1,12,AIB3,GLN10,HARG11,TRP14,ARG19]PTH-(1-21)-NH2 (HUMAN)",0.0
CHEMBL:CHEMBL1164975,0.0
MANEB,0.0
ALOGLIPTIN BENZOATE,0.0
T-DM1,0.0
KELIXIMAB,0.0
CAFUSERTIB,0.0
RG-7603,0.0
MLN-0415,0.0
PERINDOPRIL ARGININE,0.0
I-287,0.0
METAPROTERENOL SULFATE,0.0
RUXOLITINIB PHOSPHATE,0.0
FROVATRIPTAN SUCCINATE,0.0
PTHRP-(1-21)/PTH-(22-34) (HUMAN),0.0
TILIQUINOL,0.0
CIS/TRANS-ISOEUGENOL,0.0
FIPEXIDE HYDROCHLORIDE,0.0
LINTUZUMAB,0.0
FULRANUMAB,0.0
PRIDOPIDINE,0.0
IFERANSERIN,0.0
ERGOSTEROL PEROXIDE,0.0
CHEMBL:CHEMBL1483413,0.0
CHEMBL:CHEMBL554130,0.0
VELIGROTUG,0.0
AURORA A KINASE INHIBITOR MK5108,0.0
VILTOLARSEN,0.0
MDM2 ANTAGONIST RO5045337,0.0
PROGESTERONE ANTAGONIST,0.0
ASULACRINE ISETHIONATE,0.0
DHA-PACLITAXEL,0.0
TRIAZINATE,0.0
CHEMBL:CHEMBL177126,0.0
CHEMBL:CHEMBL605084,0.0
NANDROLONE DECANOATE,0.0
2-ETHOXYCARBONYL-2-ETHOXYOXALOYLOXYDIHYDROCHRYSIN DIMETHYL ETHER,0.0
CHEMBL:CHEMBL477052,0.0
CHEMBL:CHEMBL2062862,0.0
FLUORESCEIN SODIUM,0.0
CHEMBL:CHEMBL1572261,0.0
SELECTIVE ESTROGEN RECEPTOR DEGRADER AZD9496,0.0
AMODIAQUINE DIHYDROCHLORIDE,0.0
ALLO-OCIMENE,0.0
CHEMBL:CHEMBL1738936,0.0
ANTI-TF MONOCLONAL ANTIBODY ALT-836,0.0
AZ1366,0.0
DICLOFENAC ETALHYALURONATE SODIUM,0.0
OMBIPEPIMUT-S,0.0
APG115,0.0
AZD-1236,0.0
DEPELESTAT,0.0
TAPRENEPAG ISOPROPYL,0.0
AQ-13,0.0
CILIARY NEUROTROPHIC FACTOR,0.0
GALICAFTOR,0.0
ALOXIPRIN,0.0
RODUCITABINE,0.0
ATF-936,0.0
AZD-5122,0.0
DABELOTINE,0.0
ANTI-CD123/CD3 BISPECIFIC ANTIBODY JNJ-63709178,0.0
ANTI-PD-L1 MONOCLONAL ANTIBODY FAZ053,0.0
BRICICLIB,0.0
PARITAPREVIR,0.0
SACUBITRIL,0.0
RESATORVID,0.0
IMC-EB10,0.0
INDOLE-3-BUTYRIC ACID,0.0
LIMONIN,0.0
HALICLONADIAMINE,0.0
MEFLOQUINE HYDROCHLORIDE,0.0
EVOCALCET,0.0
RO 60-0175,0.0
[3H]MESULERGINE,0.0
AVITRIPTAN,0.0
CARBOXYCINNAMIC ACID BISHYDROXAMIDE,0.0
INHIBITOR CB3,0.0
ANTI-EGFR/HER2/HER3 MONOCLONAL ANTIBODY MIXTURE SYM013,0.0
ELUVIXTAMAB,0.0
LY-2584702,0.0
SARIZOTAN,0.0
ICARITIN,0.0
INSULIN SUSP PROTAMINE ZINC BEEF/PORK,0.0
AUTOLOGOUS ANTI-BCMA-CAR-TCRZ/4-1BB-EXPRESSING T-LYMPHOCYTES CART-BCMA,0.0
LAU463,0.0
PHTPP,0.0
THIOPHENE,0.0
S33084,0.0
NEMOLIZUMAB,0.0
ROVELIZUMAB,0.0
EPACADOSTAT,0.0
POMC (141-162),0.0
COMPOUND 2 [PMID: 24486398],0.0
"[D-ARG1,D-PHE5,D-TRP7,9,LEU11]SUBSTANCE P",0.0
BPH-252,0.0
GW-274150,0.0
AZD-8165,0.0
COMPOUND 15 [PMID: 32045236],0.0
LIQUIRITIN,0.0
RIBAVIRIN MONOPHOSPHATE,0.0
OLSALAZINE SODIUM,0.0
GSK-2256098,0.0
(S)-WILLARDIINE,0.0
GM-CSF-ENCODING ONCOLYTIC ADENOVIRUS CGTG-102,0.0
CHEMBL:CHEMBL2333445,0.0
CHEMBL:CHEMBL1236602,0.0
CHEMBL:CHEMBL254077,0.0
BIVATUZUMAB,0.0
EDRALBRUTINIB,0.0
PRI-724,0.0
CDX-1140,0.0
VOPRATELIMAB,0.0
ATACIGUAT,0.0
TETOMILAST,0.0
OLINCIGUAT,0.0
SOVAPREVIR,0.0
SB 221284,0.0
ORG-37684,0.0
VUNAKIZUMAB,0.0
APOMAB,0.0
EPRATUZUMAB,0.0
ERTUMAXOMAB,0.0
TROPIFEXOR,0.0
LERDELIMUMAB,0.0
AZINPHOS-ETHYL,0.0
BEVASIRANIB,0.0
APOLIZUMAB,0.0
RINUCUMAB,0.0
SELUMETINIB SULFATE,0.0
CEFDITORIN PIVOXIL,0.0
CHEMBL:CHEMBL225257,0.0
&ALPHA;-CONOTOXIN GI,0.0
EGEN-001,0.0
MOROLIC ACID,0.0
SCARLET RED,0.0
CRYPTOCHINONE A,0.0
CHEMBL:CHEMBL451722,0.0
AZD4205,0.0
.ALPHA.1-PROTEINASE INHIBITOR HUMAN,0.0
OBILTOXAXIMAB,0.0
AS-1409,0.0
INDALPINE,0.0
TRX-1,0.0
ACTEIN,0.0
[125I]&ALPHA;-CONOTOXIN MII,0.0
ZINC PROTOPORPHYRIN IX,0.0
EFLEPEDOCOKIN ALFA,0.0
RESIMMUNE,0.0
SOCAZOLIMAB,0.0
&ALPHA;-NEOENDORPHIN,0.0
ANTI-CD20 CAR T CELLS PREPARATION,0.0
NVP-2,0.0
TAGTOCICLIB,0.0
AFM-13,0.0
[125I]S70254,0.0
"[3H]2,2,2-TEMPS",0.0
ANTI-BRP-LPA,0.0
ONO-7300243,0.0
VU0405601,0.0
CANLITINIB,0.0
INSULIN SUSP ISOPHANE RECOMBINANT HUMAN,0.0
MSMB (91-114),0.0
"COMPOUND 3 [DREYER ET AL., 1991]",0.0
COMPOUND 2D [PMID: 2153213],0.0
(S)-3-HYDROXY-3-METHYLGLUTARYL-COA,0.0
PEGFILGRASTIM-JMDB,0.0
SB328437,0.0
CH-5132799,0.0
RS-102895,0.0
CHEMBL:CHEMBL1083499,0.0
GLUCOSAMINE,0.0
CHEMBL:CHEMBL586628,0.0
GARDENIN B,0.0
IOPANOIC ACID,0.0
TAURODEOXYCHOLIC ACID,0.0
TAMARIXETIN,0.0
4'-HYDROXY-FLAVANONE,0.0
CHEMBL:CHEMBL585417,0.0
(-)-CAMPHOR,0.0
BIPHENYL,0.0
"ORSELLINIC ACID, ETHYL ESTER",0.0
5-DEMETHYLNOBILETIN,0.0
STO609,0.0
NITROFEN,0.0
GOLIMUMAB,0.0
TONABERSAT,0.0
DEXAMETHASONE ACETATE,0.0
INTERFERON ALFA-2B,0.0
VALILTRAMIPROSATE,0.0
NORELGESTROMIN,0.0
1.ALPHA.-HYDROXYVITAMIN D5,0.0
TAVILERMIDE,0.0
OLUTASIDENIB,0.0
CHEMBL:CHEMBL173729,0.0
ANTI-IL17A MONOCLONAL ANTIBODY CJM112,0.0
IRPAGRATINIB,0.0
NGB 2904,0.0
GATX1,0.0
CFTRINH-172,0.0
S136492,0.0
ICLAPRIM,0.0
SC-67655,0.0
PAROXETINE HYDROCHLORIDE,0.0
ML355,0.0
VELPATASVIR,0.0
DEHYDROXYMETHYLEPOXYQUINOMICIN,0.0
INTERFERON ALFA-N1,0.0
BRAF INHIBITOR BGB-3245,0.0
RIBOCICLIB,0.0
COMPOUND 28 [PMID: 18324760],0.0
OSPEMIFENE,0.0
TUVUSERTIB,0.0
CHEMBL:CHEMBL1242101,0.0
CHINESE HERBS,0.0
COMPOUND 26 [PMID: 34543009],0.0
AEM-28,0.0
VIMNERIXIN,0.0
TRX1,0.0
PERFLUBRON,0.0
TROFOSFAMIDE,0.0
HORSE ANTI-MOUSE ANTI-LYMPHOCYTE SERUM,0.0
CNGRC PEPTIDE-TNF ALPHA CONJUGATE,0.0
TAS-102,0.0
AN-9,0.0
EPITIOSTANOL,0.0
PHOTOFRIN,0.0
GDNF,0.0
DNA INTERCALATING AGENT,0.0
MATRIX METALLOPROTEINASE INHIBITOR,0.0
OMBITASVIR,0.0
MADOLIN U,0.0
CHEMBL:CHEMBL578896,0.0
2-METHYL-5-HT,0.0
CHEMBL:CHEMBL152543,0.0
TOMATINE,0.0
APRINDINE HYDROCHLORIDE,0.0
METHYL ABIETATE,0.0
TECNAZENE,0.0
MEZLOCILLIN,0.0
CHEMBL:CHEMBL510966,0.0
METHYL ALCOHOL,0.0
CHEMBL:CHEMBL599165,0.0
RUFLOXACIN,0.0
CHEMBL:CHEMBL444928,0.0
GANODERIOL F,0.0
CLEBOPRIDE MALEATE,0.0
R-RUGULACTONE,0.0
ROMAZARIT,0.0
TT-301,0.0
LORCASERIN,0.0
COMPOUND 14J [PMID: 27050842],0.0
LYOPHILIZED HUMAN RECOMBINANT INTERFERON-BETA 1A FP-1201,0.0
ANTI-C-FMS MONOCLONAL ANTIBODY AMG 820,0.0
AGN-211745,0.0
APILIMOD DIMESYLATE CAPSULE,0.0
TETRAETHYLAMMONIUM CHLORIDE,0.0
EP4 ANTAGONIST ONO-4578,0.0
NITROPRUSSIDE,0.0
VOXILAPREVIR,0.0
SULFENTRAZONE,0.0
BMS-986187,0.0
TRICHLOROETHYLENE,0.0
JNJ-42226314,0.0
ANTI-ANGIOPOIETIN MONOCLONAL ANTIBODY AMG 780,0.0
"PYY-(13-36) (MOUSE, RAT, PIG)",0.0
PSAB-OFP,0.0
JNJ-38877605,0.0
DEHYDROMUTACTIN,0.0
EVOGLIPTIN,0.0
TIGULIXOSTAT,0.0
SUFORAPHANE ISOSELENOCYANATE,0.0
BEVANTOLOL HYDROCHLORIDE,0.0
SU-014813,0.0
METELIMUMAB,0.0
LENVATINIB MESYLATE,0.0
SILTUXIMAB,0.0
HYDROCORTISONE HEMISUCCINATE,0.0
RP-5-OME-UDP&ALPHA;B,0.0
ONO-AE1-437,0.0
LAPRITUXIMAB EMTANSINE,0.0
CEQ508,0.0
DELPARANTAG,0.0
AMG-888,0.0
LY3540378,0.0
SR1001,0.0
[PHE23]PTH-(1-34) (HUMAN),0.0
I-191,0.0
SLIGRL-NH2,0.0
CINROMIDE,0.0
NUCLEOLIN ANTAGONIST IPP-204106N,0.0
CRETOSTIMOGENE GRENADENOREPVEC,0.0
AUTOLOGOUS BONE MARROW-DERIVED CD34/CXCR4-POSITIVE STEM CELLS AMR-001,0.0
HLA-A*0201 RESTRICTED TERT(572Y)/TERT(572) PEPTIDES VACCINE VX-001,0.0
INARIGIVIR SOPROXIL,0.0
CHEMBL:CHEMBL1915271,0.0
CHEMBL:CHEMBL107518,0.0
CHEMBL:CHEMBL259633,0.0
AMINOCARB,0.0
ORG 12962,0.0
MK-8776,0.0
VPS34-IN-1,0.0
CHEMBL:CHEMBL263664,0.0
MEDI-5117,0.0
KRAS G12D INHIBITOR MRTX1133,0.0
YTTRIUM Y 90 EPRATUZUMAB,0.0
TELOTRISTAT ETIPRATE,0.0
[125I]DOI,0.0
ANTI-HUMAN GITR MONOCLONAL ANTIBODY TRX518,0.0
GLEMANSERIN,0.0
PIMAGEDINE HYDROCHLORIDE,0.0
CRENEZUMAB,0.0
INTERFERON GAMMA-1B,0.0
DENILEUKIN DIFTITOX,0.0
GAVILIMOMAB,0.0
ANTI-MET MONOCLONAL ANTIBODY MIXTURE SYM015,0.0
KHK2455,0.0
PI3K P110BETA/DELTA INHIBITOR KA2237,0.0
PEMRAMETOSTAT,0.0
EVORPACEPT,0.0
ACUMAPIMOD,0.0
ENCALERET,0.0
FEXAGRATINIB,0.0
X-82,0.0
2-FUROYL-LIGRL[N-(ALEXA FLUOR 594)-O]-NH2,0.0
ALT-2074,0.0
COMPOUND 14B [PMID: 25742366],0.0
PSB-416,0.0
MRS2690,0.0
5-(6-CHLORO-2-HEXYL-1H-INDOL-1-YL)-5-OXO-VALERIC ACID,0.0
5-HEAT,0.0
PHENYLGLYCINE-01,0.0
AZD-9977,0.0
A-841720,0.0
STC-15,0.0
AC-C[CYS-GLU-HIS-D-PHE-ARG-TRP-D-CYS]-PRO-PRO-LYS-ASP-NH2,0.0
5-OH-DPAT,0.0
KRESOXIM-METHYL,0.0
6-CHLOROFLAVONE,0.0
FURAZABOL,0.0
TETRADECANOYL PHORBOL ACETATE,0.0
PHA-665752,0.0
GSK2656157,0.0
COMPOUND 16 [PMID: 18945615],0.0
PAMUFETINIB,0.0
OSE-127,0.0
COMPOUND 4I [PMID: 2296036],0.0
TCN-201,0.0
COMPOUND 30 [PMID: 22468970],0.0
PF-6870961,0.0
COMPOUND 19 [PMID: 18800762],0.0
ARGININE,0.0
COMPOUND 20 [PMID: 35584373],0.0
REPROTEROL,0.0
STANOZOLOL,0.0
RAS INHIBITOR,0.0
INTERLEUKIN-11,0.0
"L-692,429",0.0
COMPOUND 12  [PMID: 12014956],0.0
LAU159,0.0
DIARYLPROPIONITRILE,0.0
[125I]ANTISAUVAGINE,0.0
PF-477736,0.0
BRONOPOL,0.0
GSK1331268,0.0
RY764,0.0
GOITRIN,0.0
PIBTU,0.0
[3H]RIMONABANT,0.0
"CP55,244",0.0
COMPOUND 17 [PMID: 15686906],0.0
IODOCARB,0.0
CHEMBL:CHEMBL306147,0.0
OXAPIUM IODIDE,0.0
LU AF21934,0.0
GSK-2269557,0.0
HETROMBOPAG,0.0
BIM 23027,0.0
"CYCLO(7-12) DES-AA1,2,5-[GLU7,D-TRP8,IAMP9,M-I-TYR11,HHLYS12]SRIF",0.0
R3 B1-22R,0.0
LERZEPARIB,0.0
CLOMETACIN,0.0
ESOMEPRAZOLE MAGNESIUM,0.0
INSULIN PEGLISPRO,0.0
BARDOXOLONE METHYL,0.0
OLENDALIZUMAB,0.0
BI-671800,0.0
MILRINONE LACTATE,0.0
LUTIKIZUMAB,0.0
DOVRAMILAST,0.0
TEPOTINIB,0.0
SYROSINGOPINE,0.0
PROPYLPARABEN,0.0
QUIFENADINE,0.0
FUTUXIMAB/MODOTUXIMAB MIXTURE,0.0
MT-II,0.0
MALINAMIDE,0.0
ALLETHRIN,0.0
CHEMBL:CHEMBL577365,0.0
SIMETRIDE,0.0
CHEMBL:CHEMBL17442,0.0
GUE1654,0.0
IACS-52825,0.0
ESAXERENONE,0.0
VU0400195,0.0
GLPG-0492,0.0
TEMANOGREL,0.0
DANIRIXIN,0.0
EPIDERMAL GROWTH FACTOR,0.0
COMPOUND 38K [PMID: 34351741],0.0
CHEMBL:CHEMBL1351908,0.0
COMPOUND 46 [PMID: 16451062],0.0
COMPOUND 33A [PMID: 35944901],0.0
PIRBUTEROL,0.0
INULIN,0.0
ANTI-CD123 CAR T CELLS PREPARATION,0.0
L-NAME,0.0
CERTOLIZUMAB,0.0
HC-TOXIN,0.0
CELL DIFFERENTIATING AGENT,0.0
TOSAGESTIN,0.0
PENTAMIDINE,0.0
FOSDENOPTERIN,0.0
VELTUZUMAB,0.0
GSK2239633A,0.0
AZD-0424,0.0
LONAPRISAN,0.0
SELECTIVE ESTROGEN RECEPTOR MODULATOR CC-8490,0.0
IT-139,0.0
CRIDANIMOD SODIUM,0.0
TAS-116,0.0
CRENIGACESTAT,0.0
CPG OLIGODEOXYNUCLEOTIDE TLR9 AGONIST DV281,0.0
GLYCOOPTIMIZED TRASTUZUMAB-GEX,0.0
P-P68 INHIBITOR RX-5902,0.0
NRX195183,0.0
OMS405,0.0
RECOMBINANT TRANSFORMING GROWTH FACTOR-BETA,0.0
AVE8134,0.0
TELAPRISTONE,0.0
PEGINTERFERON ALFACON-1,0.0
NITRIC OXIDE-RELEASING ACETYLSALICYLIC ACID DERIVATIVE,0.0
INFLUENZA VACCINE,0.0
METHACHOLINE,0.0
MF101,0.0
WWL70,0.0
BURIXAFOR,0.0
CHEMBL:CHEMBL528647,0.0
CHEMBL:CHEMBL475813,0.0
SPHAEROPSIDIN A,0.0
METHYLTHIOURACIL,0.0
P-TOLUENESULFONAMIDE,0.0
IRINOTECAN HYDROCHLORIDE HYDRATE,0.0
VINCLOZOLIN,0.0
METHYLSELENOCYSTEINE,0.0
CHEMBL:CHEMBL2336666,0.0
CHEMBL:CHEMBL1945287,0.0
CHEMBL:CHEMBL602383,0.0
PANCREATIC PROTEOLYTIC ENZYMES,0.0
CHEMBL:CHEMBL592834,0.0
TECTOQUINONE,0.0
COMPOUND 28 [PMID: 16460935],0.0
MOXETUMOMAB PASUDOTOX,0.0
DINITROCHLOROBENZENE,0.0
BECLOMETHASONE DIPROPIONATE,0.0
FARNESYL TRANSFERASE INHIBITOR,0.0
RAVAGALIMAB,0.0
OLITIGALTIN,0.0
CHEMBL:CHEMBL598268,0.0
VERTEPORFIN,0.0
4-TRIETHYLGERMYLPHENOL,0.0
QUINIZARIN,0.0
BROMAMINIC ACID,0.0
BERKELEYTRIONE,0.0
CHEMBL:CHEMBL1668301,0.0
E-64C,0.0
DODINE,0.0
RP-67580,0.0
CHEMBL:CHEMBL1738937,0.0
CHEMBL:CHEMBL89977,0.0
CHEMBL:CHEMBL259865,0.0
PAMICOGREL,0.0
CHEMBL:CHEMBL584619,0.0
2-METHYL-3-PHENETHYL-3H-PYRIMIDIN-4-ONE,0.0
INDISULAM,0.0
TAS-115,0.0
ENDOTHELIN RECEPTOR ANTAGONIST,0.0
SELECTIVE ESTROGEN RECEPTOR MODULATOR,0.0
PHOSPHATIDYLINOSITIDE 3-KINASE INHIBITOR,0.0
TOMELUKAST,0.0
EPITINIB,0.0
IL-27 SUBUNIT &ALPHA;,0.0
PALBINONE,0.0
5-OXO-C20:3,0.0
ATRANORIN,0.0
SGN-CD70A,0.0
PRITUMUMAB,0.0
INSULIN ZINC SUSP SEMISYNTHETIC PURIFIED HUMAN,0.0
"[ILE5,TRP23]PTHRP-(4-36) (HUMAN)",0.0
GHRP-6,0.0
PROSTAGLANDIN D2,0.0
FIDARESTAT,0.0
BI 2536,0.0
ALLOGENEIC CD123-SPECIFIC UNIVERSAL CAR123-EXPRESSING T-LYMPHOCYTES,0.0
AUTOLOGOUS ANTI-CD19 CHIMERIC ANTIGEN RECEPTOR T-CELLS SJCAR19,0.0
AUTOLOGOUS ANTI-BCMA-CAR-EXPRESSING CD4+/CD8+ T-LYMPHOCYTES FCARH143,0.0
IMRECOXIB,0.0
CHLAMYDOCIN,0.0
IOPOFOSINE,0.0
SURVAXM,0.0
BCL-2 INHIBITOR BCL201,0.0
GUGGULSTERONE,0.0
NF157,0.0
ORYZALIN,0.0
CB-5083,0.0
ERTEBEREL,0.0
VANUCIZUMAB,0.0
CHEMBL:CHEMBL604528,0.0
IVOSIDENIB,0.0
CHEMBL:CHEMBL1478462,0.0
PLOZALIZUMAB,0.0
ORBIFLOXACIN,0.0
EFIZONERIMOD,0.0
BESIFLOXACIN HYDROCHLORIDE,0.0
CHEMBL:CHEMBL602158,0.0
"ALUM, POTASSIUM",0.0
ESTRAMUSTINE PHOSPHATE SODIUM,0.0
CX157,0.0
LONCASTUXIMAB TESIRINE,0.0
APETX-1,0.0
BIVALENT BRD4 INHIBITOR AZD5153,0.0
BRAF(V600E) KINASE INHIBITOR RO5212054,0.0
CHEMBL:CHEMBL481161,0.0
DUSQUETIDE,0.0
GSK-356278,0.0
HYDROCORTISONE PROBUTATE,0.0
TEIJIN-LEAD_CMP_5,0.0
FD6,0.0
COMPOUND 3 [PMID: 21105727],0.0
HYDROXYCHLOROQUINE SULFATE,0.0
FLOTETUZUMAB,0.0
PF-4191834,0.0
BRIAKINUMAB,0.0
BUROSUMAB-TWZA,0.0
CHEMBL:CHEMBL502775,0.0
QUINAGOLIDE,0.0
5-HYDROXYMETHYL-2-FURFURAL,0.0
MONGERSEN,0.0
SB 243213,0.0
ZASOCITINIB,0.0
DARIZMETINIB,0.0
RECOMBINANT INTERLEUKIN-1 RECEPTOR ANTAGONIST,0.0
DAROLUTAMIDE,0.0
SD-208,0.0
MTOR KINASE INHIBITOR PP242,0.0
NSC600684,0.0
DELTORPHIN II,0.0
GLYH-101,0.0
CBIQ,0.0
ZALUNFIBAN,0.0
TYRPHOSTIN AG 1295,0.0
PAN-AKT KINASE INHIBITOR GSK690693,0.0
D[LEU4]LVP,0.0
HC067047,0.0
AUTOLOGOUS ANTI-BCMA-CAR-MRNA-TRANSFECTED CD8+ T-LYMPHOCYTES,0.0
ZELNECIRNON,0.0
CTCE-9908,0.0
CHEMBL:CHEMBL1863271,0.0
(+)-HA966,0.0
AVE-9940,0.0
COBIMETINIB FUMARATE,0.0
"12-HYDROXY-4,4-BISNOR-4,8,11,13-PODOCARPATETRAEN-3-ONE",0.0
COBITOLIMOD SODIUM,0.0
SERINE/THREONINE KINASE INHIBITOR CBP501,0.0
ERYTHROPOIESIS-STIMULATING AGENT,0.0
RETASPIMYCIN,0.0
GR 196429,0.0
DIMETHYLFORMAMIDE,0.0
ANTI-CD38 CAR T CELLS PREPARATION,0.0
GUANINE,0.0
ANTI-ERBB3 MONOCLONAL ANTIBODY CDX-3379,0.0
ALUNACEDASE ALFA,0.0
IRX-2,0.0
MULTI-GLIOBLASTOMA-PEPTIDE-TARGETING AUTOLOGOUS DENDRITIC CELL VACCINE ICT-107,0.0
ANTI-CD27L ANTIBODY-DRUG CONJUGATE AMG 172,0.0
INDIUM-111,0.0
SODIUM METAARSENITE,0.0
POTASSIUM CITRATE ANHYDROUS,0.0
VIT-100,0.0
TALC,0.0
HIV VACCINE,0.0
POLYVALENT MELANOMA VACCINE,0.0
HT-0712,0.0
BEDORADRINE SULFATE,0.0
DUAL IGF-1R/INSR INHIBITOR BMS-754807,0.0
"[LEU31,PRO34]NPY (PIG)",0.0
ALBUMIN HUMAN-KJDA,0.0
EPZ011989,0.0
BMS-813160,0.0
MEK INHIBITOR I,0.0
NADIDE,0.0
COMPOUND 6N [PMID: 31419141],0.0
COMPOUND 39 [PMID: 23623673],0.0
AUTOLOGOUS ANTI-CD19 CHIMERIC ANTIGEN RECEPTOR T-CELLS C-CAR011,0.0
ALATROFLOXACIN MESYLATE,0.0
CHEMBL:CHEMBL579882,0.0
"16,16-DIMETHYL-PGE2",0.0
COMPOUND 21 [PMID: 34141085],0.0
PG-102,0.0
ATOVAQUONE,0.0
[125I]NDP-MSH,0.0
INSULIN DETEMIR,0.0
(R)-FELODIPINE,0.0
METHYLTESTOSTERONE,0.0
COMPOUND 7A [PMID: 24884590],0.0
AME-527,0.0
ILAPRAZOLE,0.0
TYRPHOSTIN A25,0.0
OX-40 LIGAND,0.0
SACUBITRILAT,0.0
T1117,0.0
D-LACTIC ACID,0.0
NYX-2925,0.0
MESTANOLONE,0.0
S-49076,0.0
PEXIDARTINIB HYDROCHLORIDE,0.0
SIVIFENE,0.0
(R)-INDOPROFEN,0.0
AR-C126313,0.0
BEKM-1,0.0
PF-04191834,0.0
BORUSSERTIB,0.0
CHEMBL:CHEMBL589258,0.0
ERK INHIBITOR CC-90003,0.0
AGI-5198,0.0
SAPPANONE A 7-METHYL ETHER,0.0
DIRLOTAPIDE,0.0
1-NAPHTHOL,0.0
ENASIDENIB MESYLATE,0.0
"L-054,522",0.0
DEMOTATE 2,0.0
CHEMBL:CHEMBL2057864,0.0
B1-27,0.0
PAT5A,0.0
BADGE,0.0
MBX-8025,0.0
CHEMBL:CHEMBL480328,0.0
[19F]-HALOPERIDOL,0.0
CHEMBL:CHEMBL492528,0.0
RONOPTERIN,0.0
CHEMBL:CHEMBL195350,0.0
PD98059,0.0
4&ALPHA;-PDD,0.0
VACCINIA VACCINE,0.0
RECOMBINANT INTERLEUKIN-2,0.0
ANTI-CD40 MONOCLONAL ANTIBODY CHI LOB 7/4,0.0
SIFA-ASN(ACNH-&BETA;-GLC)-PEG-TYR3-OCTREOTATE,0.0
ANALOG 3 [PMID:18543899],0.0
INS48823,0.0
GW274150,0.0
MEDI0680,0.0
MDX-018,0.0
PELAREOREP,0.0
EFALIZUMAB,0.0
OSI-7904L,0.0
SHARK CARTILAGE EXTRACT AE-941,0.0
OBLIMERSEN,0.0
BIZELESIN,0.0
COMPOUND 1B [PMID: 18078750],0.0
5-OXO-ETE,0.0
UK-356202,0.0
NEOVASTAT,0.0
DEBRISOQUIN SULFATE,0.0
NAVOCAFTOR,0.0
REBAMIPIDE,0.0
CER-002,0.0
THIOURACIL,0.0
BOMPPA,0.0
BENZENETHIOL,0.0
UCM1014,0.0
CEP-9722,0.0
BETAMETHASONE SODIUM PHOSPHATE,0.0
INAMRINONE LACTATE,0.0
4‐BCCA,0.0
LIVER ENRICHED ANTIMICROBIAL PEPTIDE 2,0.0
BIM 28163,0.0
ABBOTT 14C,0.0
CGP 47656,0.0
NEUREGULIN-4,0.0
MUPADOLIMAB,0.0
PG01037,0.0
DEXAMETHASONE SODIUM PHOSPHATE,0.0
COMPOUND 7 [PMID: 20638279],0.0
HYDROCORTAMATE HYDROCHLORIDE,0.0
ALLISAN,0.0
RG-7256,0.0
BEFIRADOL,0.0
CEFONICID SODIUM,0.0
CHEMBL:CHEMBL1256174,0.0
TERAMEPROCOL,0.0
NM-3,0.0
LIDORESTAT,0.0
TRIFLUMIZOLE,0.0
UMIFENOVIR,0.0
X-396,0.0
CHELIDONINE (+),0.0
TRICHLORFON,0.0
PIRENZEPINE HYDROCHLORIDE,0.0
IRISOLIDONE,0.0
XYLOMETAZOLINE HYDROCHLORIDE,0.0
CHEMBL:CHEMBL600769,0.0
CINACALCET HYDROCHLORIDE,0.0
ANDALUSOL,0.0
DALUTRAFUSP ALFA,0.0
BETAMETHASONE VALERATE,0.0
CHEMBL:CHEMBL582694,0.0
CHEMBL:CHEMBL601320,0.0
CARBOSULFAN,0.0
2-ARACHIDONYL GLYCERYL ETHER,0.0
CHEMBL:CHEMBL121556,0.0
ARISTOLACTONE,0.0
ETOCARLIDE,0.0
BROTIZOLAM,0.0
TRASTUZUMAB DUOCARMAZINE,0.0
ADX88178,0.0
CHEMBL:CHEMBL589469,0.0
CHEMBL:CHEMBL586982,0.0
ISOBONDUCELLIN,0.0
CARBENDAZIM,0.0
RO 04-6790,0.0
FEXUPRAZAN,0.0
NOMEGESTROL ACETATE,0.0
EMB-01,0.0
GILORALIMAB,0.0
GSK2849466,0.0
TEBUFENPYRAD,0.0
VABAMETKIB,0.0
GS-9901,0.0
FOSFESTROL,0.0
CHEMBL:CHEMBL1256920,0.0
PRILIXIMAB,0.0
LUMACAFTOR,0.0
GERANYL DIPHOSPHATE,0.0
METHYLPREDNISOLONE SODIUM SUCCINATE,0.0
AUY922,0.0
FPYVAE PEPTIDE [PMID: 20494585],0.0
COMPOUND 2F [PMID: 2153213],0.0
COMPOUND 11NN [PMID: 1656041],0.0
DFGYVAE,0.0
SAR-566658,0.0
LORCASERIN HYDROCHLORIDE,0.0
NARATRIPTAN HYDROCHLORIDE,0.0
XL-820,0.0
OLPRINONE,0.0
UCM 765,0.0
COMPOUND 29 [PMID: 15686906],0.0
CID1792197,0.0
CAMOTESKIMAB,0.0
PENCONAZOLE,0.0
CHEMBL:CHEMBL194881,0.0
CCR5 MAB,0.0
[3H]ELETRIPTAN,0.0
BMS-817378,0.0
BALSALAZIDE,0.0
DIPHENYLSULFANE,0.0
ATR INHIBITOR ART0380,0.0
RACECADOTRIL,0.0
SU11274,0.0
SC-435,0.0
MRS2957,0.0
MRS2802,0.0
UCM-1306,0.0
RG-7160,0.0
CILTACABTAGENE AUTOLEUCEL,0.0
4P-PDOT,0.0
DMPP,0.0
ATACICEPT,0.0
LEBRIKIZUMAB,0.0
ERW1041E,0.0
IMC-1C11,0.0
RLY-2608,0.0
ICOVAMENIB,0.0
TRK INHIBITOR,0.0
DAROMUN,0.0
GSK2193874,0.0
A(4-24)(F23A)H2,0.0
OFRANERGENE OBADENOVEC,0.0
CHEMBL:CHEMBL602526,0.0
TERN-101,0.0
GSK-2586881,0.0
CAVOSONSTAT,0.0
ACORAFLOXACIN,0.0
EPITUMOMAB,0.0
GLOFITAMAB,0.0
CHEMBL:CHEMBL8483,0.0
CYCLOFENIL,0.0
COVA322,0.0
GRACILIN A,0.0
PELITREXOL,0.0
OSI-7904,0.0
BALSTILIMAB,0.0
AZD2207,0.0
R-333,0.0
CP-778875,0.0
EFATUTAZONE HYDROCHLORIDE,0.0
DAGROCORAT,0.0
JTE-151,0.0
FLUDROCORTISONE ACETATE,0.0
JMV3008,0.0
MITOGUAZONE,0.0
BAY-1125976,0.0
OLOKIZUMAB,0.0
TANAPROGET,0.0
CHEMBL:CHEMBL582983,0.0
LEDIPASVIR,0.0
THYMOL IODIDE,0.0
OZORALIZUMAB,0.0
METHANDROSTENOLONE,0.0
AMG-548,0.0
AZEPEXOLE,0.0
CYANIN,0.0
CHEMBL:CHEMBL309917,0.0
CHEMBL:CHEMBL1256868,0.0
CALYCULIN A,0.0
EXIFONE,0.0
CHEMBL:CHEMBL1333798,0.0
TK05,0.0
NS3623,0.0
BUPROFEZIN,0.0
COMPOUND 47 [PMID: 18800762],0.0
BENZOPHENONE,0.0
ALPHA-ENDOSULFAN,0.0
DL-LACTIC ACID,0.0
IMIDACLOPRID,0.0
IONIS-FGFR4RX,0.0
PYROCATECHOL VIOLET,0.0
5-METHOXYISATIN,0.0
CHEMBL:CHEMBL582073,0.0
CR002,0.0
TOLUIC ACID,0.0
BENZALKONIUM CHLORIDE,0.0
CHEMBL:CHEMBL1467165,0.0
TRENBOLONE ACETATE,0.0
CROMOLYN SODIUM,0.0
CHEMBL:CHEMBL124460,0.0
FLUACIZINE,0.0
ALAPROCLATE HYDROCHLORIDE,0.0
GSK591,0.0
MERSALYL,0.0
TALIPEXOLE,0.0
OCHROMYCINONE,0.0
CLOSTEBOL,0.0
CHEMBL:CHEMBL242385,0.0
CHEMBL:CHEMBL598903,0.0
COCLAURINE,0.0
CHEMBL:CHEMBL581257,0.0
CHEMBL:CHEMBL1494650,0.0
AMITRIPTYLINOXIDE,0.0
CYMOXANIL,0.0
CHEMBL:CHEMBL547407,0.0
LISINOPRIL HYDRATE,0.0
CHEMBL:CHEMBL2182009,0.0
CASEARINONE B,0.0
PALINURIN,0.0
DIMETHISOQUIN HYDROCHLORIDE,0.0
CHEMBL:CHEMBL1386434,0.0
CHEMBL:CHEMBL451158,0.0
COMPOUND 9 [PMID: 15615544],0.0
BT-11,0.0
OMBITASVIR/PARITAPREVIR/RITONAVIR,0.0
SULFONE ANTI-INFECTIVE AGENT,0.0
NVP‐TNKS656,0.0
ALMOTRIPTAN,0.0
ROPEGINTERFERON ALFA-2B,0.0
OTERACIL POTASSIUM,0.0
RECOMBINANT THYROID-STIMULATING HORMONE,0.0
NPY-(3-36) (PIG),0.0
COMPOUND 27F [PMID: 25625617],0.0
CEFEPIME,0.0
AURANOFIN,0.0
DTRIM24,0.0
DITIOCARB,0.0
AVE-1625,0.0
DC 23-60,0.0
MIZAGLIFLOZIN,0.0
VEGFRECINE,0.0
GANITUMAB,0.0
MK-6913,0.0
LY3023703,0.0
VADACABTAGENE LERALEUCEL,0.0
PAN-RAF INHIBITOR XP-102,0.0
MEK INHIBITOR GDC-0623,0.0
IIK7,0.0
ECHINATIN,0.0
LUCIDUMOL A,0.0
CHEMBL:CHEMBL2088730,0.0
CHEMBL:CHEMBL599712,0.0
IPRONIAZID PHOSPHATE,0.0
IMGATUZUMAB,0.0
SB-219993,0.0
GW7845,0.0
[125I]SB-236636,0.0
&MU;-CONOTOXIN GIIIA,0.0
INGLIFORIB,0.0
UCSF4226,0.0
COMPOUND 3 [PMID: 31804822],0.0
RO4491533,0.0
FARNESOL,0.0
HEPATOCYTE GROWTH FACTOR,0.0
AZ12260493,0.0
GSK575594A,0.0
LODOXAMIDE TROMETHAMINE,0.0
[125I][TYR4]GHRELIN (HUMAN),0.0
NPS-2143,0.0
CYTOPROTECTIVE AGENT,0.0
IBUFENAC,0.0
[TYR34]PTH-(1-34) (HUMAN),0.0
APATORSEN,0.0
TIVANTINIB,0.0
ENVONALKIB,0.0
RECOMBINANT HUMAN ENDOSTATIN,0.0
GMA-161,0.0
ONO-7579,0.0
PELCITOCLAX,0.0
IMMUNOSTIMULANT,0.0
FLOVAGATRAN,0.0
CG0070,0.0
AS1409,0.0
AVACINCAPTAD PEGOL,0.0
CVX-060,0.0
HALCINONIDE,0.0
ASENAPINE MALEATE,0.0
SIDURON,0.0
OXADIAZON,0.0
FOLPET,0.0
STIBOGLUCONATE,0.0
BROMUCONAZOLE,0.0
NIMOTUZUMAB,0.0
GSK2981278,0.0
TRIBUTYLCHLOROSTANNANE,0.0
CHEMBL:CHEMBL588143,0.0
PIMARIC ACID,0.0
"[ILE5,TRP23]PTHRP-(2-36) (HUMAN)",0.0
MRS4162-BODIPY CONJUGATE,0.0
SALSALATE,0.0
RHODOMYRTOXIN B,0.0
GLABROL,0.0
STAT3 INHIBITOR OPB-51602,0.0
PROGESTOGEN,0.0
ISIS 113715,0.0
AMG-131,0.0
INSULIN GLARGINE-YFGN,0.0
CIMAGLERMIN ALFA,0.0
SOFOSBUVIR / VELPATASVIR / VOXILAPREVIR,0.0
TOFERSEN,0.0
ESMETHADONE,0.0
CHEMBL:CHEMBL602946,0.0
BERKELEYAMIDE C,0.0
LISSOCLINIDINE B,0.0
ARTHONIOIC ACID,0.0
CHEMBL:CHEMBL2313444,0.0
COMPOUND 27 [PMID: 21123062],0.0
ARGENTEOSIDE A,0.0
"2,4,6-TRIHYDROXYACETOPHENONE",0.0
CHEMBL:CHEMBL1077773,0.0
CHEMBL:CHEMBL144757,0.0
DIBEKACIN,0.0
LUTEINIZING HORMONE,0.0
DITHIODIMORPHOLINE,0.0
(R)-NITRENDIPINE,0.0
DROFENINE HYDROCHLORIDE,0.0
CHEMBL:CHEMBL1257013,0.0
&ALPHA;-BUNGAROTOXIN,0.0
COMPOUND 18 [PMID: 20873740],0.0
IBRITUMOMAB TIUXETAN,0.0
DIBUTYLDICHLOROSTANNANE,0.0
QUININE ETHYLCARBONATE,0.0
BRD9185,0.0
CHEMBL:CHEMBL588749,0.0
SULFAQUINOXALINE,0.0
AMITRAZ,0.0
CHEMBL:CHEMBL582697,0.0
CHEMBL:CHEMBL403308,0.0
REMTOLUMAB,0.0
GLPDGG PEPTIDE [PMID: 20494585],0.0
ONFASPRODIL,0.0
BPH-715,0.0
BMS-214662,0.0
PEGARGIMINASE,0.0
COMPOUND 19 [PMID: 35925768],0.0
ENITOCICLIB,0.0
RO116-4875/608,0.0
INHIBITOR E18,0.0
PXS-4728A,0.0
COMPOUND 14 [PMID: 18800762],0.0
DENBUFYLLINE,0.0
CHEMBL:CHEMBL581868,0.0
HEMOPRESSIN,0.0
MONOCILLIN I,0.0
MCS-110,0.0
MONO-DGA-RFB4,0.0
MEDI-8968,0.0
GLECAPREVIR,0.0
EBROTIDINE,0.0
BENDAZAC,0.0
ONCOLYSIN S,0.0
N-{3-[(4-{[3-(TRIFLUOROMETHYL)PHENYL]AMINO}PYRIMIDIN-2-YL)AMINO]PHENYL}CYCLOPROPANECARBOXAMIDE,0.0
FICONALKIB,0.0
SDZ SER-082,0.0
LIPIDYL PSEUDOPTERANE A,0.0
SERGLIFLOZIN ETABONATE,0.0
SIMOTINIB,0.0
GW590735,0.0
SD-0006,0.0
LY2452473,0.0
CLX-0921,0.0
PF-05019702,0.0
PIRBUTEROL ACETATE,0.0
SOMATREM,0.0
CACA,0.0
ASP-8374,0.0
ATM INHIBITOR M 3541,0.0
PALUPIPRANT,0.0
BLZ-945,0.0
ESTROGEN,0.0
RISANKIZUMAB,0.0
ALACIZUMAB PEGOL,0.0
DSM421,0.0
TECALCET,0.0
CHEMBL:CHEMBL600908,0.0
GW-406381,0.0
METAGLIDASEN,0.0
TORUDOKIMAB,0.0
LONAPEGSOMATROPIN,0.0
GC1118,0.0
ABICIPAR PEGOL,0.0
PEGTEOGRASTIM,0.0
FIANLIMAB,0.0
IMSIDOLIMAB,0.0
PF-06459988,0.0
FOSTAMATINIB DISODIUM,0.0
AMG-319,0.0
COMPOUND 16 [PMID: 20947351],0.0
TUBACIN,0.0
ONERCEPT,0.0
K-877,0.0
AZD5672,0.0
ELUBRIXIN,0.0
LY2245461,0.0
MIVAVOTINIB CITRATE,0.0
PWT-33579,0.0
ARQ-736,0.0
SANTACRUZAMATE A,0.0
AZD3514,0.0
SECUKINUMAB,0.0
LEVALBUTEROL TARTRATE,0.0
INSULIN PURIFIED BEEF,0.0
AXT914,0.0
VARDENAFIL HYDROCHLORIDE TRIHYDRATE,0.0
ISIS-2503,0.0
CUSATUZUMAB,0.0
PLOVAMER ACETATE,0.0
CHEMBL:CHEMBL1594756,0.0
CIFEA,0.0
RU28318,0.0
HYDROCORTISONE SODIUM PHOSPHATE,0.0
ANDROGEN RECEPTOR ANTAGONIST ONC1-0013B,0.0
CHEMBL:CHEMBL528373,0.0
CHEMBL:CHEMBL421431,0.0
TRIMETHYL-OCTADECYL-AMMONIUM CHLORIDE,0.0
HYDRAZOBENZENE,0.0
CHEMBL:CHEMBL592819,0.0
CHEMBL:CHEMBL128729,0.0
FF-10501-01,0.0
METACRESOL,0.0
DITHIANON,0.0
CEFPODOXIME PROXETIL,0.0
LY-2183240,0.0
YEZOQUINOLIDE,0.0
DERRUSNIN,0.0
TILNOPROFEN ARBAMEL,0.0
CHEMBL:CHEMBL557670,0.0
TAZOBACTAM SODIUM,0.0
CHEMBL:CHEMBL1834951,0.0
CHEMBL:CHEMBL582764,0.0
PROBE 2.1 [PMID: 24187130],0.0
AZ7188,0.0
PROLACTIN G129R,0.0
GANTOFIBAN,0.0
GGSTOP,0.0
CHEMBL:CHEMBL589479,0.0
AVI-4557,0.0
YSIL6,0.0
METHOPRENE,0.0
A27.15,0.0
ETHOFUMESATE,0.0
CHLORBROMURON,0.0
WHILE OLIVETOL,0.0
HOLACANTHONE,0.0
SHINPTEROCARPIN,0.0
CHEMBL:CHEMBL600334,0.0
KAVAIN,0.0
DEOXYURIDINE MONOPHOSPHATE,0.0
BUFOTENINE,0.0
FLUOROMETHOLONE,0.0
FMS586,0.0
LUVIXASERTIB,0.0
GSK1016790A,0.0
"MALTOTRIOSE-[125I][TYR3,THR8]OCTREOTIDE",0.0
SERGLIFLOZIN,0.0
COMPOUND 16 [PMID: 19097778],0.0
COMPOUND 1J [PMID: 26314925],0.0
TIP39-(7-39) (MOUSE),0.0
[TYR36]-PTHRP-(1-36) AMIDE (HUMAN),0.0
TIP39-(9-39) (HUMAN/BOVINE),0.0
NICOTINE BITARTRATE,0.0
OXYPURINOL,0.0
AZ8838,0.0
PG-901,0.0
METHYLPARABEN,0.0
ELTOPRAZINE,0.0
COMPOUND III [PMID: 24045148],0.0
FGFR4 ANTAGONIST INCB062079,0.0
MAUROTOXIN,0.0
COMPOUND 3V [PMID: 27390066],0.0
MK-0773,0.0
BIMOSIAMOSE,0.0
RHODACYANINE ANALOG MKT-077,0.0
MOTESANIB DIPHOSPHATE,0.0
FF-10101,0.0
DEGLYCOSYLATED RICIN A CHAIN-CONJUGATED ANTI-CD19/ANTI-CD22 IMMUNOTOXINS,0.0
PYRUVATE KINASE INHIBITOR TLN-232,0.0
ANDROGEN RECEPTOR ANTISENSE OLIGONUCLEOTIDE AZD5312,0.0
AUTOLOGOUS ANTI-BCMA-CAR-4-1BB-CD3ZETA-EXPRESSING T-CELLS C-CAR088,0.0
NXN-188,0.0
CYCLOPENTENYL CYTOSINE,0.0
LECOZOTAN HYDROCHLORIDE,0.0
ODM-203,0.0
FENBUFEN,0.0
CINACIGUAT,0.0
MPI-0479605,0.0
NICARAVEN,0.0
AROFYLLINE,0.0
TEMUTERKIB,0.0
"INSULIN, REGULAR, PORK",0.0
SHP2 INHIBITOR PF-07284892,0.0
6-METHYLFLAVONE,0.0
CHEMBL:CHEMBL453797,0.0
BENAZEPRIL HYDROCHLORIDE,0.0
PALMATINE CHLORIDE HYDRATE,0.0
PROGLUMETACIN,0.0
BROMOCHLOROACETIC ACID,0.0
MTOR KINASE INHIBITOR AZD8055,0.0
DILMAPIMOD,0.0
MEM 1414,0.0
KB002,0.0
1D09C3,0.0
MP1104,0.0
WX-UK1,0.0
NAVARIXIN,0.0
ZALIFRELIMAB,0.0
INTERFERON ALFA,0.0
NERATINIB MALEATE,0.0
MECHLORETHAMINE HYDROCHLORIDE,0.0
TAK-733,0.0
XL228,0.0
BROLAMFETAMINE,0.0
CRUFOMATE,0.0
AUTOLOGOUS BCMA/TACI-TARGETED CAR T CELLS AUTO2,0.0
CHEMBL:CHEMBL259327,0.0
ABT-925,0.0
FURFURAL,0.0
DIENOGEST,0.0
RP-6530,0.0
PEXASTIMOGENE DEVACIREPVEC,0.0
EPITESTOSTERONE,0.0
PHA-680632,0.0
ICOTINIB HYDROCHLORIDE,0.0
FTORMETAZINE,0.0
HEXADECYLTRIMETHYLAMMONIUM CHLORIDE,0.0
CHEMBL:CHEMBL292352,0.0
KC706,0.0
QUINAPRIL,0.0
VARLILUMAB,0.0
UAMC00039,0.0
SONTUZUMAB,0.0
MULTIVITAMIN,0.0
DX600,0.0
NKY80,0.0
DIHYDROXYBERGAMOTTIN,0.0
COMPOUND 18C [PMID:19143533],0.0
BAZEDOXIFENE ACETATE,0.0
ELBASVIR,0.0
DERSALAZINE,0.0
COBITOLIMOD,0.0
"[LEU31,PRO34]PYY (HUMAN)",0.0
ETHYLENEDIAMINE,0.0
AMCENESTRANT,0.0
[14C]ACETYLCOA,0.0
AMINOPTERIN,0.0
CHEMBL:CHEMBL594772,0.0
BIIB-023,0.0
VENADAPARIB,0.0
PARP/TANKYRASE INHIBITOR 2X-121,0.0
COMPOUND 5K [PMID: 23528296],0.0
DEMETHYLWEDELOLACTONE,0.0
(+/-)-PENTAACETYLCATECHIN,0.0
MULTIDRUG RESISTANCE MODULATOR,0.0
ARZOXIFENE,0.0
BOMBESIN ANTAGONIST,0.0
"INSULIN ZINC, PROMPT",0.0
COMPOUND 3 [PMID: 18255300],0.0
CID16020046,0.0
GABACULINE HYDROCHLORIDE,0.0
HEME,0.0
ENDOSULFAN,0.0
NADIFLOXACIN,0.0
CHEMBL:CHEMBL1594640,0.0
CHEMBL:CHEMBL598608,0.0
GARENOXACIN MESYLATE,0.0
PXS-4681A,0.0
PROTEIN KINASE A INHIBITOR,0.0
ODIPARCIL,0.0
TLR9 AGONIST SD-101,0.0
VIAGENPUMATUCEL-L,0.0
ONFEKAFUSP ALFA,0.0
PLAMOTAMAB,0.0
PACANALOTAMAB,0.0
INCB-047986,0.0
GNF-5,0.0
ALAGEBRIUM CHLORIDE,0.0
CHEMBL:CHEMBL118378,0.0
AUTO3,0.0
PUERARIN,0.0
SARUPLASE,0.0
GEMOGENOVATUCEL-T,0.0
LAPULEUCEL-T,0.0
BRIMAPITIDE,0.0
CCT245737,0.0
CEP-7055,0.0
CHEMBL:CHEMBL579640,0.0
CHEMBL:CHEMBL1481509,0.0
GO-203-2C,0.0
OMO-1,0.0
RECOMBINANT HUMAN MONOCYTE CHEMOATTRACTANT PROTEIN-2,0.0
CHEMBL:CHEMBL587104,0.0
EUROPIUM-LABELLED RELAXIN,0.0
SIALYL LEWIS X,0.0
ACRIDINE,0.0
CCL17,0.0
ST034307,0.0
[11C]AZ10419369,0.0
LY-2623091,0.0
TRANSFERRIN RECEPTOR-TARGETED LIPOSOMAL P53 CDNA,0.0
PERUVOSIDE,0.0
ORE-1001,0.0
AGONISTIC ANTI-OX40 MONOCLONAL ANTIBODY INCAGN01949,0.0
GLPG-0259,0.0
ADENOVIRUS 5-CD40 LIGAND,0.0
CCL22,0.0
AUTOLOGOUS DENDRITIC CELLS TRANSDUCED WITH WILD-TYPE P53 ADENOVIRUS VACCINE,0.0
[3H]DIPRENORPHINE,0.0
L-LACTIC ACID,0.0
VALPROPYLHYDROXAMIC ACID,0.0
NAGRESTIPEN,0.0
CT-1578,0.0
MAPK13-IN-1,0.0
ERLIZUMAB,0.0
BIPHENYLINDANONE A,0.0
CANAKINUMAB,0.0
ANTI-C-MET MONOCLONAL ANTIBODY SAIT301,0.0
CHEMBL:CHEMBL1927048,0.0
CIM0216,0.0
RELACORILANT,0.0
VK5211,0.0
GREPAFLOXACIN HYDROCHLORIDE,0.0
BASILIXIMAB,0.0
DIMETHOMORPH,0.0
CHEMBL:CHEMBL453384,0.0
VEGF RECEPTOR 2 KINASE INHIBITOR IV,0.0
FLUPHENAZINE ENANTHATE,0.0
HORMONE THERAPY AGENT,0.0
FLUORESCEIN DIACETATE,0.0
BENFURACARB,0.0
E-101 SOLUTION,0.0
GYROPHORIC ACID,0.0
COMPOUND 1 [PMID: 24900526],0.0
METHOXYARACHIDONOYL FLUOROPHOSPHONATE,0.0
METHYLCURCUMIN,0.0
TRAMIPROSATE,0.0
AGS62P1,0.0
HSP90 INHIBITOR LAM-003,0.0
ANTI-CD47/ANTI-PD-L1 BISPECIFIC ANTIBODY PF-07257876,0.0
FRILUGLANSTAT,0.0
COMPOUND 5  [PMID: 24900526],0.0
AT-56,0.0
VEGF RECEPTOR 2 KINASE INHIBITOR II,0.0
1400W,0.0
CYCLOPHOSPHAMIDE,0.0
CHLOROBENZILATE,0.0
RILOTUMUMAB,0.0
ANTI-CD19 CAR T-CELLS XLCART001,0.0
INSULIN SUSP PROTAMINE ZINC PURIFIED PORK,0.0
DEXAMETHASONE VALARATE,0.0
JNJ-46281222,0.0
DEPUDECIN,0.0
ECTODYSPLASIN A1,0.0
SODIUM SELENITE,0.0
CCT241533,0.0
[33P]2MESADP,0.0
IL-15,0.0
LW106,0.0
NOX-6-7,0.0
JI-38,0.0
RLX-33,0.0
COMPOUND 37 [PMID: 29193967],0.0
P2PAL18S,0.0
AZ2429,0.0
UTP&GAMMA;S,0.0
THYMALFASIN,0.0
&ALPHA;-CONOTOXIN PIA,0.0
UCM 549,0.0
LOSMAPIMOD,0.0
FUTUXIMAB,0.0
FUDOSTEINE,0.0
XL820,0.0
TT-232,0.0
BENODANIL,0.0
TEBUFENOZIDE,0.0
FLUDIOXONIL,0.0
CHEMBL:CHEMBL2347630,0.0
PREDNISOLONE HEMISUCCINATE,0.0
NEROLIDOL,0.0
ZD-7155,0.0
CHEMBL:CHEMBL443436,0.0
CHEMBL:CHEMBL545184,0.0
CHEMBL:CHEMBL15134,0.0
CHEMBL:CHEMBL462731,0.0
CHINIOFON,0.0
CHEMBL:CHEMBL192264,0.0
CHEMBL:CHEMBL74644,0.0
BROMFENAC SODIUM,0.0
CHEMBL:CHEMBL1256995,0.0
ARANIDIPINE,0.0
MIFAMURTIDE,0.0
NAPROXEN ETEMESIL,0.0
CANERTINIB DIHYDROCHLORIDE,0.0
ASOPRISNIL,0.0
CENICRIVIROC,0.0
XL-281,0.0
CHEMBL:CHEMBL591631,0.0
COSIBELIMAB,0.0
FINOTONLIMAB,0.0
EMVODODSTAT,0.0
RAGIFILIMAB,0.0
QUETMOLIMAB,0.0
DANOPREVIR,0.0
AMG-157,0.0
YTTRIUM Y 90 EPRATUZUMAB TETRAXETAN,0.0
DROZITUMAB,0.0
PG-760564,0.0
IMETELSTAT SODIUM,0.0
PEGVISOMANT,0.0
"ESTROGENS, ESTERIFIED (USP)",0.0
PARAMETHASONE ACETATE,0.0
DESOXYCORTICOSTERONE PIVALATE,0.0
INSULIN ZINC SUSP PURIFIED BEEF,0.0
INSULIN SUSP ISOPHANE BEEF/PORK,0.0
INSULIN ZINC SUSP EXTENDED PURIFIED BEEF,0.0
CHEMBL:CHEMBL443343,0.0
HEFI-1,0.0
XL418,0.0
ADERBASIB,0.0
"2,2',4,4',5,5'-HEXACHLOROBIPHENYL",0.0
CHEMBL:CHEMBL1801219,0.0
COMPOUND 19A [PMID: 26506089],0.0
IANALUMAB,0.0
EPOETIN THETA,0.0
PEMAFIBRATE,0.0
MICROPARTICLE MDP/BACTERIAL DNA-CONTAINING MIS416,0.0
UNFRACTIONATED HEPARIN,0.0
VILOBELIMAB,0.0
DIMETHISTERONE,0.0
"3,3',4',5-TETRACHLOROSALICYLANILIDE",0.0
CHEMBL:CHEMBL415711,0.0
PHENOXYETHANOL,0.0
CHEMBL:CHEMBL577222,0.0
FLUORESCEIN DIPHOSPHATE,0.0
CHEMBL:CHEMBL589207,0.0
CHEMBL:CHEMBL108851,0.0
D-ALPHA-TOCOPHEROL ACETATE,0.0
R-112,0.0
AEE-788,0.0
DRF-10945,0.0
INDEGLITAZAR,0.0
CE-245677,0.0
4SC-203,0.0
GEMIFLOXACIN MESYLATE,0.0
FOSAMPRENAVIR,0.0
BITOLTEROL MESYLATE,0.0
ZANIDATAMAB,0.0
RADICICOL,0.0
GLYCOSYLATED RECOMBINANT HUMAN INTERLEUKIN-7,0.0
PERAZINE,0.0
2-(INDOLIN-1YL)-MELATONIN,0.0
AM095,0.0
CHEMBL:CHEMBL44011,0.0
TANNIN PYROGALLOL,0.0
PI3K/MTOR KINASE INHIBITOR PF-04691502,0.0
ZEMIRCICLIB,0.0
OMEGA-CHLOROACETOPHENONE,0.0
CHEMBL:CHEMBL1256719,0.0
METILDIGOXIN,0.0
CHEMBL:CHEMBL2205805,0.0
CHEMBL:CHEMBL166112,0.0
ALTISSIMACOUMARIN C,0.0
PHTHALIC ACID,0.0
DODECYL GALLATE,0.0
CHEMBL:CHEMBL583150,0.0
NF-KAPPAB DECOY,0.0
TERCONAZOLE,0.0
PHENETHYL ISOCYANATE,0.0
MK-2201,0.0
PTH-(1-34) (RAT),0.0
BUTINOLINE,0.0
JMR-132,0.0
CRISDESALAZINE,0.0
CHEMBL:CHEMBL522887,0.0
CHEMBL:CHEMBL1459149,0.0
CHEMBL:CHEMBL1915270,0.0
FLUOXYMESTERONE,0.0
YKP-1358,0.0
ZANOLIMUMAB,0.0
VX-765,0.0
SNS01-T,0.0
GOLVATINIB,0.0
NN-DIMETHYL-D-ERYTHROSPHINGOSINE,0.0
OPHIOBOLIN O,0.0
TIBOLONE,0.0
CHEMBL:CHEMBL563777,0.0
INSULIN SUSP PROTAMINE ZINC PURIFIED BEEF,0.0
OMEGA-3 FATTY ACIDS,0.0
AMINOCAMPTOTHECIN,0.0
PYRIPROXYFEN,0.0
CHEMBL:CHEMBL1871992,0.0
RETRO-INVERSO PEPTIDE,0.0
RECOMBINANT ALPHA CHEMOKINE,0.0
CHEMBL:CHEMBL608846,0.0
BISABOLOL,0.0
CHEMBL:CHEMBL588965,0.0
RECOMBINANT FRACTALKINE,0.0
CHEMBL:CHEMBL250053,0.0
CHEMBL:CHEMBL609027,0.0
"2,4,6-TRIBROMOPHENOL",0.0
PF-05230907,0.0
CURCUMIN PYRAZOLE,0.0
ANTI-BCMA CAR T CELLS PREPARATION,0.0
NITROBENZENE,0.0
LLY-283,0.0
CILOMILAST,0.0
"COMPOUND 5 [TOMASSI ET AL., 2020]",0.0
CLASCOTERONE,0.0
PAN-HER KINASE INHIBITOR AC480,0.0
ANABASINE,0.0
LY2389575,0.0
VALNEMULIN,0.0
CENTAUREIDIN,0.0
NOVIFLUMURON,0.0
SULFAPYRIDINE,0.0
ACALABRUTINIB MALEATE,0.0
MSC-2364447,0.0
DIHYDROERGOTOXINE,0.0
METHENOLONE ENANTHATE,0.0
N-PROPYL BROMIDE,0.0
(+)-DOI,0.0
FN-1501,0.0
PIRITREXIM,0.0
EUGENYL BENZOAT,0.0
CHEMBL:CHEMBL202243,0.0
SB 277011-A,0.0
SALINOMYCIN,0.0
PHYTOSTEROL,0.0
TUNLAMETINIB,0.0
STRONTIUM RANELATE,0.0
135PAM1,0.0
ESTETROL,0.0
SEMZUVOLIMAB,0.0
CENDAKIMAB,0.0
ANTI-CD30 CAR T CELLS PREPARATION,0.0
NPS(1-4)NH2,0.0
LICOAGRONE,0.0
MET-CK&BETA;7,0.0
GSK COMPOUND 34,0.0
CHEMBL:CHEMBL529741,0.0
CHEMBL:CHEMBL1099140,0.0
METHIOCARB,0.0
SALUBRINAL,0.0
CHEMBL:CHEMBL259820,0.0
ENDOSULFAN SULFATE,0.0
METOLACHOR,0.0
TRETAZICAR,0.0
VMIP-III,0.0
CHEMBL:CHEMBL1683024,0.0
OCTABENZONE,0.0
ISOXABEN,0.0
CHEMBL:CHEMBL74675,0.0
COMPOUND 9 [PMID: 1738140],0.0
ZENARESTAT,0.0
CUDRAFLAVONE B,0.0
IMETIT DIHYDROBROMIDE,0.0
CYSTEINE,0.0
"4,2',4',6'-TETRAHYDROXYCHALCONE",0.0
IODO-WILLARDIINE,0.0
CHEMBL:CHEMBL1580175,0.0
CHEMBL:CHEMBL1254091,0.0
(S)-SARGACHROMENOL,0.0
NSC 23766,0.0
CHEMBL:CHEMBL602408,0.0
CHEMBL:CHEMBL241813,0.0
YESSOTOXIN,0.0
CHEMBL:CHEMBL600773,0.0
FLUOCINOLONE ACETONIDE,0.0
PIPERIDOLATE HYDROCHLORIDE,0.0
DARBUFELONE MESYLATE,0.0
CPG-52852,0.0
METHYLISOTHIOCYANATE,0.0
CHEMBL:CHEMBL1404865,0.0
RG-1512,0.0
MATUZUMAB,0.0
NS004,0.0
UCCF-339,0.0
BUDIGALIMAB,0.0
OXEGLITAZAR,0.0
DOPEXAMINE,0.0
ORISMILAST,0.0
LODAPOLIMAB,0.0
CARBOXYAMIDOTRIAZOLE OROTATE,0.0
BMN-044,0.0
AFLATOXIN B1,0.0
LEVILIMAB,0.0
CSL-324,0.0
TNX-650,0.0
PRUXELUTAMIDE,0.0
DNA METHYLTRANSFERASE INHIBITOR,0.0
RECOMBINANT SOLUBLE HUMAN CD4 PROTEIN,0.0
RECOMBINANT INTERLEUKIN-1-ALPHA,0.0
OLINVACIMAB,0.0
MICAFUNGIN,0.0
CHEMBL:CHEMBL53738,0.0
HIPPURISTANOL,0.0
UCCF-029,0.0
MULBERROFURAN H,0.0
CARDAMOMIN,0.0
CHEMBL:CHEMBL555242,0.0
BROMOCRIPTINE MESYLATE,0.0
FARUDODSTAT,0.0
GIGANTOL,0.0
HYDRASTINE,0.0
VERMISTATIN,0.0
OXABOLONE CIPIONATE,0.0
2-NITROFLUORENE,0.0
NIZOFENONE,0.0
TECHNETIUM TC 99M SUCCIMER,0.0
RAFUTROMBOPAG,0.0
IMALUMAB,0.0
PACMILIMAB,0.0
ITEPEKIMAB,0.0
ALFLUTINIB,0.0
CILUPREVIR,0.0
CANRENOATE POTASSIUM,0.0
BC8 131I,0.0
SALICYLHYDROXAMIC ACID,0.0
CHEMBL:CHEMBL602922,0.0
CHEMBL:CHEMBL528119,0.0
DESERPIDINE,0.0
CHEMBL:CHEMBL601311,0.0
CHEMBL:CHEMBL2058994,0.0
PICONOL,0.0
RADANAMYCIN,0.0
CHEMBL:CHEMBL255683,0.0
CHEMBL:CHEMBL2208197,0.0
DICHLORODIPHENYLDICHLOROETHYLENE,0.0
MONO-N-ACETYL DAPSONE,0.0
MERCURIC IODIDE,0.0
CHEMBL:CHEMBL1256025,0.0
CHEMBL:CHEMBL589238,0.0
SEGESTERONE ACETATE,0.0
CSL-360,0.0
ENLIMOMAB,0.0
TELOMESTATIN,0.0
CASEARINOL B,0.0
ETHINYLESTRADIOL/DROSPIRENONE/PRASTERONE,0.0
ISORHAMNETIN,0.0
HOMATROPINE HYDROBROMIDE,0.0
SIALYL TN ANTIGEN,0.0
HYPOXANTHINE,0.0
SYNTHETIC HUMAN PAPILLOMAVIRUS 16 E6 PEPTIDE,0.0
RECOMBINANT TUMOR NECROSIS FACTOR-BETA,0.0
RICIN,0.0
AUTOLOGOUS ANTI-CD20 CAR TRANSDUCED CD4/CD8 ENRICHED T-CELLS MB-CART20.1,0.0
CEPHALOSTATIN,0.0
CHEMBL:CHEMBL1506226,0.0
IMD-0354,0.0
TRAFERMIN,0.0
DELPHINIDIN,0.0
FP-1039,0.0
BRENTUXIMAB,0.0
PL37,0.0
FINERENONE,0.0
"2- (2,6-DIMETHOXYPHENOXYETHYL)AMINOMETHYL-1,4-BENZODIOXANE HYDROCHLORIDE (WB 4101)",0.0
TELAZORLIMAB,0.0
TOXYLOXANTHONE C,0.0
ISOETHARINE MESYLATE,0.0
AK198,0.0
ZOTIZALKIB,0.0
COMPOUND 25 [PMID: 18068976],0.0
RS-102221,0.0
CELIPROLOL HYDROCHLORIDE,0.0
GARLIC EXTRACT,0.0
RNA POLYMERASE INHIBITOR,0.0
CHEMBL:CHEMBL254156,0.0
CHEMBL:CHEMBL1288014,0.0
BENZYL NICOTINATE,0.0
OXAPIUM,0.0
PREGNENOLONE SULFATE SODIUM,0.0
KLUGINE,0.0
PROPYL GALLATE,0.0
LAGASCATRIOL,0.0
GLABRONE,0.0
DIETHYLSTILBESTROL DIPROPIONATE,0.0
BROMOCRESOL GREEN,0.0
CHEMBL:CHEMBL587229,0.0
(R)-SARGACHROMENOL,0.0
PERBROMOBENZENE,0.0
HEXAHYDROCURCUMIN,0.0
ISOXICAM,0.0
CHEMBL:CHEMBL2179805,0.0
BROMOPYROGALLOL RED,0.0
AVE-1642,0.0
DIHYDROXYPHENYLGLYCINE,0.0
CHEMBL:CHEMBL29878,0.0
GEVOKIZUMAB,0.0
ROCAGLAMIDE,0.0
CHEMBL:CHEMBL585439,0.0
HETROMBOPAG OLAMINE,0.0
POZELIMAB,0.0
NIMACIMAB,0.0
ISCALIMAB,0.0
TRIBROMOACETIC ACID,0.0
CHLOROXURON,0.0
DIPICOLINIC ACID,0.0
PI3K/BET INHIBITOR LY294002,0.0
DISPROCYNIUM24,0.0
RTI-118,0.0
A-582941,0.0
PG-106,0.0
ALEPLASININ,0.0
"L-797,591",0.0
CGP-37157,0.0
RIGOSERTIB SODIUM,0.0
MDM2 ANTAGONIST RO6839921,0.0
QUARFLOXIN,0.0
NTZDPA,0.0
FLT3/ABL/AURORA KINASE INHIBITOR KW-2449,0.0
ONARTUZUMAB,0.0
GSK1795091,0.0
AZD-7624,0.0
CET KRAS ANTISENSE OLIGONUCLEOTIDE AZD4785,0.0
TOTROMBOPAG,0.0
MAPATUMUMAB,0.0
CHEMBL:CHEMBL84281,0.0
DI-LEU16-IL2,0.0
VEPALIMOMAB,0.0
MAVRILIMUMAB,0.0
EMIBETUZUMAB,0.0
BB-10901,0.0
RONTALIZUMAB,0.0
AMG-557,0.0
L19IL2,0.0
IRATUMUMAB,0.0
NI-0801,0.0
MAB-425,0.0
MADOLIN A,0.0
ICI-118551,0.0
GUSELKUMAB,0.0
OBATOCLAX MESYLATE,0.0
(-)-USNIC ACID,0.0
NANOLUCIFERASE-LABELLED RELAXIN,0.0
CHOLESTEROL SULPHATE,0.0
[HIS5]PTH-(1-34) (HUMAN),0.0
APR19,0.0
NITROSOPRODENAFIL,0.0
UCB-1184197,0.0
PARECOXIB SODIUM,0.0
PI3K/MTOR KINASE INHIBITOR WXFL10030390,0.0
MPS1-IN-1,0.0
RN1747,0.0
NDPPC,0.0
TIPP&PSI;,0.0
YM-244769,0.0
ARFOLITIXORIN,0.0
CHEMBL:CHEMBL320361,0.0
ZOLIMOMAB ARITOX,0.0
CICLESONIDE,0.0
ALFATRADIOL,0.0
LY3295668,0.0
GSK2256098,0.0
CHK1 INHIBITOR GDC-0575,0.0
CHEMBL:CHEMBL1374610,0.0
PD-L1/IDO PEPTIDE VACCINE IO102-103,0.0
PEGYLATED SN-38 CONJUGATE PLX038,0.0
TETRAZOLIUM RED,0.0
7-BENZYLOXYCOUMARIN,0.0
LONTUCIREV,0.0
GUTTIFERONE K,0.0
EPIGALLOCATECHIN,0.0
TESAGLITAZAR,0.0
RAF-265,0.0
KW-2450,0.0
FX-005,0.0
INT131,0.0
TYROSOL SINAPATE,0.0
BENZYDAMINE HYDROCHLORIDE,0.0
CHEMBL:CHEMBL1320798,0.0
CHEMBL:CHEMBL1242210,0.0
(R)-BICALUTAMIDE,0.0
CHEMBL:CHEMBL603031,0.0
GANODERMANONTRIOL,0.0
BENZOHYDROXAMATE,0.0
CHEMBL:CHEMBL546580,0.0
CHEMBL:CHEMBL1078000,0.0
GAMMA-AMINOBUTYRIC ACID,0.0
CHEMBL:CHEMBL97858,0.0
RA-2,0.0
PROBE 1.1 [PMID: 24187130],0.0
NIL,0.0
"COMPOUND 3A [BADOLATO ET AL., 2019]",0.0
PROCHLORAZ,0.0
"1,4-DICHLOROBENZENE",0.0
CHEMBL:CHEMBL562095,0.0
N-ACETYLCOLCHINOL,0.0
CHEMBL:CHEMBL569419,0.0
RELATLIMAB,0.0
IOXYNIL,0.0
ALACHLOR,0.0
TETRABUTYLAMMONIUM BROMIDE,0.0
SODIUM DIMETHYLCARBAMODITHIOATE,0.0
MEPLAZUMAB,0.0
COMPOUND 17 [PMID: 34176264],0.0
BO1,0.0
ALACEPRIL,0.0
KITE-585,0.0
CHEMBL:CHEMBL118417,0.0
SMC021,0.0
OSEMOZOTAN,0.0
RG7185,0.0
ZD-4190,0.0
PS-516895,0.0
NELFINAVIR MESYLATE,0.0
PILOCARPINE NITRATE,0.0
PEMTUMOMAB,0.0
DERRUSTONE,0.0
AUTOLOGOUS ANTI-CD19 CAR-T CELLS TBI-1501,0.0
CHEMBL:CHEMBL1321401,0.0
HM50316,0.0
CARPHENAZINE MALEATE,0.0
AZD9574,0.0
NIDUFEXOR,0.0
HENAGLIFLOZIN,0.0
AAE-M-PBP-AMINE,0.0
THIIC,0.0
BMS-986278,0.0
COMPOUND 35M [PMID: 36073117],0.0
ELRANATAMAB,0.0
DU 125530,0.0
BDTX189,0.0
DIVARASIB,0.0
EXAMPLE 184 [WO2014186035],0.0
"CP55,667",0.0
CID1172084,0.0
COMPOUND 18 [PMID: 8426367],0.0
KA2507,0.0
CD40 LIGAND,0.0
"(1-HYDROXY-1-PHOSPHONO-2-[1,1';4',1'']TERPHENYL-3-YL-ETHYL)-PHOSPHONIC ACID",0.0
EI1,0.0
&BETA;-ENDORPHIN,0.0
[3H][D-ALA2]DELTORPHIN I,0.0
[125I]CCL11 (HUMAN),0.0
AVATROMBOPAG MALEATE,0.0
MEDI-570,0.0
CNTO-5825,0.0
TOSITUMOMAB 131I,0.0
"[ILE5,TRP23]PTHRP-(3-36) (HUMAN)",0.0
STAT3 INHIBITOR OPB-31121,0.0
CRYPTOCHINONE B,0.0
TRAZPIROBEN,0.0
SIREMADLIN,0.0
PF-4136309,0.0
ERFONRILIMAB,0.0
EXAMORELIN,0.0
CINNAMIC ALDEHYDE,0.0
TILSOTOLIMOD SODIUM,0.0
SEPANTRONIUM BROMIDE,0.0
PTHRP-(1-20)/TIP-(23-39) (HUMAN),0.0
L-764406,0.0
PERTUSSIS VACCINE,0.0
METHYLEPHEDRINE,0.0
ANTI-CD22 CAR-EXPRESSING T LYMPHOCYTES,0.0
PEXELIZUMAB,0.0
1-AMINOCYCLOPROPANE CARBOXYLIC ACID,0.0
MENADIONE SODIUM BISULPHITE,0.0
VERDIPERSTAT,0.0
24(S)-HYDROXYCHOLESTEROL,0.0
ARN19874,0.0
AMG-780,0.0
AM281,0.0
EDRECOLOMAB,0.0
"COMPOUND 6A [PATIL ET AL., 1989]",0.0
COMPOUND 1A [PMID: 2153213],0.0
S24773,0.0
FP0429,0.0
MNI-135,0.0
U69593,0.0
CID2440433,0.0
COMPOUND 83 [PMID: 23888932],0.0
COMPOUND 1E [PMID: 2153213],0.0
S-DESCHLOROKETAMINE,0.0
LECANEMAB,0.0
ANUMIGILIMAB,0.0
TRICYCLAZOLE,0.0
KOLAVENIC ACID,0.0
PYRROLNITRIN,0.0
LEVOMEPROMAZINE MALEATE,0.0
COMPOUND 1 [PMID: 18507370],0.0
RS-136270,0.0
MC148R,0.0
PAC1,0.0
UMESPIRONE,0.0
TETRADIFON,0.0
CALCIUM PANTOTHENATE,0.0
FIPRONIL,0.0
RACEPINEPHRINE HYDROCHLORIDE,0.0
CHEMBL:CHEMBL1939433,0.0
"2,4-HEXADIENAL",0.0
TAK-220,0.0
TERLAKIREN,0.0
BITERTANOL,0.0
DESACETOXYMATRICARIN,0.0
CHEMBL:CHEMBL1946013,0.0
OXYFLUORFEN,0.0
CHEMBL:CHEMBL167529,0.0
ICHORCUMAB,0.0
"[ALA1,12,AIB3,GLN10,HARG11,TRP14,ARG19]PTH-(1-34)-NH2",0.0
MRS4458,0.0
LY2077855,0.0
GSK343,0.0
S312,0.0
CHEMBL:CHEMBL324774,0.0
GEOPYXIN A,0.0
DIELDRIN,0.0
MRX-2843,0.0
CHEMBL:CHEMBL595682,0.0
CR-6086,0.0
FLUROCHLORIDONE,0.0
4BP-TQS,0.0
LACTIMIDOMYCIN,0.0
BETAZOLE HYDROCHLORIDE,0.0
AMCASERTIB,0.0
CHEMBL:CHEMBL1933308,0.0
DIFENOCONAZOLE,0.0
QUINOXYFEN,0.0
ISATIN,0.0
DINOSEB,0.0
NITROSCANATE,0.0
CHEMBL:CHEMBL600173,0.0
DICHLORODIMETHYLSTANNANE,0.0
CHEMBL:CHEMBL577673,0.0
DICHLORISONE ACETATE,0.0
ETOCRYLENE,0.0
CHEMBL:CHEMBL537045,0.0
PF-06821497,0.0
2-MERCAPTOBENZIMIDAZOLE,0.0
CHEMBL:CHEMBL2071180,0.0
PROPICONAZOLE,0.0
CHEMBL:CHEMBL83761,0.0
GROWTH DIFFERENTIATION FACTOR 15,0.0
4'-METHOXYCHALCONE,0.0
"L-779,976",0.0
(B7-33)H2,0.0
UCSF3384,0.0
TESIDOLUMAB,0.0
GIRIPLADIB,0.0
SIROLIMUS ALBUMIN-BOUND NANOPARTICLES,0.0
CHEMBL:CHEMBL2094499,0.0
VEGF/HGF-TARGETING DARPIN MP0250,0.0
XANTHOXYLIN,0.0
TEBUCONAZOLE,0.0
S22153,0.0
DIFLUOROAGOMELATINE,0.0
CHEMBL:CHEMBL601822,0.0
MEDI-6469,0.0
ETHYL VANILLIN,0.0
CHEMBL:CHEMBL582699,0.0
ANTI-EGFR MONOCLONAL ANTIBODY EMD 55900,0.0
APOMINE,0.0
ALTISSIMACOUMARIN E,0.0
ARM-210,0.0
CHEMBL:CHEMBL528045,0.0
AZD6703,0.0
TRIACETYLRESVERATROL,0.0
SPINASAPONIN A METHYL ESTER,0.0
4-NITROANILINE,0.0
COSMOMYCIN C,0.0
FARALIMOMAB,0.0
PLX-8394,0.0
SPEBRUTINIB BESYLATE,0.0
CC-115,0.0
AMIVANTAMAB-VMJW,0.0
EFMARODOCOKIN ALFA,0.0
CHF4227,0.0
OSIMERTINIB MESYLATE,0.0
SIMENEPAG ISOPROPYL,0.0
BENOXAPROFEN,0.0
XIMELAGATRAN,0.0
QAV-680,0.0
LENTINAN,0.0
AMFONELIC ACID,0.0
PD-360324,0.0
PEGMUSIRUDIN,0.0
NEOPETROFORMYNE A,0.0
BLESELUMAB,0.0
CHEMBL:CHEMBL1563896,0.0
MAHANINE,0.0
CHLORPHENTERMINE HYDROCHLORIDE,0.0
P70S6K/AKT INHIBITOR M-2698,0.0
LIPUSTOBART,0.0
ALT-801,0.0
TRIPHENYLSTANNANOL,0.0
ZAPNOMETINIB,0.0
TB-403,0.0
COMPOUND 4 [PMID: 21105727],0.0
VEBRELTINIB,0.0
IMC-3C5,0.0
BIIB-022,0.0
&ALPHA;-MSH,0.0
TENOFOVIR ALAFENAMIDE,0.0
CUCURBITACIN E,0.0
FENCHLORAZOL-ETHYL,0.0
PALOMID 529,0.0
MILVETEROL,0.0
QUINOXALINE,0.0
CHEMBL:CHEMBL1923999,0.0
CHEMBL:CHEMBL256967,0.0
FISPEMIFENE,0.0
CHLORALIN,0.0
APD791,0.0
CHEMBL:CHEMBL580609,0.0
CPS4,0.0
EGIS-7625,0.0
TYROSINE,0.0
ABILIFY MAINTENA,0.0
CHEMBL:CHEMBL2333543,0.0
TIPLIMOTIDE,0.0
SCHISANHENOL,0.0
PF-00337210,0.0
NADOFARAGENE FIRADENOVEC,0.0
SB-773812,0.0
XL-999,0.0
CAPMATINIB,0.0
PARP INHIBITOR E7016,0.0
BERTILIMUMAB,0.0
EPLIVANSERIN FUMARATE,0.0
AMINOSALICYLIC ACID,0.0
AUTOLOGOUS ANTI-CD19 CAR-EXPRESSING T-LYMPHOCYTES CLIC-1901,0.0
AUTOLOGOUS CD19 CAR-EXPRESSING CD4+/CD8+ T-CELLS MB-CART19.1,0.0
ASP7991,0.0
PROSAVIN,0.0
TALACOTUZUMAB,0.0
DUPILUMAB,0.0
TIMOLUMAB,0.0
BENTAMAPIMOD,0.0
ANLOTINIB,0.0
MT-3995,0.0
INIPARIB,0.0
[125I][HIS9]GHRELIN (HUMAN),0.0
DULANERMIN,0.0
BERMEKIMAB,0.0
FLUMATINIB,0.0
MILODISTIM,0.0
OBETICHOLIC ACID,0.0
THIETHYLPERAZINE MALEATE,0.0
COMPOUND 1F [PMID: 2153213],0.0
(R)-2H [PMID:19625189],0.0
COMPOUND 12 [PMID: 22521646],0.0
PRINABEREL,0.0
BEVASIRANIB SODIUM,0.0
NQN-1,0.0
TAVOLIMAB,0.0
DEXBUDESONIDE,0.0
FORIGERIMOD ACETATE,0.0
COMPOUND 6J [PMID: 27219676],0.0
CYROMAZINE,0.0
THIOCYCLAM HYDROGEN OXALATE,0.0
CEP-5214,0.0
KC-706,0.0
PL-225B,0.0
AS-602868,0.0
GERANIIN,0.0
HYDROCORTISONE CYPIONATE,0.0
INSULIN SUSP ISOPHANE BEEF,0.0
INSULIN ZINC SUSP EXTENDED RECOMBINANT HUMAN,0.0
INSULIN SUSP ISOPHANE PURIFIED PORK,0.0
INSULIN ZINC SUSP BEEF,0.0
CDP-860,0.0
MESMULOGENE ANCOVACIVEC,0.0
AEW-541,0.0
TUROFEXORATE ISOPROPYL,0.0
VORSETUZUMAB,0.0
DECTREKUMAB,0.0
SAMPATRILAT,0.0
ILEPATRIL,0.0
DG041,0.0
"CHAULMOOGRIC ACID, ETHYL ESTER",0.0
THR-18,0.0
CR 1447,0.0
AMILOMOTIDE,0.0
KU-60019,0.0
MK-0812,0.0
PALOMID-529,0.0
ATIPRIMOD,0.0
CARMOTEROL,0.0
TRIMETHIDINIUM,0.0
CHEMBL:CHEMBL219557,0.0
CHEMBL:CHEMBL526034,0.0
EX-527,0.0
DANBURSTOTUG,0.0
PF-03049423,0.0
CETUXIMAB SAROTALOCAN,0.0
MLN-01,0.0
CCR5MAB004,0.0
HUMIK-BETA-1,0.0
ERK1/2 INHIBITOR JSI-1187,0.0
N-(4-CHLOROPHENYL)-2-[(PYRIDIN-4-YLMETHYL)AMINO]BENZAMIDE,0.0
TIPELUKAST,0.0
ARX201,0.0
ISOPIMPINELLIN,0.0
COMPOUND RAC-16 [PMID: 15603962],0.0
PROTOPORPHYRIN IX CONTAINING CO,0.0
CX-5461,0.0
FGF RECEPTOR ANTAGONIST HGS1036,0.0
CHEMBL:CHEMBL476302,0.0
CCR2-RA-[R],0.0
MEK INHIBITOR CI-1040,0.0
ANTI-EGFR MONOCLONAL ANTIBODY,0.0
PYY-(3-36),0.0
AURORA KINASE INHIBITOR II,0.0
COMPOUND I3 [PMID: 23428964],0.0
DROMOSTANOLONE,0.0
SORBINIL,0.0
TL13-112,0.0
BAMOCAFTOR,0.0
CHEMBL:CHEMBL609036,0.0
NALED,0.0
DYRENE,0.0
OCTADECYLAMINE,0.0
CYTARABINE HYDROCHLORIDE,0.0
ORDESEKIMAB,0.0
COMPOUND 30 [PMID: 22239545],0.0
ATUVECICLIB,0.0
CDK4 INHIBITOR II,0.0
BW B70C,0.0
CLAZAKIZUMAB,0.0
[125I]CCL27 (HUMAN),0.0
CCL24,0.0
LAZUCIRNON,0.0
BMS COMPOUND 87B,0.0
MDX-210,0.0
5-HT-MODULINE,0.0
COMPOUND 18C [PMID: 25901531],0.0
ANTI-HIV-1 LENTIVIRAL VECTOR-EXPRESSING SH5/C46 CAL-1,0.0
APRICOXIB,0.0
AZD-8330,0.0
PRUVANSERIN,0.0
ALKAVERVIR,0.0
MITOMYCIN C ANALOG KW-2149,0.0
HER2 ECD+TM VIRUS-LIKE REPLICON PARTICLES VACCINE AVX901,0.0
TOPOISOMERASE-II INHIBITOR,0.0
DB959,0.0
TEPOXALIN,0.0
ATRELEUTON,0.0
CL 246738,0.0
PI3K INHIBITOR BGT226,0.0
IL-13,0.0
MART-1 ANTIGEN,0.0
RECOMBINANT TYROSINASE-RELATED PROTEIN-2,0.0
RECOMBINANT LYMPHOTOXIN BETA,0.0
CEPHALOSPORIN ANTIBIOTIC,0.0
POLY ICLC,0.0
CHEMBL:CHEMBL2313445,0.0
CINTREDEKIN BESUDOTOX,0.0
"L-775,606",0.0
APRATOXIN F,0.0
PIRITREXIM ISETHIONATE,0.0
INTERMEDINE,0.0
CIPROFLOXACIN HYDROCHLORIDE,0.0
ALRT 1550,0.0
CHEMBL:CHEMBL190474,0.0
SULISOBENZONE,0.0
THIOPROPERAZINE MESYLATE,0.0
LIPIDYL PSEUDOPTERANE D,0.0
GERONTOXANTHONE B,0.0
RECOMBINANT INTERLEUKIN-17,0.0
CHLORISONDAMINE,0.0
MULTI-SUBTYPE NATURAL HUMAN LEUKOCYTE INTERFERON ALPHA,0.0
EPERISONE,0.0
CANDOXATRIL,0.0
BENZODEPA,0.0
GSK-3174998,0.0
CHEMBL:CHEMBL580816,0.0
CHEMBL:CHEMBL253989,0.0
MEBEVERINE HYDROCHLORIDE,0.0
CHEMBL:CHEMBL193093,0.0
ALPHA-PHELLANDRENE,0.0
TEBOTELIMAB,0.0
VORASIDENIB,0.0
EMD-1201081,0.0
CHEMBL:CHEMBL1956073,0.0
7-HYDROXYFLAVONE,0.0
FENAMIDONE,0.0
SULINDAC SULFOXIDE,0.0
TIROFIBAN HYDROCHLORIDE,0.0
CHEMBL:CHEMBL585265,0.0
THIOSEMICARBAZIDE,0.0
EBDAROKIMAB,0.0
CHEMBL:CHEMBL577419,0.0
PERIFOSINE,0.0
CHEMBL:CHEMBL582278,0.0
SOTORASIB,0.0
BETAMETHASONE BUTYRATE PROPIONATE,0.0
CHEMBL:CHEMBL564009,0.0
CHEMBL:CHEMBL389685,0.0
DIMETHYLCURCUMIN,0.0
KRN-7000,0.0
TROLOX,0.0
MOBOCERTINIB SUCCINATE,0.0
ANTI-ERBB3 MONOCLONAL ANTIBODY REGN1400,0.0
CMX-2043,0.0
CHEMBL:CHEMBL83159,0.0
MITIPERSTAT,0.0
DINOTERB,0.0
CAVROTOLIMOD,0.0
SITOGLUSIDE,0.0
GANCAONIN L,0.0
TRITON X,0.0
DICHLOROTRIPHENYLBISMUTHANE,0.0
BTK INHIBITOR DTRMWXHS-12,0.0
COTI-2,0.0
CHEMBL:CHEMBL481160,0.0
HALAZONE,0.0
DIOSMETIN,0.0
TRIFORINE,0.0
CETUXIMAB SAROTALOCAN SODIUM,0.0
CURCUMIN/DOXORUBICIN-ENCAPSULATING NANOPARTICLE IMX-110,0.0
BREXUCABTAGENE AUTOLEUCEL,0.0
TISAGENLECLEUCEL,0.0
ZENOCUTUZUMAB,0.0
ENVAFOLIMAB,0.0
ROBATUMUMAB,0.0
ANTRAFENINE,0.0
AMG-729,0.0
ARS-1620,0.0
PF-03475952,0.0
INDATUXIMAB RAVTANSINE,0.0
IPRAGLIFLOZIN L-PROLINE,0.0
DIROXIMEL FUMARATE,0.0
KD7040,0.0
MESDOPETAM,0.0
ETOKIMAB,0.0
KN-026,0.0
EFLAPEGRASTIM,0.0
OBEXELIMAB,0.0
PF-232798,0.0
CAMIZESTRANT,0.0
OCIPERLIMAB,0.0
ATECEGATRAN METOXIL,0.0
GIREDESTRANT,0.0
HDM2 INHIBITOR MK-8242,0.0
2-PHENYLQUINOLINE,0.0
TEMEFOS,0.0
TENATOPRAZOLE,0.0
7-O-METHYLCRYPTOCHINONE B,0.0
CDX-3379,0.0
PLB1003,0.0
S-METOLACHLOR,0.0
TRU-015,0.0
"[PP1-17,ALA31,AIB32]NPY (HUMAN)",0.0
ONO-8539,0.0
SORBIC ACID,0.0
HSP90 INHIBITOR XL888,0.0
CDX-301,0.0
CAFICRESTAT,0.0
TRILACICLIB DIHYDROCHLORIDE,0.0
DS-1001B,0.0
EFEPOETIN ALFA,0.0
BRAFV600/PI3K INHIBITOR ASN003,0.0
DNA-DEPENDENT PROTEIN KINASE-TARGETING SIDNA DT01,0.0
MAP855,0.0
TIBULIZUMAB,0.0
ALTISSIMACOUMARIN D,0.0
CARMOFUR,0.0
HUHMFG1,0.0
POLYVALENT VACCINE,0.0
BUTANAL,0.0
CHEMBL:CHEMBL2178586,0.0
VIRULIZIN,0.0
GIMSILUMAB,0.0
CHEMBL:CHEMBL354663,0.0
NORMAL SALINE,0.0
EDOTREOTIDE,0.0
CHEMBL:CHEMBL1432305,0.0
BRAZIKUMAB,0.0
SRT-2104,0.0
GINSENOSIDE RH1,0.0
ML290,0.0
ZINC SULFATE ANHYDROUS,0.0
CD2314,0.0
ELATOSIDE D,0.0
BHQ-880,0.0
CHEMBL:CHEMBL1091502,0.0
VONOPRAZAN FUMARATE,0.0
IMIDAZOLE ACETIC ACID,0.0
MONENSIN SODIUM,0.0
ANRUKINZUMAB,0.0
CHEMBL:CHEMBL1485809,0.0
"[TRP23,TYR36]PTHRP-(1-36)-NH2 (HUMAN)",0.0
"[ALA1,12,AIB3,GLN10,HARG11,TRP14]PTH-(1-14)-NH2",0.0
ASELIZUMAB,0.0
OXELUMAB,0.0
GENE TRANSDUCTION AGENT,0.0
ISOPROPYL PALMITATE,0.0
CHEMBL:CHEMBL1709259,0.0
MITAPIVAT SULFATE,0.0
PHENFORMIN HYDROCHLORIDE,0.0
"PTHRP-(7-34) (HUMAN, RAT, MOUSE)",0.0
PIK-III,0.0
URSOLIC ACID,0.08333333333333333
FAS LIGAND,0.08333333333333333
CHEMBL:CHEMBL154580,0.1
MEDROXYPROGESTERONE ACETATE,0.1
PWT-33587,0.1111111111111111
IL-12,0.1111111111111111
ROFECOXIB,0.1111111111111111
CLAVULANIC ACID,0.1111111111111111
JNJ-26483327,0.1111111111111111
OXYMETHOLONE,0.1111111111111111
SF-1126,0.1111111111111111
DRUGSATFDA.NDA:008378,0.1111111111111111
ENCORAFENIB,0.1111111111111111
PHENOLPHTHALEIN,0.125
WX-037,0.125
METAMIZOLE SODIUM,0.125
SULFATINIB,0.125
UROKINASE,0.125
CHEMBL:CHEMBL29197,0.125
ZSTK-474,0.125
INDOLE-3-CARBINOL,0.125
OCHRATOXIN A,0.125
PLATINUM COMPOUND,0.125
PUROMYCIN,0.125
PROTEIN KINASE C INHIBITOR,0.125
AZD-6482,0.125
PD173074,0.125
RECILISIB,0.125
MOMETASONE,0.125
PIMASERTIB,0.125
GSK-1059615,0.125
CP-459632,0.125
DIENESTROL,0.14285714285714285
RECOMBINANT LYMPHOKINE,0.14285714285714285
RECOMBINANT CD40-LIGAND,0.14285714285714285
NINGETINIB,0.14285714285714285
ALL-TRANS-RETINAL,0.14285714285714285
FRUQUINTINIB,0.14285714285714285
BUSPIRONE,0.14285714285714285
CHEMBL:CHEMBL581872,0.14285714285714285
ZERANOL,0.14285714285714285
IODOQUINOL,0.14285714285714285
VESNARINONE,0.14285714285714285
MECLOFENAMATE SODIUM,0.14285714285714285
6-CL-MLT,0.14285714285714285
AMUVATINIB,0.14285714285714285
TILARGININE,0.14285714285714285
CTS-1027,0.14285714285714285
E6201,0.14285714285714285
BIS(DIMETHYLAMINETHIOCARBONYL)MONOSULFIDE,0.14285714285714285
CIGLITAZONE,0.14285714285714285
CHEMBL:CHEMBL1343568,0.14285714285714285
CRIZOTINIB,0.15384615384615385
LORLATINIB,0.15384615384615385
ABEMACICLIB,0.15789473684210525
ENMD-981693,0.15789473684210525
NELFINAVIR,0.16666666666666666
ROFLUMILAST,0.16666666666666666
CHEMBL:CHEMBL530280,0.16666666666666666
GAMBOGIC AMIDE,0.16666666666666666
TGX-221,0.16666666666666666
ARRY-371797,0.16666666666666666
SCH772984,0.16666666666666666
MITOGEN-ACTIVATED PROTEIN KINASE KINASE INHIBITOR,0.16666666666666666
ANGIOGENESIS INHIBITOR,0.16666666666666666
GR 89696,0.16666666666666666
VEGF RECEPTOR TYROSINE KINASE INHIBITOR III,0.16666666666666666
CHLORDANE,0.16666666666666666
LOXAPINE SUCCINATE,0.16666666666666666
OLVEREMBATINIB,0.16666666666666666
NORETHINDRONE ACETATE,0.16666666666666666
2-MERCAPTOBENZOTHIAZOLE,0.16666666666666666
OXYPHENBUTAZONE,0.16666666666666666
HALOFUGINONE,0.16666666666666666
GSK2334470,0.16666666666666666
CHEMBL:CHEMBL1902074,0.16666666666666666
HEXESTROL,0.16666666666666666
REBIMASTAT,0.16666666666666666
LENALIDOMIDE,0.16666666666666666
PIRETANIDE,0.16666666666666666
VITAMIN B6,0.16666666666666666
GLYCEROL PHENYLBUTYRATE,0.16666666666666666
METHYLBENZETHONIUM CHLORIDE,0.16666666666666666
NIFUROXAZIDE,0.16666666666666666
RECOMBINANT INTERFERON ALFA,0.16666666666666666
BACILLUS CALMETTE-GUERIN ANTIGEN,0.16666666666666666
BIFEPRUNOX,0.16666666666666666
MANNITOL,0.16666666666666666
IMMUNOSUPPRESSANT,0.16666666666666666
TRICLOSAN,0.16666666666666666
MURAGLITAZAR,0.16666666666666666
LUMIRACOXIB,0.16666666666666666
ALDESLEUKIN,0.16666666666666666
TEGASEROD MALEATE,0.16666666666666666
NORGESTREL,0.16666666666666666
NEFAZODONE HYDROCHLORIDE,0.16666666666666666
GEDUNIN,0.16666666666666666
RAMIPRIL,0.16666666666666666
CALCITONIN,0.16666666666666666
METHYLPREDNISOLONE,0.17647058823529413
BARASERTIB,0.18181818181818182
CHOLECALCIFEROL,0.18181818181818182
PERHEXILINE MALEATE,0.18181818181818182
LYMPHOKINE-ACTIVATED KILLER CELLS,0.18181818181818182
TANESPIMYCIN,0.18181818181818182
KEPONE,0.18181818181818182
CHEMBL:CHEMBL578944,0.18181818181818182
E319,0.18181818181818182
ANTI-THYMOCYTE GLOBULIN,0.18181818181818182
AKT INHIBITOR MK2206,0.1875
RECOMBINANT TRANSFORMING GROWTH FACTOR-BETA-2,0.2
EMETINE,0.2
CHEMBL:CHEMBL375563,0.2
BGT-226,0.2
EPICATECHIN GALLATE,0.2
FENDILINE HYDROCHLORIDE,0.2
MILTIRONE,0.2
PLX-4720,0.2
ENPIROLINE,0.2
IMMUNOTHERAPEUTIC AGENT,0.2
ULIXERTINIB,0.2
QUINESTROL,0.2
CLOCORTOLONE,0.2
CHEMBL:CHEMBL535307,0.2
ETHER,0.2
CGS-12066,0.2
DESOXIMETASONE,0.2
XL-418,0.2
GLESATINIB,0.2
TIRBANIBULIN,0.2
GW559768X,0.2
PYRACLOSTROBIN,0.2
VTX-11E,0.2
CHEMBL:CHEMBL388979,0.2
NONIVAMIDE,0.2
DIFLUNISAL,0.2
SAPONIN,0.2
MK-5108,0.2
4SC-202,0.2
CHEMBL:CHEMBL536166,0.2
TEROXIRONE,0.2
REBASTINIB,0.2
FUROXAN,0.2
TELENZEPINE,0.2
AVAPRITINIB,0.2
OMACETAXINE MEPESUCCINATE,0.2
CHEMBL:CHEMBL515617,0.2
BUTAPROST,0.2
ZINC CHLORIDE,0.2
CHIGLITAZAR,0.2
CELASTROL,0.2
4-(3-PYRIDIN-2-YL-1H-PYRAZOL-4-YL)QUINOLINE,0.2
MK-0873,0.2
CHEMBL:CHEMBL587620,0.2
PICIBANIL,0.2
ALK INHIBITOR TAE684,0.2
CHEMBL:CHEMBL546493,0.2
LY-2780301,0.2
DITHIOLETHIONE,0.2
4-NONYLPHENOL,0.2
HYPERBARIC OXYGEN,0.2
NAVTEMADLIN,0.2
OCAPERIDONE,0.2
CLODRONIC ACID,0.2
PAPAVERINE,0.2
ENOXOLONE,0.2
ANTINEOPLASTIC VACCINE,0.2
BRADANICLINE,0.2
KO-947,0.2
BINETRAKIN,0.2
VACTOSERTIB,0.2
CHEMBL:CHEMBL587849,0.2
RIPRETINIB,0.2
OSAJIN,0.2
DNA VACCINE,0.2
ALTIRATINIB,0.2
BENZODIAZEPINE,0.2
P505-15,0.2
BINTRAFUSP ALFA,0.2
RECOMBINANT NEUROTROPHIC FACTOR,0.2
MPA,0.2
DIFAMILAST,0.2
REVAMILAST,0.2
CHEMBL:CHEMBL599100,0.2
SELINEXOR,0.2
GDC-0879,0.2
CHEMBL:CHEMBL1310701,0.2
RAVOXERTINIB,0.2
SB 228357,0.2
TIZATERKIB,0.2
PROTEIN PHOSPHATASE INHIBITOR,0.2
BUPARLISIB HYDROCHLORIDE,0.2
IL-10,0.2
ZSTK474,0.2
ESOMEPRAZOLE SODIUM,0.2
ISOSORBIDE DINITRATE,0.2
ALECTINIB,0.2
IH636 GRAPE SEED PROANTHOCYANIDIN EXTRACT,0.2
DIFLORASONE DIACETATE,0.2
CHEMBL:CHEMBL126804,0.2
A77636,0.2
BACLOFEN,0.2
THIOGUANOSINE,0.2
TREQUINSIN HYDROCHLORIDE,0.2
QUESTIOMYCIN B,0.2
CHEMBL:CHEMBL590168,0.2
NVP-AEW541,0.2
ANISOMYCIN,0.2
2-PHENYLPHENOL,0.2
ARSENIC TRIOXIDE,0.20833333333333334
TEMOZOLOMIDE,0.21052631578947367
FENTICLOR,0.21052631578947367
INTERFERON BETA-1A,0.21428571428571427
RECOMBINANT VASCULAR ENDOTHELIAL GROWTH FACTOR,0.21428571428571427
TO-901317,0.21428571428571427
ROTENONE,0.21428571428571427
GW1929,0.2222222222222222
ANAKINRA,0.2222222222222222
XL765,0.2222222222222222
MUPARFOSTAT,0.2222222222222222
CI-1040,0.2222222222222222
RITUXIMAB,0.2222222222222222
ISOSORBIDE MONONITRATE,0.2222222222222222
ZILEUTON,0.2222222222222222
PRASTERONE,0.2222222222222222
DIACETYLRHEIN,0.2222222222222222
TIVOZANIB,0.2222222222222222
MEGESTROL ACETATE,0.2222222222222222
UPROSERTIB,0.2222222222222222
GAMBOGIC ACID,0.2222222222222222
IONOMYCIN,0.2222222222222222
RECOMBINANT INTERLEUKIN-1,0.2222222222222222
TICLOPIDINE,0.23076923076923078
CAPIVASERTIB,0.23076923076923078
DIDANOSINE,0.23076923076923078
PUQUITINIB,0.23076923076923078
ZEARALENONE,0.23076923076923078
RUXOLITINIB,0.23529411764705882
LENVATINIB,0.23529411764705882
METHIMAZOLE,0.23809523809523808
THIRAM,0.23809523809523808
EPOETIN ALFA,0.24242424242424243
HEXYLRESORCINOL,0.25
BETA-CARBOLINE,0.25
SAQUINAVIR MESYLATE,0.25
2-AMINOANTHRACENE,0.25
CHEMBL:CHEMBL1439833,0.25
CHEMBL:CHEMBL585045,0.25
CHEMBL:CHEMBL1456848,0.25
ORTHOTOLIDINE,0.25
RETASPIMYCIN HYDROCHLORIDE,0.25
DIOA,0.25
CHEMBL:CHEMBL77675,0.25
FENOFIBRIC ACID,0.25
PROMAZINE HYDROCHLORIDE,0.25
NADA,0.25
DOXIFLURIDINE,0.25
DANTHRON,0.25
ASTX029,0.25
GINSENOSIDE RG3,0.25
ACIVICIN,0.25
ALVESPIMYCIN,0.25
FAMOTIDINE,0.25
FROVATRIPTAN,0.25
FLUMETHASONE PIVALATE,0.25
RALTITREXED,0.25
FAM-TRASTUZUMAB DERUXTECAN-NXKI,0.25
BEZAFIBRATE,0.25
PHOSPHODIESTERASE INHIBITOR,0.25
RO4929097,0.25
GANCICLOVIR,0.25
INTERFERON BETA,0.25
SODIUM SALICYLATE,0.25
ENOXAPARIN SODIUM,0.25
CHEMBL:CHEMBL598263,0.25
MIZORIBINE,0.25
TANGERETIN,0.25
BUFOGENIN,0.25
BIOFLAVONOID,0.25
CHEMBL:CHEMBL578719,0.25
ELAFIBRANOR,0.25
"5,7-DIHYDROXY-4-METHYLCOUMARIN",0.25
ENTOSPLETINIB,0.25
MIRANSERTIB,0.25
GITOXIGENIN,0.25
DIETHYLCARBAMAZINE CITRATE,0.25
U50488,0.25
(S)-NIMODIPINE,0.25
ETONITAZENE,0.25
COMPOUND 4E [PMID: 35546685],0.25
RECOMBINANT FAS LIGAND,0.25
EDARAVONE,0.25
DEXTRAN SULFATE SODIUM,0.25
BCG VACCINE,0.25
STAVUDINE,0.25
(S)-FELODIPINE,0.25
NAB-PACLITAXEL,0.25
IDELALISIB,0.25
DIHYDROCAPSAICIN,0.25
CHLORPYRIFOS,0.25
CHEMBL:CHEMBL601140,0.25
NIMUSTINE,0.25
MAFOSFAMIDE,0.25
KAMEBANIN,0.25
LOTEPREDNOL,0.25
CHEMBL:CHEMBL145725,0.25
ABX-1431,0.25
IRUPLINALKIB,0.25
ZILURGISERTIB,0.25
MOCLOBEMIDE,0.25
IMMUNOTOXIN,0.25
THAPSIGARGIN,0.25
AFAMELANOTIDE,0.25
PHENYLALANINE,0.25
CHEMBL:CHEMBL1342336,0.25
SANGUINARIUM,0.25
OMEPRAZOLE MAGNESIUM,0.25
MANNOSE-BINDING LECTIN,0.25
DIMETHYL SULFOXIDE,0.25
3-HYDROXYBENZYLHYDRAZINE,0.25
TG100-801,0.25
PLX-7486,0.25
SPIRAMIDE,0.25
NIRAPARIB,0.25
ZICRONAPINE,0.25
PREDNICARBATE,0.25
SY-5609,0.25
CHEMBL:CHEMBL592558,0.25
CHEMBL:CHEMBL534535,0.25
ANGUIDIN,0.25
VB-201,0.25
GW501516,0.25
AZD7762,0.25
DOXYCYCLINE CALCIUM,0.25
CLOBETASOL,0.25
ENZALUTAMIDE,0.25
BISMUTH SUBSALICYLATE,0.25
ALPHA-ADRENERGIC AGONIST,0.25
CENEGERMIN-BKBJ,0.25
OSUGACESTAT,0.25
SALAGEN,0.25
CHEMBL:CHEMBL16751,0.25
ROPINIROLE HYDROCHLORIDE,0.25
CHEMBL:CHEMBL1489812,0.25
BROXYQUINOLINE,0.25
NS1619,0.25
GLASDEGIB,0.25
"1R,9S-HYDRASTINE",0.25
CONATUMUMAB,0.25
NOR-BINALTORPHIMINE,0.25
RIZATRIPTAN BENZOATE,0.25
ENCLOMIPHENE CITRATE,0.25
ECHINACEA PREPARATION,0.25
NIALAMIDE,0.25
BISACODYL,0.25
MACROLIDE ANTIBIOTIC,0.25
CYSTEAMINE HYDROCHLORIDE,0.25
LOMUSTINE,0.25
RO 31-8220,0.25
THIORPHAN,0.25
PICLAMILAST,0.25
LUXEPTINIB,0.25
VANIPREVIR,0.25
MEDICATION,0.25
ERDAFITINIB,0.25
"SERINE, D-",0.25
AZD6482,0.25
DESOGESTREL,0.25
NM-702,0.25
13-CIS-RETINAL,0.25
AZELASTINE HYDROCHLORIDE,0.25
PF-4708671,0.25
CEP-37440,0.25
RESACTIN A,0.25
CHIDAMIDE,0.25
AMORFRUTIN A,0.25
DIGITOXIGENIN,0.25
RECOMBINANT INTERLEUKIN-8,0.25
CHEMBL:CHEMBL2094549,0.25
ROMIPLOSTIM,0.25
CHLORQUINALDOL,0.25
IDOXIFENE,0.25
XL-228,0.25
ENSIFENTRINE,0.25
METAPHIT METHANESULFONATE,0.25
CHEMBL:CHEMBL578915,0.25
CHEMBL:CHEMBL1214407,0.25
ALDAFERMIN,0.25
PENICILLIN,0.25
(S)-FLUOXETINE,0.25
CHEMBL:CHEMBL421215,0.25
ZANUBRUTINIB,0.25
CRIDANIMOD,0.25
METRONIDAZOLE,0.25
THEAFLAVIN,0.25
CHEMBL:CHEMBL405317,0.25
OLTIPRAZ,0.25
PROADIFEN HYDROCHLORIDE,0.25
NSC 780521,0.25
BAY1125976,0.25
PHENMEDIPHAM,0.25
FEPRAZONE,0.25
PIVALOYLOXYMETHYLBUTYRATE,0.25
ONC201,0.25
CHEMBL:CHEMBL275260,0.25
CHEMBL:CHEMBL1426508,0.25
CHEMBL:CHEMBL578929,0.25
PYRAZOLE,0.25
RUSERONTINIB,0.25
COMPOUND 38 [PMID: 20817473],0.25
METHIXENE HYDROCHLORIDE,0.25
MUNDULONE,0.25
RECOMBINANT CHEMOKINE,0.25
INOTUZUMAB OZOGAMICIN,0.25
CHEMBL:CHEMBL242172,0.25
ETODOLAC,0.25
URIDINE 5'-TRIPHOSPHATE,0.25
KW-2449,0.25
CHEMBL:CHEMBL589715,0.25
ROSIGLITAZONE MALEATE,0.25
CEPHARANTHINE,0.25
CIBINETIDE,0.25
HYDROXYPROGESTERONE CAPROATE (USP),0.25
BECLOMETHASONE,0.25
2-CHLORO-5-NITRO-N-PHENYLBENZAMIDE,0.25
IMC-GP100,0.25
PF-00477736,0.25
CAMRELIZUMAB,0.25
DANUSERTIB,0.25
ALOE-EMODIN,0.25
MOLINDONE,0.25
MK-0767,0.25
TERIPARATIDE,0.25
PEFLOXACIN,0.25
CLOMIPHENE CITRATE,0.25
PENTOSAN POLYSULFATE,0.25
CHEMBL:CHEMBL1889303,0.25
ALCLOMETASONE,0.25
WAY-100135,0.25
CYCLOOXYGENASE INHIBITOR,0.25
DICHLORVOS,0.25
BENZETHONIUM CHLORIDE,0.25
GDC-0623,0.25
EHNA,0.25
(R)-PINOCEMBRIN,0.25
(+)-EPITAXIFOLIN,0.25
ENMD-2076,0.25806451612903225
FULVESTRANT,0.2608695652173913
OMIPALISIB,0.2608695652173913
MERCURIC CHLORIDE,0.2631578947368421
FORETINIB,0.2631578947368421
INOSITOL,0.26666666666666666
TRAIL,0.26666666666666666
OSIMERTINIB,0.26666666666666666
VACCINE,0.2727272727272727
PAMIDRONATE,0.2727272727272727
GUTHION,0.2727272727272727
PAXALISIB,0.2727272727272727
CADMIUM DICHLORIDE,0.2727272727272727
PROPYLPYRAZOLETRIOL,0.2727272727272727
2-METHOXYESTRADIOL,0.2727272727272727
COBALT,0.2727272727272727
MOTESANIB,0.2727272727272727
FUTIBATINIB,0.2727272727272727
CABOZANTINIB S-MALATE,0.2727272727272727
ANTHRACYCLINE ANTINEOPLASTIC ANTIBIOTIC,0.2727272727272727
IPATASERTIB,0.2727272727272727
PEGINTERFERON ALFA-2B,0.27586206896551724
SF1126,0.2777777777777778
DICHLOROPHEN,0.2777777777777778
SONOLISIB,0.2777777777777778
AMOXICILLIN ANHYDROUS,0.2777777777777778
PROTEASOME INHIBITOR,0.2777777777777778
GILTERITINIB,0.2777777777777778
BUPARLISIB,0.28
RABEPRAZOLE,0.28
REGORAFENIB,0.28125
R547,0.2857142857142857
GYKI53784,0.2857142857142857
MUROMONAB-CD3,0.2857142857142857
ROXITHROMYCIN,0.2857142857142857
GW0742X,0.2857142857142857
DS-7423,0.2857142857142857
NIROGACESTAT,0.2857142857142857
ROGARATINIB,0.2857142857142857
TBBT,0.2857142857142857
AMIKACIN,0.2857142857142857
SETMELANOTIDE,0.2857142857142857
FLOXURIDINE,0.2857142857142857
VS-5584,0.2857142857142857
GUSACITINIB,0.2857142857142857
PSORALEN,0.2857142857142857
TRYPTAMINE,0.2857142857142857
EPIRUBICIN HYDROCHLORIDE,0.2857142857142857
AZD-8186,0.2857142857142857
4-METHOXYDALBERGIONE,0.2857142857142857
CHEMBL:CHEMBL581574,0.2857142857142857
RECOMBINANT INTERLEUKIN,0.2857142857142857
PIRFENIDONE,0.2857142857142857
TOFACITINIB,0.2857142857142857
CHEMBL:CHEMBL530733,0.2857142857142857
DYPHYLLINE,0.2857142857142857
SB 222200,0.2857142857142857
TAZEMETOSTAT,0.2857142857142857
ANACARDIC ACID,0.2857142857142857
GLAFENINE,0.2857142857142857
BERZOSERTIB,0.2857142857142857
TRILACICLIB,0.2857142857142857
BMS-582949,0.2857142857142857
CLIOXANIDE,0.2857142857142857
ADP,0.2857142857142857
CHEMBL:CHEMBL1490332,0.2857142857142857
AMCINONIDE,0.2857142857142857
PH-797804,0.2857142857142857
GALLIUM NITRATE,0.2857142857142857
SALMETEROL XINAFOATE,0.2857142857142857
RECOMBINANT HEREGULIN,0.2857142857142857
NONSTEROIDAL ANTIINFLAMMATORY DRUG,0.29411764705882354
PIOGLITAZONE HYDROCHLORIDE,0.29411764705882354
ALPELISIB,0.29411764705882354
MASITINIB,0.29411764705882354
ANTIBIOTIC,0.29411764705882354
CEP-11981,0.29411764705882354
DABRAFENIB,0.2962962962962963
INFIGRATINIB,0.2962962962962963
ESTRADIOL 3-BENZOATE,0.3
OUABAIN,0.3
FAMITINIB,0.3
CLOXYQUIN,0.3
AMINOPHYLLINE,0.3
BMS-754807,0.3
OXTRIPHYLLINE,0.3
THEOPHYLLINE SODIUM GLYCINATE,0.3
NOTCH SIGNALING PATHWAY INHIBITOR MK0752,0.3
LENOGRASTIM,0.3
HYDROXYUREA,0.3
ALTEPLASE,0.3
BENZO(K)FLUORANTHENE,0.3
RIBAVIRIN,0.3055555555555556
APIGENIN,0.3076923076923077
SAMOTOLISIB,0.3076923076923077
PSAMMAPLIN A,0.3076923076923077
CETYLPYRIDINIUM BROMIDE,0.3076923076923077
PEGINTERFERON ALFA-2A,0.3076923076923077
VOXTALISIB,0.3125
CLIOQUINOL,0.3125
MYCOPHENOLATE MOFETIL,0.3125
GSK-2636771,0.3125
DEFEROXAMINE,0.3125
CHEMBL:CHEMBL546797,0.3125
HYDROGEN PEROXIDE,0.3157894736842105
THIMEROSAL,0.3181818181818182
DORAMAPIMOD,0.3181818181818182
TROGLITAZONE,0.32
FENRETINIDE,0.32
TALAZOPARIB,0.32
AZACITIDINE,0.325
GO-6976,0.32558139534883723
CHEMBL:CHEMBL538798,0.3333333333333333
SIMLUKAFUSP ALFA,0.3333333333333333
OPAGANIB,0.3333333333333333
L-783483,0.3333333333333333
BENSERAZIDE,0.3333333333333333
CHEMBL:CHEMBL552439,0.3333333333333333
SPHINGOSINE,0.3333333333333333
CHEMBL:CHEMBL269881,0.3333333333333333
DEMETHOXYCURCUMIN,0.3333333333333333
CHEMBL:CHEMBL484662,0.3333333333333333
PLICAMYCIN,0.3333333333333333
SPESOLIMAB,0.3333333333333333
BW373U86,0.3333333333333333
TOCERANIB,0.3333333333333333
SELFOTEL,0.3333333333333333
TILUDRONIC ACID,0.3333333333333333
AT-9283,0.3333333333333333
TRABECTEDIN,0.3333333333333333
THONZONIUM BROMIDE,0.3333333333333333
PIPERONYL BUTOXIDE,0.3333333333333333
ERGONOVINE,0.3333333333333333
ACACETIN,0.3333333333333333
METHOCTRAMINE HYDROCHLORIDE,0.3333333333333333
BISPECIFIC ANTIBODY,0.3333333333333333
MS417,0.3333333333333333
UFP-512,0.3333333333333333
THZ1,0.3333333333333333
BAY1217389,0.3333333333333333
FRESOLIMUMAB,0.3333333333333333
H-89,0.3333333333333333
CHEMBL:CHEMBL584860,0.3333333333333333
CHEMBL:CHEMBL1256835,0.3333333333333333
CHEMBL:CHEMBL457504,0.3333333333333333
ANTI-PD-L1 MONOCLONAL ANTIBODY,0.3333333333333333
BUTYLPARABEN,0.3333333333333333
N-[2-(2-IODO-5-METHOXY-1H-INDOL-3-YL)ETHYL]ACETAMIDE,0.3333333333333333
S-ETOMIDATE,0.3333333333333333
FLOXACILLIN,0.3333333333333333
ORTATAXEL,0.3333333333333333
CARBIMAZOLE,0.3333333333333333
FANGCHINOLINE,0.3333333333333333
HALOPROGIN,0.3333333333333333
CHEMBL:CHEMBL238624,0.3333333333333333
DIHYDROSPHINGOSINE,0.3333333333333333
PARTHENOLIDE,0.3333333333333333
DUP-697,0.3333333333333333
CHEMBL:CHEMBL1358137,0.3333333333333333
BENZO[E]PYRENE,0.3333333333333333
ETHAMSYLATE,0.3333333333333333
ZIRAM,0.3333333333333333
FIRATEGRAST,0.3333333333333333
CHEMBL:CHEMBL578890,0.3333333333333333
PHENYLMERCURIC ACETATE,0.3333333333333333
PHILANTHOTOXIN 343,0.3333333333333333
LY-3009120,0.3333333333333333
YANGONIN,0.3333333333333333
CHEMBL:CHEMBL480626,0.3333333333333333
LY3009120,0.3333333333333333
XMD-12,0.3333333333333333
CHEMBL:CHEMBL591864,0.3333333333333333
VOLINANSERIN,0.3333333333333333
CHEMBL:CHEMBL525106,0.3333333333333333
INDOMETHACIN MORPHOLINYLAMIDE,0.3333333333333333
CHEMBL:CHEMBL578502,0.3333333333333333
CHEMBL:CHEMBL1098875,0.3333333333333333
CABIRALIZUMAB,0.3333333333333333
FADRACICLIB,0.3333333333333333
RS-39604,0.3333333333333333
FURAZOLIDONE,0.3333333333333333
PAC-1,0.3333333333333333
COMPOUND 1A [PMID: 25692029],0.3333333333333333
AG-24322,0.3333333333333333
SAPPANONE A TRIMETHYL ETHER,0.3333333333333333
CAPENSIN,0.3333333333333333
BRL-15572,0.3333333333333333
SULFADOXINE,0.3333333333333333
DULIGOTUZUMAB,0.3333333333333333
MESORIDAZINE,0.3333333333333333
SETANAXIB,0.3333333333333333
N1-DANSYL-SPERMINE,0.3333333333333333
Z-PRO-PROLINAL,0.3333333333333333
POLYESTRADIOL PHOSPHATE,0.3333333333333333
SODIUM NITRITE,0.3333333333333333
ETHYLKETOCYCLAZOCINE,0.3333333333333333
RINETERKIB,0.3333333333333333
CHLORHEXIDINE HYDROCHLORIDE,0.3333333333333333
PERFOSFAMIDE,0.3333333333333333
MILTEFOSINE,0.3333333333333333
RECOMBINANT EOTAXIN,0.3333333333333333
LAROTRECTINIB,0.3333333333333333
PYRIDOXAL PHOSPHATE ANHYDROUS,0.3333333333333333
POMIFERIN,0.3333333333333333
HYALURONIC ACID,0.3333333333333333
RITODRINE,0.3333333333333333
DIPRENORPHINE,0.3333333333333333
TOZASERTIB LACTATE,0.3333333333333333
CHEMBL:CHEMBL247471,0.3333333333333333
PROGUANIL,0.3333333333333333
RAGAGLITAZAR,0.3333333333333333
PIMECROLIMUS,0.3333333333333333
CDK4 INHIBITOR,0.3333333333333333
NFP,0.3333333333333333
SNS-032,0.3333333333333333
LOPINAVIR,0.3333333333333333
CHEMBL:CHEMBL224318,0.3333333333333333
XL281,0.3333333333333333
LDN-214117,0.3333333333333333
VODOBATINIB,0.3333333333333333
CINACALCET,0.3333333333333333
CHEMBL:CHEMBL584626,0.3333333333333333
LITHIUM,0.3333333333333333
CHEMBL:CHEMBL52030,0.3333333333333333
GS39783,0.3333333333333333
TRICLOFENOL,0.3333333333333333
NILUTAMIDE,0.3333333333333333
CHEMBL:CHEMBL259784,0.3333333333333333
AT-13148,0.3333333333333333
OPIATE,0.3333333333333333
"1,4-BENZOQUINONE",0.3333333333333333
NORFLOXACIN,0.3333333333333333
LEAD DIACETATE TRIHYDRATE,0.3333333333333333
CHEMBL:CHEMBL529918,0.3333333333333333
STROPHANTHIDIN,0.3333333333333333
EPIDERMAL GROWTH FACTOR RECEPTOR TYROSINE KINASE INHIBITOR,0.3333333333333333
CHEMBL:CHEMBL287689,0.3333333333333333
CHEMBL:CHEMBL530664,0.3333333333333333
URACIL,0.3333333333333333
IZORLISIB,0.3333333333333333
DONITRIPTAN,0.3333333333333333
GERONTOXANTHONE H,0.3333333333333333
CETRIMIDE,0.3333333333333333
METHYLINOSITOL,0.3333333333333333
"3-HYDROXY-3',4'-DIMETHOXYFLAVONE",0.3333333333333333
PIRTOBRUTINIB,0.3333333333333333
LESOGABERAN,0.3333333333333333
FOLATE ANTAGONIST,0.3333333333333333
PROTEIN SYNTHESIS INHIBITOR,0.3333333333333333
CHEMBL:CHEMBL591178,0.3333333333333333
NALORPHINE,0.3333333333333333
THIOPHANATE METHYL,0.3333333333333333
OXETHAZAINE,0.3333333333333333
IMIDOCARB DIPROPIONATE,0.3333333333333333
NP118809,0.3333333333333333
EBVACICLIB,0.3333333333333333
DALPICICLIB,0.3333333333333333
CHEMBL:CHEMBL601616,0.3333333333333333
METHYLENE BLUE,0.3333333333333333
RHAMNETIN,0.3333333333333333
[3H]L689560,0.3333333333333333
PHENCYCLIDINE,0.3333333333333333
AMINOOXYACETIC ACID,0.3333333333333333
ACALISIB,0.3333333333333333
LYSOZYME,0.3333333333333333
PROROXAN HYDROCHLORIDE,0.3333333333333333
DIMETHYL FUMARATE,0.3333333333333333
RECOMBINANT RANTES,0.3333333333333333
TOLFENAMIC ACID,0.3333333333333333
(-)-CYCLAZOCINE,0.3333333333333333
ZANZALINTINIB,0.3333333333333333
GKT136901,0.3333333333333333
LANIFIBRANOR,0.3333333333333333
N-AMINOHEXYL-5-CHLORO-1-NAPTHALENESULFONAMIDE HYDROCHLORIDE,0.3333333333333333
BUTYLATED HYDROXYTOLUENE,0.3333333333333333
BACITRACIN,0.3333333333333333
QUADAZOCINE,0.3333333333333333
CHEMBL:CHEMBL1513392,0.3333333333333333
ULINASTATIN,0.3333333333333333
PHENETHYL ISOTHIOCYANATE,0.3333333333333333
ACETOPHENAZINE,0.3333333333333333
NEPAFENAC,0.3333333333333333
FENFLURAMINE HYDROCHLORIDE,0.3333333333333333
CLOFOCTOL,0.3333333333333333
RESOKAEMPFEROL,0.3333333333333333
BRIVANIB,0.3333333333333333
CHEMBL:CHEMBL576412,0.3333333333333333
HALOFANTRINE HYDROCHLORIDE,0.3333333333333333
ALK INHIBITOR ASP3026,0.3333333333333333
CHEMBL:CHEMBL1256876,0.3333333333333333
ALLITRIDIN,0.3333333333333333
DIMETHYLSPINGOSINE,0.3333333333333333
ALK/C-MET INHIBITOR TQ-B3139,0.3333333333333333
DROPERIDOL,0.3333333333333333
NMRA-140,0.3333333333333333
NITROFURAZONE,0.3333333333333333
"N-DOCOSATETRA-7,10,13,16-ENOYLETHANOLAMINE",0.3333333333333333
CHEMBL:CHEMBL191611,0.3333333333333333
MEDROXYPROGESTERONE,0.3333333333333333
SINTILIMAB,0.3333333333333333
HESPERETIN,0.3333333333333333
(S)-AMPA,0.3333333333333333
BENZOFURAN,0.3333333333333333
CHEMBL:CHEMBL536375,0.3333333333333333
MACIMORELIN,0.3333333333333333
[3H]CGP39653,0.3333333333333333
CHEMBL:CHEMBL584452,0.3333333333333333
LAROTRECTINIB SULFATE,0.3333333333333333
ANAGRELIDE HYDROCHLORIDE,0.3333333333333333
TOSUFLOXACIN TOSYLATE,0.3333333333333333
5-MEO-DMT,0.3333333333333333
RIMEGEPANT,0.3333333333333333
TUBASTATIN A,0.3333333333333333
LASALOCID A SODIUM,0.3333333333333333
TRIFLURIDINE,0.3333333333333333
"2-TERT-BUTYL-9-FLUORO-1,6-DIHYDROBENZO[H]IMIDAZO[4,5-F]ISOQUINOLIN-7-ONE",0.3333333333333333
ERYTHRITYL TETRANITRATE,0.3333333333333333
NATALIZUMAB,0.3333333333333333
D-AP5,0.3333333333333333
"2,6-DIMETHOXYQUINONE",0.3333333333333333
GV196771A,0.3333333333333333
TOLMETIN SODIUM,0.3333333333333333
CDK4 INHIBITOR III,0.3333333333333333
[3H]DIZOCILPINE,0.3333333333333333
[3H]CGS19755,0.3333333333333333
NALTRINDOLE,0.3333333333333333
BUFEXAMAC,0.3333333333333333
AZD6605,0.3333333333333333
FLIBANSERIN,0.3333333333333333
TELOTRISTAT ETHYL,0.3333333333333333
RELAXIN,0.3333333333333333
DYNORPHIN A,0.3333333333333333
RESINIFERATOXIN,0.3333333333333333
DYNORPHIN-(1-11),0.3333333333333333
TALMAPIMOD,0.3333333333333333
CHEMBL:CHEMBL422942,0.3333333333333333
BRODALUMAB,0.3333333333333333
GP100 ANTIGEN,0.3333333333333333
SILICON PHTHALOCYANINE 4,0.3333333333333333
MEDI-565,0.3333333333333333
ZYKLOPHIN,0.3333333333333333
TEPROTUMUMAB-TRBW,0.3333333333333333
AR-M1000390,0.3333333333333333
BILORPHIN,0.3333333333333333
TASELISIB,0.3333333333333333
&BETA;-FNA,0.3333333333333333
PROROXAN,0.3333333333333333
CHEMBL:CHEMBL530499,0.3333333333333333
URAPIDIL,0.3333333333333333
CHLORAMPHENICOL PALMITATE,0.3333333333333333
(RS)-(TETRAZOL-5-YL)GLYCINE,0.3333333333333333
TEBENTAFUSP,0.3333333333333333
QUINAPRIL HYDROCHLORIDE,0.3333333333333333
METIPRANOLOL,0.3333333333333333
DCG-IV,0.3333333333333333
&ALPHA;&BETA;-METHYLENEADP,0.3333333333333333
CYPROTERONE ACETATE,0.3333333333333333
CHEMBL:CHEMBL1873684,0.3333333333333333
CAPTAN,0.3333333333333333
CHEMBL:CHEMBL528807,0.3333333333333333
METHYLNITROSOUREA,0.3333333333333333
UBP141,0.3333333333333333
D-CCPENE,0.3333333333333333
INAVOLISIB,0.3333333333333333
BRIVARACETAM,0.3333333333333333
IL-18,0.3333333333333333
"BENZO(A)PYRENE-7,8-DIOL 9,10-EPOXIDE",0.3333333333333333
DIPHENYLAMINE-2-CARBOXYLIC ACID,0.3333333333333333
AHPN,0.3333333333333333
[3H]CGP61594,0.3333333333333333
SPIRUCHOSTATIN C,0.3333333333333333
THEOPHYLLINE,0.3333333333333333
MUNDULONE ACETATE,0.3333333333333333
PHENAZINE-1-CARBOXYLIC ACID,0.3333333333333333
SKF-82958,0.3333333333333333
ONATASERTIB,0.3333333333333333
HIV-TAT,0.3333333333333333
MK-8353,0.3333333333333333
SERALUTINIB,0.3333333333333333
ABSCISIC ACID,0.3333333333333333
PF-06651600,0.3333333333333333
SILYMARIN,0.3333333333333333
VALDECOXIB,0.3333333333333333
RIDAFOROLIMUS,0.3333333333333333
EMACTUZUMAB,0.3333333333333333
DESLORATADINE,0.3333333333333333
CILAZAPRIL,0.3333333333333333
TRILOSTANE,0.3333333333333333
{4-[3-(4-ACETYL-3-HYDROXY-2-PROPYLPHENOXY)PROPOXY]PHENOXY}ACETIC ACID,0.3333333333333333
ANTICOAGULANT AGENT,0.3333333333333333
R1295,0.3333333333333333
BUSPIRONE HYDROCHLORIDE,0.3333333333333333
"LACTOSE, ANHYDROUS",0.3333333333333333
CHEMBL:CHEMBL547304,0.3333333333333333
PEPINEMAB,0.3333333333333333
GALLAMINE,0.3333333333333333
CHEMBL:CHEMBL586029,0.3333333333333333
DYNORPHIN A-(1-13),0.3333333333333333
CDK1/2/4 INHIBITOR AG-024322,0.3333333333333333
ZOLANTIDINE,0.3333333333333333
CAMONSERTIB,0.3333333333333333
CHEMBL:CHEMBL590706,0.3333333333333333
RO 40-6055,0.3333333333333333
AFURESERTIB,0.3333333333333333
CLOMIPRAMINE HYDROCHLORIDE,0.3333333333333333
ALECTINIB HYDROCHLORIDE,0.3333333333333333
RISOVALISIB,0.3333333333333333
LEROCICLIB,0.3333333333333333
CHEMBL:CHEMBL582473,0.3333333333333333
CGP37849,0.3333333333333333
PCC0105003,0.3333333333333333
URIDINE-5'-DIPHOSPHATE,0.3333333333333333
CHEMBL:CHEMBL590665,0.3333333333333333
PROFLAVINE,0.3333333333333333
LMB-100,0.3333333333333333
VE-821,0.3333333333333333
DUVELISIB,0.3333333333333333
[3H]CPP,0.3333333333333333
DIFLUFENICAN,0.3333333333333333
DC-EBIO,0.3333333333333333
CHEMBL:CHEMBL353764,0.3333333333333333
PATIDEGIB,0.3333333333333333
AZD-7451,0.3333333333333333
GALUNISERTIB,0.3333333333333333
ATP&GAMMA;S,0.3333333333333333
EUPATORIN,0.3333333333333333
CHEMBL:CHEMBL592561,0.3333333333333333
CONANTOKIN-G,0.3333333333333333
NALTRIBEN,0.3333333333333333
DYNORPHIN B,0.3333333333333333
SPARFLOXACIN,0.3333333333333333
TAREXTUMAB,0.3333333333333333
ENPATORAN,0.3333333333333333
EPCORITAMAB,0.3333333333333333
ANTIPSYCHOTIC AGENT,0.3333333333333333
RECOMBINANT PROTHYMOSIN ALPHA,0.3333333333333333
CETRORELIX,0.3333333333333333
CHEMBL:CHEMBL581880,0.3333333333333333
CHEMBL:CHEMBL587564,0.3333333333333333
CHEMBL:CHEMBL591834,0.3333333333333333
CHEMBL:CHEMBL528181,0.3333333333333333
CHEMBL:CHEMBL1329443,0.3333333333333333
CHEMBL:CHEMBL220845,0.3333333333333333
DESONIDE,0.3333333333333333
ZUCAPSAICIN,0.3333333333333333
SB 224289,0.3333333333333333
ETORPHINE,0.3333333333333333
CHEMBL:CHEMBL392068,0.3333333333333333
CHEMBL:CHEMBL224032,0.3333333333333333
MITOGLITAZONE,0.3333333333333333
CHEMBL:CHEMBL1397270,0.3333333333333333
MOSUNETUZUMAB,0.3333333333333333
REMOXIPRIDE,0.3333333333333333
FLUOROSALAN,0.3333333333333333
DOMIPHEN BROMIDE,0.3333333333333333
BI-3406,0.3333333333333333
PHYSOSTIGMINE,0.3333333333333333
CHEMBL:CHEMBL549208,0.3333333333333333
MLKL COMPOUND 1,0.3333333333333333
CHEMBL:CHEMBL601768,0.3333333333333333
PURVALANOLA,0.3333333333333333
(-)-ROLIPRAM,0.3333333333333333
CDK INHIBITOR 4.35,0.3333333333333333
BUTAMBEN,0.3333333333333333
AMINEPTIN,0.3333333333333333
GELDANAMYCIN,0.3333333333333333
5-METHOXYPSORALEN,0.3333333333333333
AMG-337,0.3333333333333333
CALANOLIDE A,0.3333333333333333
MEPOLIZUMAB,0.3333333333333333
SULANEMADLIN,0.3333333333333333
TIAPRIDE,0.3333333333333333
CHEMBL:CHEMBL596836,0.3333333333333333
BRAIN-DERIVED NEUROTROPHIC FACTOR,0.3333333333333333
ALDICARB,0.3333333333333333
CRENOLANIB,0.3333333333333333
DYNORPHIN A-(1-8),0.3333333333333333
PRINOMASTAT,0.3333333333333333
ABBV-744,0.3333333333333333
ARTESUNATE,0.3333333333333333
BIIB021,0.3333333333333333
COMPOUND 15B [PMID: 16539403],0.3333333333333333
ASARININ,0.3333333333333333
CHEMBL:CHEMBL580851,0.3333333333333333
"3',4'-DIMETHOXYFLAVONE",0.3333333333333333
"2,4-DIHYDROXYBENZOPHENONE",0.3333333333333333
TENALISIB,0.3333333333333333
(-)-BREMAZOCINE,0.3333333333333333
EG5 KINESIN-RELATED MOTOR PROTEIN INHIBITOR 4SC-205,0.3333333333333333
DIHYDROMORPHINE,0.3333333333333333
PF-03715455,0.3333333333333333
SULFAMETHOXAZOLE / TRIMETHOPRIM,0.3333333333333333
NC 4-28B,0.3333333333333333
GR-55562,0.3333333333333333
IL-5,0.3333333333333333
TRIBROMSALAN,0.3333333333333333
AMCINAFIDE,0.3333333333333333
ANTHRALIN,0.3333333333333333
DEXFENFLURAMINE,0.3333333333333333
CHEMBL:CHEMBL601367,0.3333333333333333
VABICASERIN HYDROCHLORIDE,0.3333333333333333
JI-101,0.3333333333333333
IMIGLITAZAR,0.3333333333333333
SULINDAC SULFIDE,0.3333333333333333
BATIMASTAT,0.3333333333333333
CHEMBL:CHEMBL461193,0.3333333333333333
AP4A,0.3333333333333333
CHEMBL:CHEMBL533542,0.3333333333333333
INTERFERON BETA-1B,0.3333333333333333
ISOFLAVONE,0.3333333333333333
ALPHA-ADRENERGIC ANTAGONIST,0.3333333333333333
BESTATIN METHYL ESTER,0.3333333333333333
CHLORMIDAZOLE,0.3333333333333333
CHEMBL:CHEMBL1256761,0.3333333333333333
CHEMBL:CHEMBL1332182,0.3333333333333333
DERRUBONE,0.3333333333333333
LY233053,0.3333333333333333
CCL11,0.3333333333333333
LINSITINIB,0.3333333333333333
METHYL PARATHIONE,0.3333333333333333
PROTRIPTYLINE HYDROCHLORIDE,0.3333333333333333
GITOXIN,0.3333333333333333
6BIO,0.3333333333333333
ALMOTRIPTAN MALATE,0.3333333333333333
AMI-1,0.3333333333333333
CHEMBL:CHEMBL532452,0.3333333333333333
SQUALAMINE,0.3333333333333333
MP-412,0.3333333333333333
CHLORHEXIDINE GLUCONATE,0.3333333333333333
TRAPIDIL,0.3333333333333333
CHEMBL:CHEMBL531268,0.3333333333333333
PURVALANOL A,0.3333333333333333
CD24FC,0.3333333333333333
ISOETHARINE,0.3333333333333333
IBOCTADEKIN,0.3333333333333333
CHEMBL:CHEMBL606456,0.3333333333333333
ETIDRONATE DISODIUM,0.3333333333333333
ROBUSTIC ACID,0.3333333333333333
"4,4'-DIMETHOXYDALBERGIONE",0.3333333333333333
DAMNACANTHAL,0.3333333333333333
ANTIMYCIN A,0.3333333333333333
DICHLON,0.3333333333333333
CHEMBL:CHEMBL606532,0.3333333333333333
CHEMBL:CHEMBL1317506,0.3333333333333333
CCL8,0.3333333333333333
CHEMBL:CHEMBL1528359,0.3333333333333333
CYPRODINIL,0.3333333333333333
ISRAPAFANT,0.3333333333333333
[125I]CCL7 (HUMAN),0.3333333333333333
ATICAPRANT,0.3333333333333333
BNTX,0.3333333333333333
CLENBUTEROL HYDROCHLORIDE,0.3333333333333333
ANISTREPLASE,0.3333333333333333
FREUND'S ADJUVANT,0.3333333333333333
CLADRIBINE,0.3333333333333333
SB 216641,0.3333333333333333
ABIETIC ACID,0.3333333333333333
SARPOGRELATE,0.3333333333333333
CC-401,0.3333333333333333
VX-702,0.3333333333333333
ONO-7475,0.3333333333333333
TRIPHENYLSTANNYL ACETATE,0.3333333333333333
RIMCAZOLE,0.3333333333333333
CALCIPOTRIENE,0.3333333333333333
NARATRIPTAN,0.3333333333333333
BETAMETHASONE,0.3333333333333333
CYCLOVALONE,0.3333333333333333
CHEMBL:CHEMBL596631,0.3333333333333333
ERGOCORNINE,0.3333333333333333
CHEMBL:CHEMBL411085,0.3333333333333333
NORMORPHINE,0.3333333333333333
AMPEROZIDE HYDROCHLORIDE,0.3333333333333333
CHEMBL:CHEMBL41680,0.3333333333333333
CHEMBL:CHEMBL1306556,0.3333333333333333
AZD-6918,0.3333333333333333
SB 215505,0.3333333333333333
S 16924,0.3333333333333333
PIPLARTINE,0.3333333333333333
ANTI-ERBB3 MONOCLONAL ANTIBODY AV-203,0.3333333333333333
FLUORODEOXYGLUCOSE F18,0.3333333333333333
BROMFENAC,0.3333333333333333
PRASUGREL,0.3333333333333333
CHARYBDOTOXIN,0.3333333333333333
AUTOANTIGEN,0.3333333333333333
ACECLOFENAC,0.3333333333333333
CARPERITIDE,0.3333333333333333
[3H]MDL105519,0.3333333333333333
HOMOQUINOLINIC ACID,0.3333333333333333
NERAMEXANE,0.3333333333333333
HALOBETASOL,0.3333333333333333
TIMOLOL MALEATE,0.3333333333333333
NIACINAMIDE,0.3333333333333333
PATRITUMAB,0.3333333333333333
VATALANIB,0.3333333333333333
CENDERITIDE,0.3333333333333333
GALLOPAMIL,0.3333333333333333
PEMBROLIZUMAB,0.34285714285714286
BARASERTIB-HQPA,0.34782608695652173
TETRADECANOYLPHORBOL ACETATE,0.34782608695652173
ALVOCIDIB,0.35
"1,10-PHENANTHROLINE",0.35
4-PHENYLBUTYRIC ACID,0.35
PANITUMUMAB,0.35
PF-04691502,0.35
IPILIMUMAB,0.35
SULINDAC,0.35
GSK-690693,0.35294117647058826
CERITINIB,0.35294117647058826
HYDROXYCHLOROQUINE,0.35294117647058826
DACTINOMYCIN,0.35294117647058826
LAPATINIB,0.3548387096774194
CHLORANIL,0.35714285714285715
PANULISIB,0.35714285714285715
NERATINIB,0.35714285714285715
CHEMBL:CHEMBL184450,0.35714285714285715
MARIMASTAT,0.35714285714285715
PYROGALLOL,0.35714285714285715
SOMATROPIN (RECOMBINANT DNA ORIGIN),0.35714285714285715
PHENYLBUTAZONE,0.35714285714285715
NINTEDANIB ESYLATE,0.36
MIDOSTAURIN,0.3611111111111111
CETUXIMAB,0.3611111111111111
CHEMBL:CHEMBL1650245,0.36363636363636365
"(R,S)-INDATRALINE",0.36363636363636365
CHEMBL:CHEMBL117487,0.36363636363636365
SELUMETINIB,0.36363636363636365
PARAROSANILINE,0.36363636363636365
ANGUSTIBALIN,0.36363636363636365
THALIDOMIDE,0.36363636363636365
CHEMBL:CHEMBL1576310,0.36363636363636365
DIFFERENTIATION INDUCER,0.36363636363636365
BUTYRYLHYDROXAMIC ACID,0.36363636363636365
PHENYLBUTYRYLHYDROXAMIC ACID,0.36363636363636365
CHEMBL:CHEMBL329673,0.36363636363636365
SB 204741,0.36363636363636365
PANOBINOSTAT LACTATE,0.36363636363636365
ALPHA-TOCOPHEROL,0.36363636363636365
ABACAVIR,0.36363636363636365
CAMPTOTHECIN,0.36363636363636365
SUBEROHYDROXAMIC ACID,0.36363636363636365
AVUTOMETINIB,0.36363636363636365
CHEMBL:CHEMBL324053,0.36363636363636365
NIVOLUMAB,0.36666666666666664
RESVERATROL,0.3673469387755102
HYDRALAZINE,0.3684210526315789
QUIZARTINIB,0.3684210526315789
PILARALISIB,0.3684210526315789
FLUTAMIDE,0.3684210526315789
ZM447439,0.3684210526315789
VEMURAFENIB,0.37142857142857144
PHENETHYLISOTHIOCYANATE,0.375
CHEMBL:CHEMBL602990,0.375
TOPOTECAN HYDROCHLORIDE,0.375
SULFAPHENAZOLE,0.375
TERFENADINE,0.375
EMAPALUMAB-LZSG,0.375
AMG-900,0.375
DERAZANTINIB,0.375
CLEMASTINE,0.375
RECOMBINANT MONOCYTE CHEMOATTRACTANT PROTEIN-1,0.375
LORATADINE,0.375
SAR260301,0.375
NABUMETONE,0.375
LIF,0.375
CHLOROXINE,0.375
EMETINE HYDROCHLORIDE,0.375
CHLORAMPHENICOL,0.375
PATULIN,0.375
FILGOTINIB,0.375
CHEMBL:CHEMBL336095,0.375
COMPOUND 2C [PMID: 24900538],0.375
CHEMBL:CHEMBL313737,0.375
CHEMBL:CHEMBL546597,0.375
RIVOCERANIB,0.375
"ESTROGENS, CONJUGATED (USP)",0.375
HERBIMYCIN A,0.375
MK-2206,0.375
LISINOPRIL ANHYDROUS,0.375
CHEMBL:CHEMBL1537417,0.375
SAQUINAVIR,0.375
TETRADECYLTHIOACETIC ACID,0.375
SILVER SULFADIAZINE,0.375
RO31-8220,0.375
PONATINIB,0.375
VITAMIN K,0.375
GM-CSF,0.375
TUCATINIB,0.375
DIPHENYLENEIODONIUM,0.375
TNF-ALPHA,0.375
ANIRACETAM,0.375
JQ1,0.375
BICALUTAMIDE,0.375
MIRDAMETINIB,0.38095238095238093
ATEZOLIZUMAB,0.38095238095238093
TRIAMCINOLONE,0.38095238095238093
AXITINIB,0.38095238095238093
MOMELOTINIB,0.38461538461538464
ETIDRONIC ACID,0.38461538461538464
PYRAZINAMIDE,0.38461538461538464
MEFENAMIC ACID,0.38461538461538464
TOREMIFENE,0.38461538461538464
CHEMBL:CHEMBL533226,0.38461538461538464
AMLEXANOX,0.38461538461538464
CAPTOPRIL,0.38461538461538464
ORANTINIB,0.38461538461538464
INFLIXIMAB-DYYB,0.3870967741935484
CALCIMYCIN,0.3888888888888889
TAMOXIFEN CITRATE,0.3888888888888889
RALOXIFENE HYDROCHLORIDE,0.391304347826087
FIMEPINOSTAT,0.391304347826087
TCDD,0.391304347826087
CHEMBL:CHEMBL1588679,0.4
RESCINNAMINE,0.4
AURIN,0.4
HARMINE HYDROCHLORIDE,0.4
CHEMBL:CHEMBL471225,0.4
EXARAFENIB,0.4
CHEMBL:CHEMBL577660,0.4
RASBURICASE,0.4
OXYQUINOLINE,0.4
NEOSTIGMINE BROMIDE,0.4
ENZASTAURIN,0.4
AZD-4547,0.4
MONOMETHYL FUMARATE,0.4
CHEMBL:CHEMBL1224755,0.4
ANDROSTENEDIONE,0.4
LUCITANIB,0.4
BRIGATINIB,0.4
PROPYLTHIOURACIL,0.4
RECOMBINANT HUMAN STEM CELL FACTOR,0.4
CHEMBL:CHEMBL532160,0.4
CHEMBL:CHEMBL1492017,0.4
CHEMBL:CHEMBL580183,0.4
AZD3463,0.4
BREMELANOTIDE,0.4
TAS0612,0.4
LB-100,0.4
17-OCTADECYNOIC ACID,0.4
CHEMBL:CHEMBL599943,0.4
BMS-690514,0.4
BLONANSERIN,0.4
PRAMIPEXOLE,0.4
RIVICICLIB,0.4
RIMEXOLONE,0.4
NORGESTIMATE,0.4
BAFETINIB,0.4
CHEMBL:CHEMBL589694,0.4
"DIBENZ[A,H]ANTHRACENE",0.4
OSI-930,0.4
TRYPTANTHRIN,0.4
CHEMBL:CHEMBL1530911,0.4
MALATHION,0.4
ZOXAZOLAMINE,0.4
CHEMBL:CHEMBL598270,0.4
CATUMAXOMAB,0.4
CHEMBL:CHEMBL151797,0.4
CHEMBL:CHEMBL362863,0.4
ETONOGESTREL,0.4
CHEMBL:CHEMBL362223,0.4
(S)-ROSCOVITINE,0.4
LERCANIDIPINE HYDROCHLORIDE,0.4
BRILLIANT GREEN OXALATE,0.4
APREMILAST,0.4
ENOTICUMAB,0.4
GSK1070916,0.4
TIRATRICOL,0.4
RECOMBINANT HEPATOCYTE GROWTH FACTOR,0.4
VOCLOSPORIN,0.4
CHEMBL:CHEMBL1415851,0.4
DEQUALINIUM CHLORIDE,0.4
TRIBUTYRIN,0.4
N-ETHYLMALEIMIDE,0.4
MELPHALAN,0.4
ENCLOMIPHENE,0.4
PLERIXAFOR,0.4
TIROFIBAN,0.4
"9,10-PHENANTHRENEQUINONE",0.4
TYRPHOSTIN AG 835,0.4
(-)-U-50488,0.4
LEUPROLIDE ACETATE,0.4
CHEMBL:CHEMBL602776,0.4
DIHYDROTESTOSTERONE,0.4
CHEMBL:CHEMBL171699,0.4
NILVADIPINE,0.4
LY341495,0.4
UCN-01,0.4
PITAVASTATIN,0.4
BERBERINE,0.4
CHEMBL:CHEMBL609606,0.4
CHEMBL:CHEMBL591628,0.4
CLOROPHENE,0.4
LORNOXICAM,0.4
CHIR-265,0.4
CETRIMONIUM BROMIDE,0.4
BRYOSTATIN 1,0.4
CHEMBL:CHEMBL595227,0.4
CHEMBL:CHEMBL589711,0.4
HYMECROMONE,0.4
VOLASERTIB,0.4
ZOLEDRONIC ACID ANHYDROUS,0.4
ANESTHETIC AGENT,0.4
AZD8835,0.4
ARASERTACONAZOLE,0.4
NOVOBIOCIN,0.4
U73122,0.4
CHEMBL:CHEMBL602718,0.4
THYROTROPIN,0.4
IBUDILAST,0.4
AMIFOSTINE ANHYDROUS,0.4
TELITHROMYCIN,0.4
RO3280,0.4
ROLIPRAM,0.4
NEMTABRUTINIB,0.4
SAPROPTERIN,0.4
DECITABINE,0.4
POTASSIUM DICHROMATE,0.4
CHEMBL:CHEMBL565893,0.4
SR9011,0.4
"5,7-DIHYDROXYISOFLAVONE",0.4
CHEMBL:CHEMBL1269022,0.4
LAPACHONE,0.4
COMPOUND 9 [PMID: 26006010],0.4
DIHYDROGAMBOGIC ACID,0.4
PYRITHIONE,0.4
ABATACEPT,0.4
EPTIFIBATIDE,0.4
BENZYL ISOTHIOCYANATE,0.4
BDNF,0.4
PROTEASE INHIBITOR,0.4
BELATACEPT,0.4
TARLOXOTINIB,0.4
GINKGO BILOBA EXTRACT,0.4
CHEMBL:CHEMBL530361,0.4
LANSOPRAZOLE SULFIDE,0.4
NORETHINDRONE,0.4
GAMMA-INTERFERON,0.4
A68930,0.4
2-ARACHIDONOYLGLYCEROL,0.4
PYRITHIONE ZINC,0.4
NAPHTHOQUINONE,0.4
TIPIFARNIB,0.4
ISTIRATUMAB,0.4
TOCILIZUMAB,0.4
CHEMBL:CHEMBL120806,0.4
CHEMBL:CHEMBL1362503,0.4
MILCICLIB,0.4
METHYL ROBUSTONE,0.4
COMPOUND 13R [PMID: 23639540],0.4
EUFLAVINE,0.4
TANSHINONE IIA SULFONATE,0.4
ETILEVODOPA,0.4
BINIMETINIB,0.4
ERGOTAMINE,0.4
CHEMBL:CHEMBL578061,0.4
PIMOZIDE,0.40625
BITHIONOL,0.4090909090909091
GENTAMICIN,0.4090909090909091
BEVACIZUMAB-AWWB,0.41025641025641024
CHLORPROMAZINE HYDROCHLORIDE,0.4117647058823529
NAPROXEN SODIUM,0.4117647058823529
HYDROQUINONE,0.4117647058823529
N-OLEOYLDOPAMINE,0.4117647058823529
TPCK,0.4117647058823529
PSEUDOEPHEDRINE,0.4117647058823529
PP2,0.41379310344827586
MLN-8054,0.41379310344827586
E324,0.4166666666666667
METYROSINE,0.4166666666666667
PYRROLIDINE DITHIOCARBAMATE,0.4166666666666667
ENZYME INHIBITOR,0.4166666666666667
DIURETIC,0.4166666666666667
DITHIAZANINE IODIDE,0.4166666666666667
AR-42,0.4166666666666667
ZAPRINAST,0.4166666666666667
NANAOMYCIN,0.4166666666666667
PD-169316,0.4166666666666667
INDOPROFEN,0.4166666666666667
VELIPARIB,0.4166666666666667
SANGUINARINE SULFATE,0.4166666666666667
NITROGLYCERIN,0.4166666666666667
LESTAURTINIB,0.4166666666666667
LEFLUNOMIDE,0.4166666666666667
DINACICLIB,0.4166666666666667
TARENFLURBIL,0.4166666666666667
2-IODOACETAMIDE,0.4166666666666667
OLAPARIB,0.4186046511627907
HYDROCORTISONE BUTYRATE,0.42105263157894735
ENALAPRIL MALEATE,0.42105263157894735
HYCANTHONE,0.42105263157894735
EMODIN,0.4230769230769231
PICTILISIB,0.42424242424242425
ICI-199441,0.42857142857142855
CILNIDIPINE,0.42857142857142855
CHEMBL:CHEMBL239439,0.42857142857142855
LINEZOLID,0.42857142857142855
SOY PROTEIN ISOLATE,0.42857142857142855
EMBELIN,0.42857142857142855
LUZINDOLE,0.42857142857142855
ETHOPROPAZINE HYDROCHLORIDE,0.42857142857142855
DIHYDROERGOTAMINE MESYLATE,0.42857142857142855
[3H]GBR12935,0.42857142857142855
CIS-RESVERATROL,0.42857142857142855
AVATROMBOPAG,0.42857142857142855
ADENOVIRUS VECTOR,0.42857142857142855
METARAMINOL,0.42857142857142855
IDRONOXIL,0.42857142857142855
PRN1371,0.42857142857142855
MECLOFENAMATE,0.42857142857142855
CGP7930,0.42857142857142855
XEVINAPANT,0.42857142857142855
NSC-663284,0.42857142857142855
HEXAMETHYLENE BISACETAMIDE,0.42857142857142855
BENZO[B]FLUORANTHENE,0.42857142857142855
ZOLMITRIPTAN,0.42857142857142855
ANTINEOPLASTIC AGENT,0.42857142857142855
IL-4,0.42857142857142855
CHEMBL:CHEMBL1420370,0.42857142857142855
IPRONIAZID,0.42857142857142855
CHEMBL:CHEMBL601146,0.42857142857142855
PARDOPRUNOX,0.42857142857142855
CHEMBL:CHEMBL592316,0.42857142857142855
CHEMBL:CHEMBL1287980,0.42857142857142855
2-CHLOROADENOSINE-5-TRIPHOSPHATE,0.42857142857142855
MESALAMINE,0.42857142857142855
MIBEFRADIL DIHYDROCHLORIDE,0.42857142857142855
HINOKITIOL,0.42857142857142855
CHEMBL:CHEMBL530291,0.42857142857142855
FRENTIZOLE,0.42857142857142855
GSI-136,0.42857142857142855
AVAGACESTAT,0.42857142857142855
ZM336372,0.42857142857142855
TETRANDRINE,0.42857142857142855
LUMINESPIB,0.42857142857142855
RO19-4603,0.42857142857142855
EVEROLIMUS,0.42857142857142855
TYRPHOSTIN A9,0.42857142857142855
CUCURBITACIN B,0.42857142857142855
ACE INHIBITOR,0.42857142857142855
COPANLISIB,0.42857142857142855
FRAMYCETIN,0.42857142857142855
BEGACESTAT,0.42857142857142855
AEE788,0.42857142857142855
CORTICOTROPIN,0.42857142857142855
LY2874455,0.42857142857142855
ALPHA-NAPHTHOFLAVONE,0.42857142857142855
TASURGRATINIB,0.42857142857142855
NEZULCITINIB,0.42857142857142855
BITHIONOLATE SODIUM,0.42857142857142855
MAPROTILINE HYDROCHLORIDE,0.42857142857142855
SODIUM BUTYRATE,0.42857142857142855
VISTUSERTIB,0.42857142857142855
CHEMBL:CHEMBL578504,0.42857142857142855
GEDATOLISIB,0.42857142857142855
IGURATIMOD,0.42857142857142855
ANDROGRAPHOLIDE,0.42857142857142855
PHENELZINE SULFATE,0.42857142857142855
RG-4733,0.42857142857142855
CYPROTERONE,0.42857142857142855
LEVONORGESTREL,0.42857142857142855
UBENIMEX,0.42857142857142855
AM404,0.42857142857142855
RECOMBINANT INTERFERON,0.42857142857142855
BREFELDIN A,0.42857142857142855
MITOMYCIN,0.43478260869565216
SULFASALAZINE,0.43478260869565216
HEXACHLOROPHENE,0.4358974358974359
NISOLDIPINE,0.4375
BLEOMYCIN,0.4375
DIETHYLSTILBESTROL,0.4375
CHLOROQUINE,0.4375
ANTISENSE OLIGONUCLEOTIDES,0.4375
PHENYLEPHRINE,0.4375
CAPSAICIN,0.4375
NALOXONE HYDROCHLORIDE,0.4375
TYRPHOSTIN 47,0.4375
NICARDIPINE,0.4375
CLARITHROMYCIN,0.4375
TRAMETINIB DIMETHYL SULFOXIDE,0.44
MASOPROCOL,0.4418604651162791
BLINATUMOMAB,0.4444444444444444
M-2698,0.4444444444444444
FLUSPIRILENE,0.4444444444444444
ANTIVIRAL AGENT,0.4444444444444444
SACITUZUMAB GOVITECAN,0.4444444444444444
SPERMINE,0.4444444444444444
MINAPRINE,0.4444444444444444
PACRITINIB,0.4444444444444444
TAZAROTENE,0.4444444444444444
CHEMBL:CHEMBL1341830,0.4444444444444444
CHEMBL:CHEMBL85826,0.4444444444444444
THIOTEPA,0.4444444444444444
PTHRP,0.4444444444444444
CARBIDOPA ANHYDROUS,0.4444444444444444
THERAPEUTIC ANDROSTANOLONE,0.4444444444444444
CHEMBL:CHEMBL116548,0.4444444444444444
NICARDIPINE HYDROCHLORIDE,0.4444444444444444
DANTROLENE,0.4444444444444444
DIMETHYLADENINE,0.4444444444444444
UREA,0.4444444444444444
CHEMOPREVENTIVE AGENT,0.4444444444444444
CHEMBL:CHEMBL600313,0.4444444444444444
RS-17053,0.4444444444444444
ARTEMISININ,0.4444444444444444
MESTRANOL,0.4444444444444444
CHEMBL:CHEMBL607309,0.4444444444444444
NARINGENIN,0.4444444444444444
TRIAMTERENE,0.4444444444444444
ENTINOSTAT,0.45
ORAL CONTRACEPTIVE,0.45454545454545453
PREGNANT MARE SERUM GONADOTROPIN,0.45454545454545453
MECHLORETHAMINE,0.45454545454545453
DURVALUMAB,0.45454545454545453
BI-847325,0.45454545454545453
"3,4-METHYLENEDIOXYMETHAMPHETAMINE",0.45454545454545453
DAPSONE,0.45454545454545453
BIFONAZOLE,0.45454545454545453
CINNARIZINE,0.45454545454545453
TRIFLUOPERAZINE HYDROCHLORIDE,0.45454545454545453
CHEMBL:CHEMBL408850,0.45454545454545453
WEDELOLACTONE,0.45454545454545453
TESEVATINIB,0.45454545454545453
LITHOCHOLIC ACID,0.45454545454545453
CARMUSTINE,0.45454545454545453
CHLOROTHALONIL,0.45454545454545453
NITAZOXANIDE,0.45454545454545453
PROGESTIN,0.45454545454545453
CHEMBL:CHEMBL576208,0.45454545454545453
RECOMBINANT TRANSFORMING GROWTH FACTOR,0.45454545454545453
ALENDRONATE SODIUM,0.45454545454545453
SB 206553,0.45454545454545453
MYCOPHENOLATE,0.45454545454545453
CIPROFLOXACIN,0.45454545454545453
LEUCOVORIN CALCIUM,0.4594594594594595
AZATHIOPRINE,0.4594594594594595
TYROSINE KINASE INHIBITOR,0.46153846153846156
IFOSFAMIDE,0.46153846153846156
MELATONIN,0.46153846153846156
PENTACHLOROPHENOL,0.46153846153846156
TACEDINALINE,0.46153846153846156
BROMOCRIPTINE,0.46153846153846156
CILOSTAZOL,0.46153846153846156
TEMSIROLIMUS,0.46153846153846156
ABEXINOSTAT,0.46153846153846156
PENTABROMOPHENOL,0.46153846153846156
SB203580,0.4642857142857143
LAUROGUADINE,0.4642857142857143
FENTANYL CITRATE,0.4642857142857143
ESTRADIOL VALERATE,0.46511627906976744
ISOVELLERAL,0.4666666666666667
EFLORNITHINE,0.4666666666666667
RESMINOSTAT,0.4666666666666667
ADJUVANT,0.4666666666666667
MOCETINOSTAT,0.4666666666666667
CHEMBL:CHEMBL297304,0.4666666666666667
RANITIDINE HYDROCHLORIDE,0.4666666666666667
PENTOXIFYLLINE,0.47058823529411764
CHLORPROMAZINE,0.47058823529411764
INAMRINONE,0.47058823529411764
SELENIUM,0.47058823529411764
CEP-2563,0.47058823529411764
TYRPHOSTIN AG 879,0.47058823529411764
PEXMETINIB,0.47058823529411764
HUMAN CHORIONIC GONADOTROPIN,0.47368421052631576
EFAVIRENZ,0.47368421052631576
MIRTAZAPINE,0.47368421052631576
AFATINIB,0.47368421052631576
VANOXERINE,0.47619047619047616
STAUROSPORINE,0.47619047619047616
GR 127935,0.4782608695652174
MIFEPRISTONE,0.48
FENOFIBRATE MICRONIZED,0.48
ETANERCEPT-SZZS,0.48
PREDNISOLONE,0.48148148148148145
NICLOSAMIDE,0.48148148148148145
CLOTRIMAZOLE,0.4857142857142857
OXALIPLATIN,0.48717948717948717
AR-C67085,0.5
PD-168393,0.5
(S)-MEXILETINE,0.5
ASTRESSIN 2B,0.5
DICLOFENAC SODIUM,0.5
DIPROPYL-5-CT,0.5
COMPOUND 4 [PMID: 12408711],0.5
CHEMBL:CHEMBL482050,0.5
"NPY-(18-36) (HUMAN, PIG)",0.5
MUBRITINIB,0.5
DAROVASERTIB,0.5
(S)-EF-1520,0.5
CHEMBL:CHEMBL589924,0.5
PAMIPARIB,0.5
VECABRUTINIB,0.5
"[125I]UROCORTIN 1 (MOUSE, RAT)",0.5
MANGOSTIN,0.5
ZOTAROLIMUS,0.5
ALBUSOMATROPIN,0.5
264W94,0.5
[125I]CCL2 (HUMAN),0.5
DESVENLAFAXINE FUMARATE,0.5
TRIPARANOL,0.5
TRIMETREXATE,0.5
CHEMBL:CHEMBL607140,0.5
TIGECYCLINE,0.5
TENIDAP,0.5
PROXIBARBAL,0.5
SANDOSTATIN,0.5
PHANQUONE,0.5
DIPHENHYDRAMINE HYDROCHLORIDE,0.5
CHEMBL:CHEMBL1339015,0.5
CHEMBL:CHEMBL1813518,0.5
METHABENZTHIAZURON,0.5
3-AMINOBENZAMIDE,0.5
DIBROMOACETIC ACID,0.5
ODANACATIB,0.5
DEVAZEPIDE,0.5
VALINOMYCIN,0.5
REPINOTAN,0.5
CHEMBL:CHEMBL1520837,0.5
CHEMBL:CHEMBL579742,0.5
GRISEOFULVIN,0.5
CHEMBL:CHEMBL583824,0.5
VABICASERIN,0.5
CHEMBL:CHEMBL591137,0.5
GLUTAMIC ACID HYDROCHLORIDE,0.5
(R)-FLECAINIDE,0.5
ACELLULAR DERMAL MATRIX,0.5
[3H]GABAZINE,0.5
ATOGEPANT,0.5
BEGELOMAB,0.5
[125I]ASTRESSIN,0.5
[3H]AMPA,0.5
COMPOUND 1 [PMID: 24793884],0.5
ZABEDOSERTIB,0.5
&GAMMA;-KTX1.7,0.5
ALTANSERIN,0.5
CHEMBL:CHEMBL228132,0.5
PROTUBOXEPIN A,0.5
CHEMBL:CHEMBL1331995,0.5
TEDIZOLID,0.5
PD1 INHIBITOR,0.5
CHEMBL:CHEMBL462861,0.5
CHEMBL:CHEMBL584635,0.5
ME0328,0.5
AZD-8055,0.5
OMIDENEPAG,0.5
FAZPILODEMAB,0.5
CYSTAMINE,0.5
VEDOLIZUMAB,0.5
TASIMELTEON,0.5
OLODATEROL,0.5
GARCINOL,0.5
LENIOLISIB,0.5
GW409544,0.5
COMPOUND 15A [PMID: 36642961],0.5
INDINAVIR,0.5
PIROMELATINE,0.5
PECTOLINARIGENIN,0.5
DAGLUTRIL,0.5
CHEMBL:CHEMBL22062,0.5
CHEMBL:CHEMBL450802,0.5
SKF-83566,0.5
BEZUCLASTINIB,0.5
JNJ-10311795,0.5
UCB35625,0.5
CCL7,0.5
ANISINDIONE,0.5
SERATRODAST,0.5
CHEMBL:CHEMBL1256660,0.5
HYPOXIS HEMEROCALLIDEA ROOT EXTRACT,0.5
ENOXIMONE,0.5
FOLIGLURAX,0.5
FEBANTEL,0.5
CARBONYL CYANIDE M-CHLOROPHENYLHYDRAZONE,0.5
CHEMBL:CHEMBL601192,0.5
SARCOLYSIN,0.5
RILAPLADIB,0.5
CHEMBL:CHEMBL1927684,0.5
RAZUPROTAFIB,0.5
BRYOSTATIN,0.5
ELGEMTUMAB,0.5
HARMOL HYDROCHLORIDE,0.5
MEK INHIBITOR PD-98059,0.5
USTEKINUMAB,0.5
FIPEXIDE,0.5
A-867744,0.5
TRICHOSTATIN A,0.5
MERADIMATE,0.5
COMPOUND 55 [PMID: 30889352],0.5
FUROSPONGOLIDE,0.5
CHEMBL:CHEMBL547977,0.5
AMLODIPINE BENZOATE,0.5
6-DIAZO-5-OXO-L-NORLEUCINE,0.5
RECOMBINANT COLONY STIMULATING FACTOR,0.5
AZELNIDIPINE,0.5
CHEMBL:CHEMBL1255936,0.5
CHEMBL:CHEMBL548615,0.5
BIRINAPANT,0.5
CHEMBL:CHEMBL1078244,0.5
GERALDOL,0.5
CHEMBL:CHEMBL398765,0.5
CIXUTUMUMAB,0.5
ULOCUPLUMAB,0.5
N6022,0.5
CADAZOLID,0.5
SALIRASIB,0.5
GENTAMICIN SULFATE,0.5
CHEMBL:CHEMBL578294,0.5
CONTEZOLID,0.5
CHRYSOPHANOL,0.5
OPICINUMAB,0.5
DACTOLISIB,0.5
RIMITEROL,0.5
GEPOTIDACIN,0.5
DIFLUBENZURON,0.5
ABROCITINIB,0.5
T863,0.5
FENCLONINE,0.5
QUINUPRISTIN/DALFOPRISTIN,0.5
TOMINOSTAT,0.5
6-FLUOROTRYPTOPHAN,0.5
E4031,0.5
PRODIGIOSIN,0.5
CHEMBL:CHEMBL1401091,0.5
CHEMBL:CHEMBL85194,0.5
VEGFA,0.5
CHEMBL:CHEMBL512649,0.5
SAPPANONE A DIMETHYL ETHER,0.5
VOSORITIDE,0.5
HOMOVANILLIC ACID,0.5
CHEMBL:CHEMBL2088301,0.5
CHEMBL:CHEMBL1334191,0.5
CHEMBL:CHEMBL335741,0.5
NS1643,0.5
SPERMIDINE,0.5
NS309,0.5
R3/I5,0.5
PROLINE,0.5
CICLOPIROX OLAMINE,0.5
CHEMBL:CHEMBL1317986,0.5
NETARSUDIL,0.5
CHLOROPYRAMINE,0.5
SAN-300,0.5
CONICASTEROL D,0.5
CHEMBL:CHEMBL426404,0.5
ELENESTINIB,0.5
VITAMIN E,0.5
RAFOXANIDE,0.5
IVERMECTIN,0.5
VPC32179,0.5
NALOXONE BENZOYLHYDRAZONE,0.5
BIFEMELANE,0.5
ATN-161,0.5
CHEMBL:CHEMBL584883,0.5
CERIVASTATIN SODIUM,0.5
VU0080241,0.5
ZOMEPIRAC SODIUM,0.5
SERTRALINE HYDROCHLORIDE,0.5
QUINUPRISTIN,0.5
VITAMIN B2,0.5
SERMORELIN,0.5
BRL-54443,0.5
TUSPETINIB,0.5
SB 649915,0.5
LY344864,0.5
VISMODEGIB,0.5
"N-[6-(4-CHLOROPHENYL)-7-(2,4-DICHLOROPHENYL)-2,2-DIMETHYL-3,4-DIHYDRO-2H-PYRANO[2,3-B]PYRIDINE-4-YL]-4,4,4-TRIFLUORO-3-HYDROXYBUTANAMIDE (DIASTEREOMERIC MIX)",0.5
FASIDOTRIL,0.5
BERBAMINE,0.5
CHEMBL:CHEMBL184074,0.5
PK 11195,0.5
CHEMBL:CHEMBL602763,0.5
KARANJIN,0.5
MOTOLIMOD,0.5
COMPOUND 8U [PMID: 31999451],0.5
TIOTIDINE,0.5
MECETRONIUM,0.5
HSD1590,0.5
PROPIONYLPROMAZINE HYDROCHLORIDE,0.5
CHEMBL:CHEMBL1079460,0.5
CHEMBL:CHEMBL1549738,0.5
QR-6401,0.5
MIRIPIRIUM,0.5
CROCIN,0.5
LUTEIN,0.5
SISOMICIN,0.5
[3H]LSD,0.5
SB 714786,0.5
FLURBIPROFEN,0.5
AZD1480,0.5
AZTREONAM,0.5
FELADILIMAB,0.5
5-AMINOISOQUINOLINE,0.5
LADOSTIGIL,0.5
KT-109,0.5
ARGIPRESSIN,0.5
CHEMBL:CHEMBL606460,0.5
CHEMBL:CHEMBL1545737,0.5
INSL3,0.5
CHEMBL:CHEMBL580955,0.5
FUSARIC ACID,0.5
BEKANAMYCIN,0.5
CDK2 INHIBITOR III,0.5
XL413,0.5
CCL15,0.5
DIMETHYL GAMBOGATE,0.5
PAMOIC ACID,0.5
COMPOUND 7C [PMID: 22041175],0.5
BULEVIRTIDE,0.5
NI-57,0.5
DARAPLADIB,0.5
BETA-TOXICAROL,0.5
BETA-CCM,0.5
CHEMBL:CHEMBL1312050,0.5
LURASIDONE HYDROCHLORIDE,0.5
[125I]TYR3 SMS 201-995,0.5
CHEMBL:CHEMBL77387,0.5
CHEMBL:CHEMBL578515,0.5
PRONETALOL,0.5
MPEP,0.5
BAFF,0.5
CHEMBL:CHEMBL482792,0.5
HEROIN,0.5
CHEMBL:CHEMBL548629,0.5
CHEMBL:CHEMBL533388,0.5
KYNURENIC ACID,0.5
CHROMOCARB,0.5
VALRUBICIN,0.5
CHEMBL:CHEMBL445153,0.5
CHEMBL:CHEMBL585269,0.5
SUVANINE'S SODIUM SALT,0.5
DE-104,0.5
N-PROPYLNORAPOMORPHINE,0.5
TETRACYCLINE HYDROCHLORIDE,0.5
SNDX-5613,0.5
SLX-4090,0.5
RUBITECAN,0.5
PENICILLIN V,0.5
BERGAMOTTIN,0.5
"SN-1,2-DIDECANOYLGLYCEROL",0.5
CHEMBL:CHEMBL585656,0.5
CARNOSIC ACID,0.5
URSODIOL,0.5
ENDRIN,0.5
GUANADREL SULFATE,0.5
NEUREGULIN-1,0.5
DDR-IN-1,0.5
GERONTOXANTHONE I,0.5
IBUTAMOREN,0.5
FLAVOXATE HYDROCHLORIDE,0.5
COMPOUND 4 [PMID: 30824200],0.5
MINIMISED RELAXIN-3 ANALOGUE 2,0.5
RELAXIN-3 (B CHAIN),0.5
TAMRLX,0.5
E2.3,0.5
PF-03814735,0.5
APICIDIN,0.5
&ALPHA;-PROPYLDOPACETAMIDE,0.5
HELIOMYCIN,0.5
CHEMBL:CHEMBL1256689,0.5
SIVELESTAT SODIUM,0.5
CHEMBL:CHEMBL597246,0.5
NC 8-12,0.5
ARN-3236,0.5
PURVALANOL B,0.5
CHEMBL:CHEMBL364729,0.5
EVT-101,0.5
AZ960,0.5
PURMORPHAMINE,0.5
EUROPIUM-LABELLED RELAXIN-3-B/INSL5 A CHIMERA,0.5
VENETOCLAX,0.5
PF-592379,0.5
ASP-0819,0.5
VANILLIN,0.5
CCL16,0.5
ETHYLESTRENOL,0.5
AZARIBINE,0.5
BENZYDAMINE,0.5
LYSOPHOSPHATIDYLINOSITOL,0.5
UDP-GALACTOSE,0.5
PALMIDROL,0.5
AC264613,0.5
RODATRISTAT,0.5
O6-BENZYLGUANINE,0.5
IMIDAPRIL,0.5
ZAPA,0.5
CHEMBL:CHEMBL1308346,0.5
CHEMBL:CHEMBL538965,0.5
POMALIDOMIDE,0.5
ETORICOXIB,0.5
INIXACICLIB,0.5
P05,0.5
RY796,0.5
IPSAPIRONE,0.5
ALOGLIPTIN,0.5
PHA-408,0.5
TRANEXAMIC ACID,0.5
EGANELISIB,0.5
MARALIXIBAT,0.5
SAD448,0.5
XL-844,0.5
LONIDAMINE,0.5
[125I]SAUVAGINE (FROG),0.5
OXIGLUTATIONE,0.5
SKI II,0.5
PROPYLENE GLYCOL MONOSTEARATE,0.5
RETEPLASE,0.5
2MESATP,0.5
GW-2580,0.5
DS-437,0.5
AG14361,0.5
BUTAMBEN PICRATE,0.5
TOLEBRUTINIB,0.5
CHEMBL:CHEMBL471004,0.5
PYRIDOSTIGMINE BROMIDE,0.5
1-NAPHTHYLISOTHIOCYANATE,0.5
CHEMBL:CHEMBL599924,0.5
ALKYL OMPT,0.5
NEUREGULIN-2,0.5
PYRIDABEN,0.5
SARACATINIB,0.5
RAMELTEON,0.5
METHIOTHEPIN MESYLATE,0.5
CHEMBL:CHEMBL592124,0.5
CALCIUM CHANNEL BLOCKER,0.5
KELATORPHAN,0.5
OXPRENOLOL HYDROCHLORIDE,0.5
RO-0505124,0.5
PACHYRRIZINE,0.5
PREGNENOLONE,0.5
CONICASTEROL E,0.5
CHEMBL:CHEMBL1257031,0.5
CLEMASTINE FUMARATE,0.5
GDC-0152,0.5
DELPAZOLID,0.5
CORTISONE ACETATE,0.5
PELUBIPROFEN,0.5
LY2087101,0.5
NPY-(13-36) (PIG),0.5
MK-1029,0.5
COMPOUND 7K [PMID: 23521020],0.5
GONADOTROPIN-RELEASING HORMONE ANALOG,0.5
CHEMBL:CHEMBL590947,0.5
NANOLUC R3/I5 CHIMERA,0.5
TESMILIFENE,0.5
RELAMORELIN,0.5
TALETRECTINIB,0.5
EPRENETAPOPT,0.5
CHEMBL:CHEMBL1328677,0.5
OICR-9429,0.5
CHEMBL:CHEMBL472656,0.5
CHEMBL:CHEMBL86464,0.5
CHEMBL:CHEMBL285157,0.5
CHEMBL:CHEMBL458602,0.5
CHEMBL:CHEMBL1523215,0.5
M8891,0.5
MOFEGILINE,0.5
GW3965,0.5
CHEMBL:CHEMBL1945130,0.5
CHEMBL:CHEMBL529361,0.5
BIM 23060,0.5
SNC80,0.5
LEVALBUTEROL,0.5
RELAXIN-1,0.5
CHEMBL:CHEMBL600315,0.5
PRACINOSTAT,0.5
CHEMBL:CHEMBL527271,0.5
NS1738,0.5
POTASSIUM OXYBATE,0.5
AMPIROXICAM,0.5
LACIDIPINE,0.5
BSJ-03-204,0.5
COMPOUND 41 [PMID: 31855425],0.5
CHEMBL:CHEMBL599896,0.5
TIBREMCICLIB,0.5
BS-181,0.5
TINENGOTINIB,0.5
ZOLBETUXIMAB,0.5
SALERMIDE,0.5
(+)-ADTN,0.5
MINIMISED RELAXIN-3 ANALOGUE 3,0.5
SIMUROSERTIB,0.5
CROZBACICLIB,0.5
AMINOPURVALANOL A,0.5
BU08028,0.5
VINTAFOLIDE,0.5
CCX354,0.5
COMPOUND (R)-26 [PMID: 22686657],0.5
REGLITAZAR,0.5
COMPOUND 24 [PMID: 23441572],0.5
RS-100329,0.5
COMPOUND 47 [PMID: 28737909],0.5
(+)-LSD,0.5
GXTX-1E,0.5
CHEMBL:CHEMBL227959,0.5
LAWSONE,0.5
BERBERRUBINE,0.5
CEFAZOLIN,0.5
BRD4 INHIBITOR PLX2853,0.5
PCMBS,0.5
LULIZUMAB PEGOL,0.5
NARATUXIMAB EMTANSINE,0.5
RHO KINASE INHIBITOR IV,0.5
ZICONOTIDE,0.5
BMS-986202,0.5
HE3235,0.5
UFP-505,0.5
THEONELLASTEROL C,0.5
ASP8477,0.5
OXICONAZOLE,0.5
L689560,0.5
ERGOCRISTINE,0.5
COBIMETINIB,0.5
DACLATASVIR,0.5
PIROCTONE,0.5
ABT702,0.5
6-O-BENZYLGUANINE,0.5
CHEMBL:CHEMBL1927670,0.5
CANTHARIDIN,0.5
CHEMBL:CHEMBL1093369,0.5
ESTRONE,0.5
IMPLITAPIDE,0.5
MONALIZUMAB,0.5
SKA-31,0.5
THERAPEUTIC ESTROGEN,0.5
CHEMBL:CHEMBL87568,0.5
MG-132,0.5
D-TRYPTOPHAN,0.5
BRL50481,0.5
ASCIMINIB,0.5
PAMIDRONATE DISODIUM,0.5
EVODIAMINE,0.5
CHEMBL:CHEMBL584458,0.5
LYSERGIDE,0.5
ANTITUBERCULAR AGENT,0.5
HOECHST 33258,0.5
VER-3323,0.5
COMPOUND 42 [PMID: 37721854],0.5
LUSPATERCEPT-AAMT,0.5
COMPOUND 5N [PMID: 20483621],0.5
MANOALIDE,0.5
GI254023X,0.5
CHEMBL:CHEMBL600175,0.5
CHEMBL:CHEMBL601353,0.5
PIPERIDOLATE,0.5
AMPEROZIDE,0.5
PAPAVERINE HYDROCHLORIDE,0.5
ENOBLITUZUMAB,0.5
TAMIBAROTENE,0.5
ENVIRONMENTAL ESTROGEN,0.5
GSK269962A,0.5
CHLORAMPHENICOL SODIUM SUCCINATE,0.5
ROTIGOTINE,0.5
MELOXICAM,0.5
DEXIBUPROFEN,0.5
PEGCETACOPLAN,0.5
NALOXONE METHIODIDE,0.5
CHEMBL:CHEMBL1256916,0.5
SPIRAPRIL,0.5
THIORIDAZINE,0.5
BIX-01294,0.5
CHEMBL:CHEMBL1642672,0.5
CHEMBL:CHEMBL1288013,0.5
ELEZANUMAB,0.5
CHEMBL:CHEMBL476501,0.5
ELRAGLUSIB,0.5
RYANODINE,0.5
AURORA KINASE INHIBITOR AMG 900,0.5
LAS190792,0.5
SAXAGLIPTIN ANHYDROUS,0.5
CHEMBL:CHEMBL1315166,0.5
AZ628,0.5
SODIUM DODECYL SULFATE,0.5
ASCORBYL PALMITATE,0.5
ELOBIXIBAT,0.5
CLINDAMYCIN HYDROCHLORIDE,0.5
IBRUTINIB,0.5
SRT-1720,0.5
CP55940,0.5
CHEMBL:CHEMBL577662,0.5
7-METHOXY-1-NAPHTHYLPIPERAZINE,0.5
CXCL9,0.5
BASIC FIBROBLAST GROWTH FACTOR,0.5
CHEMBL:CHEMBL597449,0.5
CL-976,0.5
AZD7687,0.5
BROQUINALDOL,0.5
CHEMBL:CHEMBL272682,0.5
CIPARGAMIN,0.5
CHEMBL:CHEMBL598679,0.5
IVACAFTOR,0.5
PLAZOMICIN SULFATE,0.5
CHEMBL:CHEMBL602126,0.5
INSL5,0.5
"8,2'-DIMETHOXYFLAVONE",0.5
JNJ-40411813,0.5
XANTHOANGELOL F,0.5
TENECTEPLASE,0.5
CHEMBL:CHEMBL1415258,0.5
N-ARACHIDONYL-&GAMMA;-AMINOBUTYRIC ACID,0.5
WITHAFERIN A,0.5
ACACETIN DIACETATE,0.5
CHEMBL:CHEMBL603024,0.5
CHEMBL:CHEMBL603952,0.5
DICHLOROISOPROTERENOL,0.5
ZILTIVEKIMAB,0.5
8-CYCLOPENTYLTHEOPHYLLINE,0.5
CHEMBL:CHEMBL585628,0.5
GW775608X,0.5
CTAP,0.5
SCH221510,0.5
CHELERYTHRINE CHLORIDE,0.5
THIOINOSINE,0.5
BENZIODARONE,0.5
"(7S)-2-(2-AMINOPYRIMIDIN-4-YL)-7-(2-FLUOROETHYL)-1,5,6,7-TETRAHYDRO-4H-PYRROLO[3,2-C]PYRIDIN-4-ONE",0.5
EDAGLITAZONE,0.5
SKF-76783,0.5
IBERDOMIDE,0.5
BIM 23034,0.5
THAL-SNS-032,0.5
BMS-265246,0.5
OBP-801,0.5
ANALGESIC AGENT,0.5
CHEMBL:CHEMBL11458,0.5
PREDNISONE,0.5
METHANESULFONIC ACID METHYL ESTER,0.5
NB-ACETYLTRYPTAMINE,0.5
INDINAVIR SULFATE,0.5
CHEMBL:CHEMBL1091971,0.5
VARDENAFIL,0.5
RESENCATINIB,0.5
ROCK INHIBITOR 3,0.5
VALEMETOSTAT,0.5
PIPAMPERONE,0.5
OBRINDATAMAB,0.5
L-796449,0.5
LY-255283,0.5
CHEMBL:CHEMBL600298,0.5
CHEMBL:CHEMBL582737,0.5
MARBOSTAT-100,0.5
CHEMBL:CHEMBL2348411,0.5
CARISOPRODOL,0.5
THEONELLASTEROL B,0.5
CYPPA,0.5
PF-543,0.5
MP-A08,0.5
IMETIT,0.5
CHEMBL:CHEMBL466465,0.5
CDK2 INHIBITOR IV,0.5
HAPLAMINE,0.5
COMPOUND 5G [PMID: 20483621],0.5
CHEMBL:CHEMBL240954,0.5
REMIBRUTINIB,0.5
METHYSERGIDE,0.5
"L-817,818",0.5
CHEMBL:CHEMBL580421,0.5
CHEMBL:CHEMBL578636,0.5
AMBAZONE,0.5
ROLUPERIDONE HYDROCHLORIDE,0.5
PHOSMET,0.5
SUTIMLIMAB,0.5
SEVITERONEL,0.5
NARINGIN,0.5
HOMIDIUM BROMIDE,0.5
HYPEROSIDE,0.5
CHEMBL:CHEMBL535714,0.5
CHEMBL:CHEMBL579318,0.5
CPI-1205,0.5
SELITRECTINIB,0.5
UBROGEPANT,0.5
[3H]8-OH-DPAT,0.5
MILRINONE,0.5
CHEMBL:CHEMBL303958,0.5
GNE-0877,0.5
AL-78898A,0.5
TYROSINE HYDROXYLASE INHIBITOR,0.5
PF-04605412,0.5
ROBALZOTAN,0.5
PENBUTOLOL,0.5
MEPHENTERMINE,0.5
PYRAFLUFEN-ETHYL,0.5
CHEMBL:CHEMBL295337,0.5
STANNSOPORFIN,0.5
NITROBLUE TETRAZOLIUM,0.5
METAPROTERENOL,0.5
COMPOUND 46C [PMID: 29350534],0.5
CHEMBL:CHEMBL300389,0.5
ORELABRUTINIB,0.5
ALANOSINE,0.5
METHYSERGIDE MALEATE,0.5
BMS-986142,0.5
BIMIRALISIB,0.5
MEBANAZINE,0.5
CHEMBL:CHEMBL536151,0.5
SB 242084,0.5
WNN0109-C011,0.5
SELICICLIB,0.5
BRONTICTUZUMAB,0.5
L-765314,0.5
COMPOUND 29E [PMID: 23631440],0.5
CHEMBL:CHEMBL198666,0.5
CAY10499,0.5
SERIBANTUMAB,0.5
CHEMBL:CHEMBL582081,0.5
OF-1,0.5
LERIDISTIM,0.5
[3H]NGD941,0.5
CHEMBL:CHEMBL588859,0.5
LAURYL ISOQUINOLINIUM,0.5
BERBERINE CHLORIDE,0.5
LOPERAMIDE,0.5
CHEMBL:CHEMBL579028,0.5
ERUCIC ACID,0.5
MEVIDALEN,0.5
ADL5747,0.5
LORECIVIVINT,0.5
ALOFANIB,0.5
CHEMBL:CHEMBL590184,0.5
CHEMBL:CHEMBL582722,0.5
4-(BENZHYDRYLOXY)-1-[3-(1H-TETRAAZOL-5-YL)PROPYL]PIPERIDINE,0.5
REL-CISAPRIDE,0.5
MINOCYCLINE,0.5
A(4-24)(B7-24)H2,0.5
PN10,0.5
BET INHIBITOR,0.5
CHEMBL:CHEMBL587579,0.5
CHEMBL:CHEMBL123904,0.5
PROTOKYLOL HYDROCHLORIDE,0.5
BENZANTHRONE,0.5
HYPERFORIN,0.5
AQW051,0.5
BNC375,0.5
MM-111,0.5
CHEMBL:CHEMBL597251,0.5
CHEMBL:CHEMBL1370698,0.5
CHEMBL:CHEMBL534214,0.5
CITALOPRAM HYDROBROMIDE,0.5
NORCLOBAZAM,0.5
"5,7-DICHLOROKYNURENIC ACID",0.5
AMPRELOXETINE,0.5
CHEMBL:CHEMBL456559,0.5
SCOPOLETIN,0.5
ALEXIDINE DIHYDROCHLORIDE,0.5
ASTRESSIN,0.5
DEXKETOPROFEN,0.5
VARESPLADIB,0.5
SOMATROGON,0.5
NEMONAPRIDE,0.5
LOMEFLOXACIN,0.5
POZIOTINIB,0.5
CCL19,0.5
TENELIGLIPTIN,0.5
ANTIESTROGEN,0.5
CHEMBL:CHEMBL1707907,0.5
MOEXIPRIL,0.5
XL844,0.5
OTLERTUZUMAB,0.5
HYDROXYSTILBAMIDINE ISETHIONATE,0.5
TALAZOPARIB TOSYLATE,0.5
TOLIMIDONE,0.5
DIOXYBENZONE,0.5
BENZPIPERYLON,0.5
LUSUTROMBOPAG,0.5
COMPOUND 17 [PMID: 23916253],0.5
SA-57,0.5
CHEMBL:CHEMBL529138,0.5
GLUCARPIDASE,0.5
DAPH,0.5
"3,7-DIMETHOXYFLAVONE",0.5
PEGINESATIDE,0.5
DIMIRACETAM,0.5
AGERAFENIB,0.5
NILOTINIB HYDROCHLORIDE MONOHYDRATE,0.5
IBALIZUMAB,0.5
AMIDATE,0.5
CHEMBL:CHEMBL1412710,0.5
CHEMBL:CHEMBL1256667,0.5
HMG-COA REDUCTASE INHIBITOR,0.5
NEFLAMAPIMOD,0.5
TALADEGIB,0.5
CHEMBL:CHEMBL1611308,0.5
LYCOPENE,0.5
CHEMBL:CHEMBL1503190,0.5
CHEMBL:CHEMBL602260,0.5
CHEMBL:CHEMBL1369632,0.5
IL-3,0.5
ELSAMITRUCIN,0.5
"DALBERGIONE, 4-METHOXY-4'-HYDROXY-",0.5
LIRANAFTATE,0.5
LY-465608,0.5
PCO-371,0.5
APRATASTAT,0.5
CORTODOXONE,0.5
MECLOCYCLINE SULFOSALICYLATE,0.5
CHEMBL:CHEMBL599098,0.5
MENTHOFURAN,0.5
E2012,0.5
METHOCARBAMOL,0.5
NOBILETIN,0.5
TRIOXSALEN,0.5
CGP53353,0.5
CHR-3996,0.5
ATRIAL NATRIURETIC PEPTIDE,0.5
CHEMBL:CHEMBL1446254,0.5
PF-04620110,0.5
CYC116,0.5
ARUNDINE,0.5
BSJ-04-132,0.5
FIDUXOSIN HYDROCHLORIDE,0.5
CIPROFIBRATE,0.5
TRIADIMENOL,0.5
TRICLABENDAZOLE,0.5
CHEMBL:CHEMBL1449731,0.5
AMINOQUINOL,0.5
CIMPUCICLIB,0.5
9-OH-RISPERIDONE,0.5
HALOFANTRINE,0.5
TIOPRONIN,0.5
CHEMBL:CHEMBL483838,0.5
CHEMBL:CHEMBL66279,0.5
MORICIZINE,0.5
CRIZANLIZUMAB,0.5
(R)-FLUROCARAZOLOL,0.5
TEPROTUMUMAB,0.5
RHUCIN,0.5
CHEMBL:CHEMBL532412,0.5
BROMPHENIRAMINE,0.5
IDALOPIRDINE,0.5
CHEMBL:CHEMBL580076,0.5
PALIFERMIN,0.5
OMADACYCLINE TOSYLATE,0.5
TORIN 1,0.5
HDAC INHIBITOR REC-2282,0.5
TRIPHENYL PHOSPHATE,0.5
LEFAMULIN ACETATE,0.5
RANIBIZUMAB,0.5
CARPROFEN,0.5
ERYTHROMYCIN ESTOLATE,0.5
GSK2830371,0.5
CARTEOLOL,0.5
AMINODIMETHOXYQUINAZOLINYLPIPERAZINE,0.5
OLSALAZINE,0.5
RIBOFLAVIN,0.5
CHEMBL:CHEMBL363332,0.5
LEUCINE,0.5
PIRINIXIC ACID,0.5
CHEMBL:CHEMBL602424,0.5
SPEBRUTINIB,0.5
DIHYDROSTREPTOMYCIN SULFATE,0.5
ZIMLOVISERTIB,0.5
FEPIXNEBART,0.5
SPIRAMYCIN,0.5
TESOFENSINE,0.5
RADEZOLID,0.5
JNJ1661010,0.5
(S)-FLUROCARAZOLOL,0.5
PENBUTOLOL SULFATE,0.5
TETRACYCLINE PHOSPHATE COMPLEX,0.5
SPECTINOMYCIN HYDROCHLORIDE,0.5
DALFOPRISTIN,0.5
TIANEPTINE,0.5
ANTI-HER3 MONOCLONAL ANTIBODY GSK2849330,0.5
CHEMBL:CHEMBL471226,0.5
DIBENZOYLMETHANE,0.5
FOSINOPRIL,0.5
GANCOTAMAB,0.5
ADP&BETA;S,0.5
ESCULETIN,0.5
RISLENEMDAZ,0.5
CHEMBL:CHEMBL534423,0.5
NPS 2143,0.5
LIRAFUGRATINIB,0.5
PEMIGATINIB,0.5
OL135,0.5
EMAVUSERTIB,0.5
"SYNTHETIC CONJUGATED ESTROGENS, A",0.5
LITOXETINE,0.5
CYCLOSERINE,0.5
BIM 23059,0.5
COMPOUND 59 [PMID: 30889352],0.5
DEOXYSPERGUALIN,0.5
"COMPOUND 1 [OVERHAND ET AL., 1997]",0.5
AG-14,0.5
TRAXOPRODIL,0.5
MILATUZUMAB,0.5
BENZOTHIAZYL DISULFIDE,0.5
CHEMBL:CHEMBL260560,0.5
MYCOPHENOLATE SODIUM,0.5
ELETRIPTAN,0.5
AZD0328,0.5
JNJ-5207852,0.5
ERYTHROMYCIN LACTOBIONATE,0.5
LINOPIRDINE,0.5
TIRAPAZAMINE,0.5
SELETALISIB,0.5
LY-518674,0.5
EBIO,0.5
HYDRALAZINE / ISOSORBIDE DINITRATE,0.5
CHEMBL:CHEMBL602807,0.5
CHEMBL:CHEMBL1379243,0.5
CHEMBL:CHEMBL602923,0.5
ETAVOPIVAT,0.5
HARMALOL,0.5
CHEMBL:CHEMBL536599,0.5
CHEMBL:CHEMBL1172228,0.5
VOGLIBOSE,0.5
PRALICIGUAT,0.5
XANTHONE,0.5
CHEMBL:CHEMBL1688556,0.5
SOFOSBUVIR,0.5
SOVLEPLENIB,0.5
SPHINGOMYELIN SYNTHASE 2 INHIBITOR 15W,0.5
CHEMBL:CHEMBL227298,0.5
1-PHENYLBIGUANIDE,0.5
CHEMBL:CHEMBL602740,0.5
6-AMINOCAPROIC ACID,0.5
CARBOPROST TROMETHAMINE,0.5
ELIPRODIL,0.5
SAFIMALTIB,0.5
REDIOCIDE A,0.5
CHEMBL:CHEMBL547101,0.5
MORUSINOL,0.5
ETARACIZUMAB,0.5
SENICAPOC,0.5
ESOXYBUTYNIN,0.5
CHEMBL:CHEMBL1939691,0.5
CHEMBL:CHEMBL1232076,0.5
AZD4877,0.5
SLV-334,0.5
HUMAN CALCITONIN,0.5
RECOMBINANT NEMATODE ANTICOAGULANT PROTEIN C2,0.5
ALAZANINE,0.5
SR-123781A,0.5
PF-05190457,0.5
EDASALONEXENT,0.5
DAVAMOTECAN PEGADEXAMER,0.5
LECANORIC ACID,0.5
CONICASTEROL B,0.5
CHEMBL:CHEMBL74852,0.5
AROMATICIN,0.5
ABRILUMAB,0.5
MANIDIPINE,0.5
INCB3619,0.5
RALIMETINIB MESYLATE,0.5
PHENAMIPHOS,0.5
JTC-801,0.5
CHEMBL:CHEMBL296021,0.5
BALIXAFORTIDE,0.5
UROTENSIN 1 (FISH),0.5
SENAPARIB,0.5
MAGNESIUM OXYBATE,0.5
AVACOPAN,0.5
Y-39983,0.5
SALACINOL,0.5
SCLEROTIORIN,0.5
6-HYDROXYMELATONIN,0.5
EP-217609,0.5
ETHAMBUTOL HYDROCHLORIDE,0.5
FLUCYTOSINE,0.5
PAXILLINE,0.5
ERYTHROMYCIN STEARATE,0.5
ECADOTRIL,0.5
BISANTRENE,0.5
PEFICITINIB,0.5
TADALAFIL,0.5
TK216,0.5
OXPRENOLOL,0.5
CHEMBL:CHEMBL1972216,0.5
INDOMETHACIN,0.5
VEROSUDIL,0.5
ARTEMOTIL,0.5
CA-170,0.5
GDC-0425,0.5
TERIFLUNOMIDE,0.5
KX2-361,0.5
SALMON CALCITONIN,0.5
NEOSTIGMINE,0.5
HYDROCORTAMATE,0.5
ERAVACYCLINE DIHYDROCHLORIDE,0.5
THERAPEUTIC GLUCOCORTICOID,0.5
TESAMORELIN,0.5
OPC-14523,0.5
AFLIBERCEPT,0.5
MOTIXAFORTIDE,0.5
TEDIZOLID PHOSPHATE,0.5
NEMIRALISIB,0.5
AMA0076,0.5
VALBENAZINE,0.5
ALVELESTAT,0.5
SCUTELLAREIN,0.5
GSK2245035,0.5
SB-269970,0.5
&ALPHA;-METHYL-5-HT,0.5
BROMPERIDOL,0.5
NIMESULIDE,0.5
ILGINATINIB,0.5
COMPOUND 13A [PMID: 23639540],0.5
COMPOUND 9B [PMID: 18986805],0.5
MAVORIXAFOR,0.5
CCL13,0.5
MYCOPHENOLATE MOFETIL HYDROCHLORIDE,0.5
BOHEMINE,0.5
SAUVAGINE,0.5
GNE-7915,0.5
DADLE,0.5
CP-10,0.5
CHEMBL:CHEMBL534244,0.5
ECOPIPAM HYDROCHLORIDE,0.5
EVOBRUTINIB,0.5
TIRABRUTINIB,0.5
COMPOUND 1 [PMID: 31477924],0.5
ZALOSPIRONE,0.5
MEPIRODIPINE,0.5
NAPROXCINOD,0.5
CHEMBL:CHEMBL527336,0.5
CHEMBL:CHEMBL1531222,0.5
ALK/TRK INHIBITOR TSR-011,0.5
CHEMBL:CHEMBL312487,0.5
CORONOPILIN,0.5
IMIQUIMOD,0.5
AI-850,0.5
BENZPHETAMINE HYDROCHLORIDE,0.5
TALQUETAMAB,0.5
NADROPARIN CALCIUM,0.5
GREEN TEA EXTRACT,0.5
ISOGRANULATIMIDE,0.5
NLX-101,0.5
BX-912,0.5
PD-146176,0.5
TETRAHYDROURIDINE,0.5
DENOPAMINE,0.5
UE2343,0.5
PLECANATIDE,0.5
NAVAFENTEROL,0.5
CARBETAPENTANE,0.5
PANCURONIUM BROMIDE,0.5
CHEMBL:CHEMBL74913,0.5
CHEMBL:CHEMBL294747,0.5
SUNITINIB,0.5
PROADIFEN,0.5
CHEMBL:CHEMBL1256984,0.5
HYDRASTININE HYDROCHLORIDE,0.5
IMIPRAMINE PAMOATE,0.5
VIOMYCIN SULFATE,0.5
SUPROFEN,0.5
DIPYRIDYL,0.5
PARGYLINE HYDROCHLORIDE,0.5
DEOXYCYTIDINE,0.5
CHALCONE,0.5
CHELERYTHRINE,0.5
SOFALCONE,0.5
VILANTEROL,0.5
ALISKIREN,0.5
HYMENOIC ACID,0.5
CHEMBL:CHEMBL515495,0.5
REVUMENIB,0.5
CHEMBL:CHEMBL99408,0.5
CELL SURFACE ANTIGEN,0.5
"4-[3-(1,4-DIAZEPAN-1-YLCARBONYL)-4-FLUOROBENZYL]PHTHALAZIN-1(2H)-ONE",0.5
TRIPROLIDINE,0.5
RAPALINK-1,0.5
DIFFRACTAIC ACID,0.5
IFENPRODIL,0.5
SS1(DSFV)-PE38,0.5
DISULFIRAM,0.5
BUDESONIDE,0.5
RO-6870810,0.5
ROPINIROLE,0.5
AMLODIPINE MALEATE,0.5
CHEMBL:CHEMBL101168,0.5
ADENOSINE TRIPHOSPHATE,0.5
TRIFLUPERIDOL,0.5
RITODRINE HYDROCHLORIDE,0.5
OTELIXIZUMAB,0.5
TIQ-15,0.5
CHEMBL:CHEMBL274921,0.5
(4-CHLOROPHENYL)(MORPHOLINO)METHANETHIONE,0.5
HONOKIOL,0.5
RPR260243,0.5
SUTEZOLID,0.5
LEVAMLODIPINE MALEATE,0.5
CHEMBL:CHEMBL1270168,0.5
BELVARAFENIB,0.5
GSK0660,0.5
CALCIUM OXYBATE,0.5
CHEMBL:CHEMBL223575,0.5
LANRAPLENIB,0.5
VIDOFLUDIMUS,0.5
BUTORPHANOL,0.5
DEXTROMEPROMAZINE,0.5
N-ACETYLSEROTONIN,0.5
FURAFYLLINE,0.5
AZD7268,0.5
OXYCARBOXIN,0.5
"PYRROLIDINE DITHIOCARBAMIC ACID, AMMONIUM SALT",0.5
BMS-817399,0.5
TIOXOLONE,0.5
"7,8-DIHYDROXYFLAVONE",0.5
CHEMBL:CHEMBL265686,0.5
CHEMBL:CHEMBL59150,0.5
BEMARITUZUMAB,0.5
LOXORIBINE,0.5
SM-122,0.5
DOLCANATIDE,0.5
GONIOTHALAMIN,0.5
FERROUS SULFATE,0.5
S(+)-APOMORPHINE,0.5
BUNITROLOL,0.5
ARRY-382,0.5
DESMEDIPHAM,0.5
TREBANANIB,0.5
TESTOSTERONE ENANTHATE,0.5
DILTIAZEM MALATE,0.5
CHEMBL:CHEMBL589670,0.5
BUFLOMEDIL,0.5
ALOXISTATIN,0.5
TRIMETHADIONE,0.5
BOPINDOLOL,0.5
CHEMBL:CHEMBL591363,0.5
BELORANIB,0.5
HG-9-91-01,0.5
NAFITHROMYCIN,0.5
CHEMBL:CHEMBL605077,0.5
CHEMBL:CHEMBL1290365,0.5
PENTOSAN POLYSULFATE SODIUM,0.5
EPLERENONE,0.5
OMIGAPIL,0.5
ABCIXIMAB,0.5
QAF805,0.5
THEONELLASTEROL E,0.5
ATRACURIUM BESYLATE,0.5
NITRILOTRIACETIC ACID,0.5
TILPISERTIB,0.5
CALCIUM GLUCONATE,0.5
MARIJUANA,0.5
ANTI-ANDROGEN,0.5
RECOMBINANT INTERFERON BETA,0.5
"L-772,405",0.5
FLUORANTHENE,0.5
CP-339818,0.5
(S)-ALAPROCLATE,0.5
CHEMBL:CHEMBL602418,0.5
STALLIMYCIN,0.5
RECOMBINANT INHIBIN,0.5
TRODUSQUEMINE,0.5
"NITROFURANTOIN, MACROCRYSTALS",0.5
CHEMBL:CHEMBL588038,0.5
TOLCAPONE,0.5
TZD18,0.5
ISOEUGENITOL,0.5
XANTHOANGELOL,0.5
CADMIUM ACETATE,0.5
ENILCONAZOLE,0.5
VENLAFAXINE HYDROCHLORIDE,0.5
THUNBERGINOL E,0.5
SKF-86002,0.5
CHEMBL:CHEMBL387632,0.5
MORNIFLUMATE,0.5
NETARSUDIL DIMESYLATE,0.5
SELGANTOLIMOD,0.5
CHRYSENE,0.5
H. POLYGYRUS TGF-&BETA; MIMIC,0.5
AMEDIPLASE,0.5
COMPOUND 60 [PMID: 30889352],0.5
TEZACITABINE,0.5
CHEMBL:CHEMBL531710,0.5
AZD-5423,0.5
CHEMBL:CHEMBL2374078,0.5
CYCLIRAMINE MALEATE,0.5
NITROSOUREA COMPOUND,0.5
NA+,0.5
TEMELIMAB,0.5
PNU-120596,0.5
COMPOUND 30 [PMID: 17280833],0.5
COMPOUND 31 [PMID: 24915291],0.5
BMS-986020,0.5
OT-730,0.5
OXANDROLONE,0.5
CGS8216,0.5
CETHROMYCIN,0.5
CBP-501,0.5
COMPOUND 27D [PMID: 28231433],0.5
CHEMBL:CHEMBL279556,0.5
CANTHARIDIC_ACID,0.5
CHEMBL:CHEMBL601142,0.5
AMODIAQUINE HYDROCHLORIDE,0.5
GSK-461364A,0.5
MINOCYCLINE HYDROCHLORIDE,0.5
(R)-EF-1520,0.5
CHEMBL:CHEMBL188641,0.5
DEGUELIN,0.5
CHEMBL:CHEMBL526952,0.5
ALL-TRANS-4-OXO-RETINOIC ACID,0.5
PRE-084,0.5
APAZIQUONE,0.5
CHEMBL:CHEMBL597670,0.5
CHEMBL:CHEMBL1256510,0.5
CIPEMASTAT,0.5
ENCENICLINE,0.5
"3,5-DINITROCATECHOL (OR-486)",0.5
[33P]RELAXIN (HUMAN),0.5
FENOTEROL HBR,0.5
CHEMBL:CHEMBL45349,0.5
CHEMBL:CHEMBL63329,0.5
QUIPAZINE,0.5
CXCL10,0.5
ESMOLOL HYDROCHLORIDE,0.5
AVN-944,0.5
CHEMBL:CHEMBL601400,0.5
CHEMBL:CHEMBL576781,0.5
ARBACLOFEN,0.5
COMPOUND 34 [PMID: 25974391],0.5
SRI22141,0.5
THEONELLASTEROL F,0.5
DACOMITINIB ANHYDROUS,0.5
PENTAMIDINE ISETHIONATE,0.5
DATISCETIN,0.5
CHEMBL:CHEMBL51697,0.5
"4,4'-THIODIANILINE",0.5
L741742,0.5
CHEMBL:CHEMBL1255656,0.5
(S)-PINACIDIL,0.5
CHEMBL:CHEMBL495852,0.5
CHEMBL:CHEMBL582715,0.5
CITROPTEN,0.5
RECOMBINANT 70-KD HEAT-SHOCK PROTEIN,0.5
GIPARMEN,0.5
METHYLTHIONINIUM CHLORIDE,0.5
ANAGLIPTIN,0.5
CHEMBL:CHEMBL222808,0.5
DEOXIEPINEPHRINE,0.5
"GONADOTROPIN, CHORIONIC",0.5
ROCURONIUM BROMIDE,0.5
DICOFOL,0.5
EUPAROTIN ACETATE,0.5
ERYTHROMYCIN GLUCEPTATE,0.5
DOXYCYCLINE ANHYDROUS,0.5
CHEMBL:CHEMBL1256291,0.5
LEVOMILNACIPRAN HYDROCHLORIDE,0.5
BRANEBRUTINIB,0.5
MRS2179,0.5
RADIPRODIL,0.5
CELGOSIVIR,0.5
DAPOXETINE,0.5
ESFLURBIPROFEN,0.5
R3(B&DELTA;23-27)R/I5 CHIMERIC PEPTIDE,0.5
ROSIGLITAZONE,0.5
2-OLEOYL-LPA,0.5
AGOMELATINE,0.5
AD-5061,0.5
CHEMBL:CHEMBL471005,0.5
GSK329,0.5
COMPOUND 10D [PMID: 34855388],0.5
CC-90005,0.5
EFONIDIPINE,0.5
4-HYDROXYCYCLOPHOSPHAMIDE,0.5
LINCOMYCIN HYDROCHLORIDE,0.5
3-IODOBENZYLGUANIDINE,0.5
CHEMBL:CHEMBL153505,0.5
RADOTINIB,0.5
N-OLEOYLETHANOLAMIDE,0.5
MK-7145,0.5
ISOLIQUIRITIGENIN,0.5
CHEMBL:CHEMBL444236,0.5
BALAMAPIMOD,0.5
CHEMBL:CHEMBL1308677,0.5
BUTACLAMOL,0.5
OCTAVERINE,0.5
DIRITHROMYCIN,0.5
SGS-742,0.5
CHEMBL:CHEMBL338314,0.5
NONABINE,0.5
1G244,0.5
CHEMBL:CHEMBL532504,0.5
HUMAN THYMOSIN-FRACTION 5,0.5
ALDOSTERONE,0.5
BEVANTOLOL,0.5
CHEMBL:CHEMBL603739,0.5
TIOSPIRONE,0.5
TOZULERISTIDE,0.5
CV-3988,0.5
CHEMBL:CHEMBL577887,0.5
FORITINIB SUCCINATE,0.5
COMPOUND 49 [PMID: 30889352],0.5
IK-862,0.5
PAEONOL,0.5
LENOMORELIN,0.5
(&PLUSMN;)-EQUOL,0.5
METIPRANOLOL HYDROCHLORIDE,0.5
MOFEBUTAZONE,0.5
HELENALIN,0.5
SLC4101431,0.5
BIMATOPROST,0.5
METHAPHIT,0.5
CHEMBL:CHEMBL148831,0.5
SINIGRIN,0.5
OMAVELOXOLONE,0.5
[125I]CCL5 (HUMAN),0.5
COMPOUND 20F [PMID: 28520415],0.5
SB-3CT,0.5
DIOCTANOYLGLYCEROL PYROPHOSPHATE,0.5
OXYBENZONE,0.5
CHEMBL:CHEMBL546257,0.5
UDP-GLUCOSE,0.5
ANALOG 32 [PMID:18543899],0.5
RELAXIN-3,0.5
CHEMBL:CHEMBL583558,0.5
SAR407899,0.5
VIMSELTINIB,0.5
FLUNISOLIDE ANHYDROUS,0.5
CHEMBL:CHEMBL111201,0.5
ARHALOFENATE,0.5
BATIRAXCEPT,0.5
RILZABRUTINIB,0.5
CHEMBL:CHEMBL601528,0.5
THEONELLASTEROL G,0.5
GSK143,0.5
STREPTOMYCIN SULFATE,0.5
G&OUML; 6976,0.5
FLUAZINAM,0.5
RN486,0.5
CHEMBL:CHEMBL601351,0.5
SODIUM NITROPRUSSIDE,0.5
CHEMBL:CHEMBL512908,0.5
CYPATE,0.5
CHEMBL:CHEMBL271165,0.5
CONTEZOLID ACEFOSAMIL,0.5
NAFTIFINE,0.5
"L-694,247",0.5
CHEMBL:CHEMBL406557,0.5
COMPOUND 13D [PMID: 23639540],0.5
CHEMBL:CHEMBL585964,0.5
DELGOCITINIB,0.5
ROTTLERIN,0.5
SLM6071469,0.5
BRONCHODILATOR,0.5
CHEMBL:CHEMBL16685,0.5
ROCILETINIB,0.5
PAROMOMYCIN SULFATE,0.5
CHEMBL:CHEMBL579956,0.5
STX-478,0.5
KC-12615,0.5
COMPOUND 53 [PMID: 19631533],0.5
ADL5859,0.5
MORACIN M,0.5
GOSSYPETIN,0.5
DIACYLGLYCEROL KINASE INHIBITOR II,0.5
AZD5991,0.5
27-HYDROXYCHOLESTEROL,0.5
PHA-543613,0.5
GUAIFENESIN,0.5
"0-HEXYL-1,3-DIAMINE-PLATINUM 2,2-DICHLORIDE",0.5
COMPOUND 12B [PMID: 31465220],0.5
TIGATUZUMAB,0.5
TAPRENEPAG,0.5
OXYTETRACYCLINE CALCIUM,0.5
CHEMBL:CHEMBL600841,0.5
CHEMBL:CHEMBL503990,0.5
CAMBENDAZOLE,0.5
CORALYNE,0.5
[LEU]ENKEPHALIN,0.5
ERGTX-1,0.5
VPC32183,0.5
COMPOUND 5G [PMID: 36385925],0.5
CDK12 INHIBITOR 2,0.5
PI-3065,0.5
MECASERMIN,0.5
IPH-2101,0.5
[3H]DPDPE,0.5
IZENCITINIB,0.5
TABIMORELIN,0.5
BSJ-03-123,0.5
CCL18,0.5
PROTON PUMP INHIBITOR,0.5
GSK2982772,0.5
ICA-105574,0.5
ERYTHROMYCIN ACISTRATE,0.5
UROCORTIN 1,0.5
NEOMYCIN SULFATE,0.5
TREGALIZUMAB,0.5
EPALRESTAT,0.5
RY785,0.5
BMS-182874,0.5
CHEMBL:CHEMBL515505,0.5
SALICYLANILIDE,0.5
PENTETIC ACID,0.5
BENZOPHENONE-THIOSEMICARBAZONE,0.5
CHEMBL:CHEMBL536008,0.5
AROMATASE INHIBITOR,0.5
"3,6-DIMETHOXYFLAVONE",0.5
METRAZOLINE OXALATE,0.5
M-CSF,0.5
CHEMBL:CHEMBL1170485,0.5
CHEMBL:CHEMBL1329349,0.5
APOCIDEINE,0.5
TRIPLE MODULATOR 10 [PMID: 29878767],0.5
CHEMBL:CHEMBL592600,0.5
TERBUTALINE SULFATE,0.5
ESCULIN,0.5
SALSOLINOL HYDROBROMIDE,0.5
2MESAMP,0.5
ARGATROBAN,0.5
BUTOCONAZOLE,0.5
ANTIMETABOLITE,0.5
SULFADIAZINE,0.5
S-15535,0.5
COMPOUND 16 [PMID: 31498617],0.5
VS-4718,0.5
UNC1999,0.5
DOXYLAMINE,0.5
WARFARIN POTASSIUM,0.5
FLT-3 INHIBITOR,0.5
TESETAXEL,0.5
DSLET,0.5
AZD7624,0.5
KANAMYCIN SULFATE,0.5
SB 272183,0.5
ENILURACIL,0.5
CONGO RED,0.5
JNK INHIBITOR VIII,0.5
CHEMBL:CHEMBL124267,0.5
GSK1059615,0.5
NERVIANO,0.5
TYK2 INHIBITOR 14L,0.5
COMPOUND 11 [PMID: 26431428],0.5
CHEMBL:CHEMBL591361,0.5
AC-55541,0.5
FARGLITAZAR,0.5
BETAXOLOL HYDROCHLORIDE,0.5
UPROLESELAN,0.5
ANTIHYPERTENSIVE AGENT,0.5
PHENYLTOLOXAMINE,0.5
BL-1021,0.5
UMBRALISIB,0.5
PITAVASTATIN CALCIUM,0.5
CHEMBL:CHEMBL2088303,0.5
ACP-001,0.5
RIPASUDIL HYDROCHLORIDE DIHYDRATE,0.5
PARSACLISIB,0.5
METHYLERGONOVINE,0.5
GDC-0134,0.5
CAPREOMYCIN SULFATE,0.5
ELSUBRUTINIB,0.5
DEMECOLCINE,0.5
N-PHENYLTHIOUREA,0.5
TRIADIMEFON,0.5
NETILMICIN SULFATE,0.5
NESIRITIDE,0.5
SELADELPAR,0.5
AMDIZALISIB,0.5
"5-QUINOXALIN-6-YLMETHYLENE-THIAZOLIDINE-2,4-DIONE",0.5
(R/S) EF-1500,0.5
"5-(2-PHENYLPYRAZOLO[1,5-A]PYRIDIN-3-YL)-1H-PYRAZOLO[3,4-C]PYRIDAZIN-3-AMINE",0.5
METHYLCELLULOSE,0.5
ML347,0.5
5-MEOT,0.5
AC430,0.5
DIALLYLDISULFIDE,0.5
KETOROLAC TROMETHAMINE,0.5
ARTICAINE / EPINEPHRINE,0.5
LY-510929,0.5
NORTRIPTYLINE HYDROCHLORIDE,0.5
ASP5878,0.5
TPT-004,0.5
T-817 MALEATE,0.5
CXCL11,0.5
BENZNIDAZOLE,0.5
CARGLUMIC ACID,0.5
MILNACIPRAN HYDROCHLORIDE,0.5
ENARODUSTAT,0.5
CETIRIZINE HYDROCHLORIDE,0.5
[125I]RELAXIN-3-B/INSL5 A CHIMERA,0.5
CCL5,0.5
DIGERANYL BISPHOSPHONATE,0.5
LINACLOTIDE,0.5
CEPHALOTHIN,0.5
BASMISANIL,0.5
CARBARIL,0.5
ADALIMUMAB-ADBM,0.5
PELITINIB,0.5
"[ALA31,AIB32]NPY (PIG)",0.5
BUTEIN,0.5
OMACETAXINE,0.5
SOTICLESTAT,0.5
LY2109761,0.5
SULODEXIDE,0.5
MESULERGINE,0.5
CHEMBL:CHEMBL590672,0.5
THYMOSIN BETA-4,0.5
SPARTALIZUMAB,0.5
GTX-758,0.5
BPN14770,0.5
CP-724714,0.5
ULECACICLIB,0.5
NIRAPARIB TOSYLATE,0.5
PD123319,0.5
GLPG4716,0.5
HEPARIN CALCIUM,0.5
SIBUTRAMINE HYDROCHLORIDE,0.5
GANGALEOIDIN,0.5
MERIMEPODIB,0.5
BELUMOSUDIL MESYLATE,0.5
CHEMBL:CHEMBL76012,0.5
CHEMBL:CHEMBL177809,0.5
ENALAPRILAT ANHYDROUS,0.5
(2S)-1-(1H-INDOL-3-YL)-3-{[5-(3-METHYL-1H-INDAZOL-5-YL)PYRIDIN-3-YL]OXY}PROPAN-2-AMINE,0.5
JOSAMYCIN,0.5
LINCOMYCIN,0.5
CHEMBL:CHEMBL580340,0.5
CHEMBL:CHEMBL222993,0.5
CHEMBL:CHEMBL602466,0.5
FLUCONAZOLE,0.5
RS67506,0.5
CHEMBL:CHEMBL376616,0.5
BOVINE CARTILAGE,0.5
(Z)-PIPLARTINE,0.5
CHEMBL:CHEMBL137498,0.5
RIMSULFURON,0.5
MK-8033,0.5
LAVENDUSTIN A,0.5
ISOCHLOROGENIC ACID B,0.5
MTOR INHIBITOR,0.5
IBCASERTIB,0.5
PATRITUMAB DERUXTECAN,0.5
NEOCEPTIN-3,0.5
RESIQUIMOD,0.5
PARICALCITOL,0.5
SABATOLIMAB,0.5
MALTOSE,0.5
FENEBRUTINIB,0.5
NEXTURASTAT A,0.5
RESORCINOL,0.5
NEOCUPROINE,0.5
PHENAMIL METHANESULFONATE,0.5
CHEMBL:CHEMBL586061,0.5
SEMAGACESTAT,0.5
UMBELLIFERONE,0.5
CHEMBL:CHEMBL601933,0.5
SESAMIN,0.5
AGROCLAVINE,0.5
DAVANAT,0.5
GALLIC ACID,0.5
"COMPOUND 29 [MOSLIN ET AL., 2017]",0.5
CATEQUENTINIB,0.5
SAMURACICLIB,0.5
SINENSETIN,0.5
ROQUINIMEX,0.5
ERGOT ALKALOIDS,0.5
PHENOXYPROPAZINE,0.5
PHENOTHIAZINE,0.5
FASIDOTRILAT,0.5
COMPOUND 8 [PMID: 25898023],0.5
KAINIC ACID,0.5
DICUMAROL,0.5
PHORBOL 12-MYRISTATE 13-ACETATE,0.5
ASCIMINIB HYDROCHLORIDE,0.5
JQEZ5,0.5
3M-002,0.5
LINURON,0.5
CHEMBL:CHEMBL590686,0.5
CETYLPYRIDINIUM CHLORIDE,0.5
CHEMBL:CHEMBL548458,0.5
ICED-2,0.5
BAYK 8644,0.5
AT-076,0.5
CHEMBL:CHEMBL555260,0.5
CHEMBL:CHEMBL299853,0.5
[125I]RELAXIN-3 (HUMAN),0.5
SCY-635,0.5
OLESOXIME,0.5
CHEMBL:CHEMBL585408,0.5
"COMPOUND 1 [CRUZ-L&OACUTE;PEZ ET AL., 2019]",0.5
NEBULARINE,0.5
MEXILETINE,0.5
CHEMBL:CHEMBL1210769,0.5
ALISERTIB,0.5111111111111111
CP-547632,0.5116279069767442
GW7647,0.5172413793103449
4-CHLOROMERCURIBENZOIC ACID,0.5185185185185185
PROCHLORPERAZINE,0.5185185185185185
APITOLISIB,0.52
ANHYDROUS TACROLIMUS,0.52
AST-487,0.525
NIMODIPINE,0.5263157894736842
SCRIPTAID,0.5263157894736842
STREPTONIGRIN,0.5263157894736842
BUSULFAN,0.5263157894736842
CAFFEINE,0.5277777777777778
CHEMBL:CHEMBL505670,0.5294117647058824
ALEXIDINE HYDROCHLORIDE,0.5294117647058824
EPIGALLOCATECHIN GALLATE,0.5294117647058824
AFIMOXIFENE,0.5294117647058824
GIVINOSTAT,0.5294117647058824
GENTIAN VIOLET CATION,0.5294117647058824
FUROSEMIDE,0.5294117647058824
CHEMBL:CHEMBL429095,0.5306122448979592
PALBOCICLIB,0.5306122448979592
SITRAVATINIB,0.5333333333333333
CHEMBL:CHEMBL84010,0.5333333333333333
GOSSYPOL,0.5333333333333333
ASTEMIZOLE,0.5333333333333333
AROTINOID ACID,0.5333333333333333
CHRYSIN,0.5333333333333333
DILTIAZEM HYDROCHLORIDE,0.5333333333333333
CHEMBL:CHEMBL428789,0.5333333333333333
ETHACRYNIC ACID,0.5333333333333333
ACITRETIN,0.5333333333333333
DANAZOL,0.5333333333333333
DOCEBENONE,0.5333333333333333
LY-294002,0.5333333333333333
DACARBAZINE,0.5333333333333333
ADAVOSERTIB,0.5357142857142857
CHEMBL:CHEMBL578512,0.5357142857142857
FLUVOXAMINE,0.5384615384615384
VITAMIN A,0.5384615384615384
AZITHROMYCIN,0.5384615384615384
PLUMBAGIN,0.5384615384615384
1-AZAKENPAULLONE,0.5384615384615384
CLONIDINE HYDROCHLORIDE,0.5384615384615384
SULPIRIDE,0.5384615384615384
PRAVASTATIN SODIUM,0.5384615384615384
REFAMETINIB,0.5384615384615384
LINOLEIC ACID,0.5384615384615384
RECOMBINANT CYTOKINE,0.5384615384615384
AMOXAPINE,0.5384615384615384
PROTOAPIGENONE,0.5384615384615384
GEMFIBROZIL,0.5384615384615384
ROMIDEPSIN,0.5384615384615384
"IBUPROFEN, SODIUM SALT",0.5384615384615384
MAPROTILINE,0.5384615384615384
NIFEDIPINE,0.54
"INSULIN, REGULAR, HUMAN",0.54
THROMBIN,0.5416666666666666
PEMETREXED DISODIUM,0.5416666666666666
SB202190,0.5428571428571428
IDARUBICIN,0.5434782608695652
ERYTHROMYCIN,0.5454545454545454
RUCAPARIB,0.5454545454545454
MECAMYLAMINE,0.5454545454545454
FLUDARABINE,0.5454545454545454
CHEMBL:CHEMBL585502,0.5454545454545454
DEXMEDETOMIDINE HYDROCHLORIDE,0.5454545454545454
BAY-11-7085,0.5454545454545454
CEFTRIAXONE,0.5454545454545454
TORSEMIDE,0.5454545454545454
CHEMBL:CHEMBL596633,0.5454545454545454
GUANFACINE HYDROCHLORIDE,0.5454545454545454
PYRIMETHAMINE,0.5454545454545454
AT9283,0.5454545454545454
CHEMBL:CHEMBL600734,0.5454545454545454
MK-2461,0.5454545454545454
ITRACONAZOLE,0.5454545454545454
KETOCONAZOLE,0.55
ANTIOXIDANT,0.55
BOSUTINIB,0.55
CALMIDAZOLIUM CHLORIDE,0.55
QUISINOSTAT,0.55
HYDROCHLOROTHIAZIDE,0.55
MONOAMINE OXIDASE INHIBITOR,0.5517241379310345
CHEMBL:CHEMBL68096,0.5555555555555556
SUMATRIPTAN,0.5555555555555556
GOSERELIN ACETATE,0.5555555555555556
DACINOSTAT,0.5555555555555556
VILAZODONE HYDROCHLORIDE,0.5555555555555556
IRIGINOL HEXAACEATATE,0.5555555555555556
"L-162,313",0.5555555555555556
IC261,0.5555555555555556
CHLORPROTHIXENE,0.5555555555555556
SELEGILINE,0.5555555555555556
ELPETRIGINE,0.5555555555555556
CHEMBL:CHEMBL428064,0.5555555555555556
MICHLER'S KETONE,0.5555555555555556
&ALPHA;-ERGOCRYPTINE,0.5555555555555556
BAY 11-7082,0.5555555555555556
NITRIC OXIDE,0.5555555555555556
KAEMPHEROL,0.5555555555555556
FPL64176,0.5555555555555556
RUTIN,0.5555555555555556
REPOTRECTINIB,0.5555555555555556
MITOTANE,0.5555555555555556
UPADACITINIB,0.5555555555555556
C5A,0.5555555555555556
CHEMBL:CHEMBL530049,0.5555555555555556
CHEMBL:CHEMBL1503729,0.5555555555555556
GLYCINE,0.5555555555555556
TETRACYCLINE,0.5555555555555556
U-0126,0.5555555555555556
CHEMBL:CHEMBL1256364,0.5555555555555556
MINAPRINE HYDROCHLORIDE,0.5555555555555556
FLUTICASONE,0.5555555555555556
SHIKONIN,0.5555555555555556
CARBAMAZEPINE,0.5555555555555556
CHEMBL:CHEMBL242171,0.5555555555555556
CARUBICIN,0.5555555555555556
JUGLONE,0.5555555555555556
METHOXSALEN,0.5555555555555556
FLUOXETINE HYDROCHLORIDE,0.5555555555555556
GSK2646264,0.5555555555555556
CHEMBL:CHEMBL80155,0.5555555555555556
R-1487,0.5555555555555556
CITALOPRAM,0.5588235294117647
"PAROXETINE HYDROCHLORIDE, HEMIHYDRATE",0.56
SPIPERONE,0.5625
SU9516,0.5625
NILOTINIB,0.5625
ETAZOLATE,0.5625
BUPROPION HYDROCHLORIDE,0.5625
SPIRONOLACTONE,0.5625
CLOFIBRATE,0.5625
NAVITOCLAX,0.5625
KENPAULLONE,0.5625
SIMVASTATIN,0.5625
GW843682X,0.5641025641025641
LOVASTATIN,0.5675675675675675
TESTOSTERONE,0.5675675675675675
METOCLOPRAMIDE HYDROCHLORIDE,0.5714285714285714
CHEMBL:CHEMBL1519374,0.5714285714285714
CHEMBL:CHEMBL1256740,0.5714285714285714
CRISABOROLE,0.5714285714285714
CHEMBL:CHEMBL1214274,0.5714285714285714
FEDRATINIB,0.5714285714285714
ACETYLCYSTEINE,0.5714285714285714
PSORA-4,0.5714285714285714
CHEMBL:CHEMBL1701915,0.5714285714285714
CLOBENPROPIT,0.5714285714285714
CHEMBL:CHEMBL599255,0.5714285714285714
SUCCIMER,0.5714285714285714
NMDA,0.5714285714285714
PD-98059,0.5714285714285714
NPPB,0.5714285714285714
AR-AO-14418,0.5714285714285714
PYRILAMINE,0.5714285714285714
TRICETIN,0.5714285714285714
COMPOUND 25B [PMID: 22564207],0.5714285714285714
CERTOLIZUMAB PEGOL,0.5714285714285714
LOBARIC ACID,0.5714285714285714
WX-554,0.5714285714285714
NS-398,0.5714285714285714
BELINOSTAT,0.5714285714285714
"N,N'-DIPHENYL-P-PHENYLENEDIAMINE",0.5714285714285714
PERGOLIDE,0.5714285714285714
SAPANISERTIB,0.5714285714285714
CISATRACURIUM BESYLATE,0.5714285714285714
CEMIPLIMAB-RWLC,0.5714285714285714
4-PHENYLENEDIAMINE,0.5714285714285714
CHEMBL:CHEMBL580727,0.5714285714285714
CHEMBL:CHEMBL1287983,0.5714285714285714
DIPHENHYDRAMINE,0.5714285714285714
CHEMBL:CHEMBL225513,0.5714285714285714
L-NOREPINEPHRINE,0.5714285714285714
SULFORAPHANE,0.5714285714285714
AMSACRINE,0.5714285714285714
SULFAMETHOXAZOLE,0.5714285714285714
DIHYDREXIDINE,0.5714285714285714
BREXPIPRAZOLE,0.5714285714285714
MELEVODOPA,0.5714285714285714
CATECHOL,0.5714285714285714
CHEMBL:CHEMBL578257,0.5714285714285714
I-BET151,0.5714285714285714
SAPITINIB,0.5714285714285714
"5-(N,N-HEXAMETHYLENE)-AMILORIDE",0.5714285714285714
PRALSETINIB,0.5714285714285714
VITAMIN B12,0.5714285714285714
CHEMBL:CHEMBL602127,0.5714285714285714
LCL161,0.5714285714285714
PEXIDARTINIB,0.5714285714285714
PERGOLIDE MESYLATE,0.5714285714285714
SB-408124,0.5714285714285714
CHEMBL:CHEMBL601110,0.5714285714285714
VILDAGLIPTIN,0.5714285714285714
DABIGATRAN,0.5714285714285714
HG2+,0.5714285714285714
PENICILLAMINE,0.5714285714285714
BIRABRESIB,0.5714285714285714
CLEVIDIPINE,0.5714285714285714
"3,4-DICHLOROISOCOUMARIN",0.5714285714285714
TESTOSTERONE PROPIONATE,0.5714285714285714
4-AMINOPHENOL,0.5714285714285714
PIFEXOLE,0.5714285714285714
DIHYDROXIDINE,0.5714285714285714
LUTEOLIN,0.5757575757575758
ASCORBIC ACID,0.5769230769230769
INDIRUBIN-3'-MONOXIME,0.5789473684210527
WIN55212-2,0.5789473684210527
PLATINUM,0.5789473684210527
KETANSERIN,0.5789473684210527
HEPARIN,0.5806451612903226
METHADONE HYDROCHLORIDE,0.5806451612903226
MITOXANTRONE,0.5813953488372093
OFLOXACIN,0.5833333333333334
FISETIN,0.5833333333333334
HEPARAN SULFATE,0.5833333333333334
PROPRANOLOL HYDROCHLORIDE,0.5833333333333334
ECONAZOLE NITRATE,0.5833333333333334
SILIBININ,0.5833333333333334
IRIGENOL,0.5833333333333334
VORTIOXETINE HYDROBROMIDE,0.5833333333333334
COUMARIN,0.5833333333333334
THYROXINE,0.5833333333333334
FELBAMATE,0.5833333333333334
ISRADIPINE,0.5833333333333334
EPICATECHIN,0.5833333333333334
VITAMIN D,0.5833333333333334
NITROXOLINE,0.5833333333333334
HYDROMORPHONE HYDROCHLORIDE,0.5833333333333334
CHEMBL:CHEMBL1453126,0.5833333333333334
IDAZOXAN,0.5833333333333334
CHEMBL:CHEMBL601757,0.5833333333333334
CHEMBL:CHEMBL81782,0.5833333333333334
CHEMBL:CHEMBL533602,0.5833333333333334
FASUDIL,0.5862068965517241
APOMORPHINE HYDROCHLORIDE HEMIHYDRATE,0.5882352941176471
TOLONIUM CHLORIDE,0.5882352941176471
DIGOXIN,0.5882352941176471
ZOTIRACICLIB,0.5882352941176471
RITONAVIR,0.5909090909090909
FOLIC ACID,0.5909090909090909
VITAMIN K3,0.5925925925925926
DAUNORUBICIN HYDROCHLORIDE,0.59375
EBSELEN,0.59375
PANOBINOSTAT,0.59375
ENDO-ATROPINE,0.6
CHEMBL:CHEMBL118678,0.6
AM-630,0.6
AMLODIPINE BESYLATE,0.6
[L-TYR8]CYN 154806,0.6
PHENSERINE,0.6
CHEMBL:CHEMBL201325,0.6
IMIPRAMINE HYDROCHLORIDE,0.6
PHYSODIC ACID,0.6
MIVACURIUM CHLORIDE,0.6
OXAPROZIN,0.6
FENOLDOPAM BROMIDE,0.6
AS101,0.6
FORMOTEROL FUMARATE,0.6
ROPIVACAINE,0.6
CHEMBL:CHEMBL600306,0.6
TOLAZOLINE,0.6
6-AZAURIDINE,0.6
5-FLUOROURIDINE,0.6
CHEMBL:CHEMBL1998001,0.6
CHEMBL:CHEMBL222556,0.6
CHEMBL:CHEMBL2094789,0.6
GSK126,0.6
BS-194,0.6
CHEMBL:CHEMBL271023,0.6
SRIF-14,0.6
MERESTINIB,0.6
TENOXICAM,0.6
[125I]LTT-SRIF-28,0.6
TUBOCURARINE CHLORIDE,0.6
MK-0752,0.6
JWH015,0.6
SB 216763,0.6
ASNUCICLIB,0.6
DIZOCILPINE,0.6
RO15-4513,0.6
LINOLENIC ACID,0.6
TETRAHYDRODEOXYCORTICOSTERONE,0.6
IRL 2500,0.6
SOLCITINIB,0.6
CHLORZOXAZONE,0.6
DECERNOTINIB,0.6
CHEMBL:CHEMBL1397308,0.6
CHEMBL:CHEMBL429335,0.6
INDIGO,0.6
"1,4-DIMETHOXYANTHRAQUINONE",0.6
PERICIAZINE,0.6
CST-17,0.6
[D-TYR8]CYN 154806,0.6
PIPECURONIUM BROMIDE,0.6
BRETAZENIL,0.6
[125I]CGP 23996,0.6
PIP2,0.6
ARTEMETHER,0.6
CLINDAMYCIN,0.6
NALMEFENE,0.6
CHEMBL:CHEMBL1437888,0.6
BREPOCITINIB,0.6
CHEMBL:CHEMBL548017,0.6
CLORGILINE,0.6
TALABOSTAT,0.6
TYRPHOSTIN 25,0.6
CHEMBL:CHEMBL261693,0.6
AMBUNOL,0.6
RAUWOLSCINE,0.6
[35S]TBPS,0.6
COMPOUND R-16 [PMID: 21967808],0.6
"L-732,138",0.6
SOYBEAN SEED OIL,0.6
BIM 23052,0.6
BIM 23454,0.6
[125I]TYR10-CST14,0.6
CERIVASTATIN,0.6
BELIZATINIB,0.6
BOCEPREVIR,0.6
H2O2,0.6
[18F]FLUOROETHYLFLUMAZENIL,0.6
PPADS,0.6
BENZBROMARONE,0.6
BAICALEIN,0.6
FENOPROFEN,0.6
CHEMBL:CHEMBL405914,0.6
ETHOSUXIMIDE,0.6
DEXPROPRANOLOL,0.6
AZASERINE,0.6
[3H]CGS8216,0.6
LIFIRAFENIB,0.6
ONONIN,0.6
MK-212,0.6
MITOXANTRONE HYDROCHLORIDE,0.6
CHEMBL:CHEMBL547269,0.6
NECROSTATIN-1,0.6
CHEMBL:CHEMBL1335833,0.6
ALVIMOPAN ANHYDROUS,0.6
QUINPIROLE,0.6
2'-HYDROXYCHALCONE,0.6
SAMIDORPHAN,0.6
CHEMBL:CHEMBL587856,0.6
CGP 23996,0.6
BIM 23627,0.6
TACRINE,0.6
CHEMBL:CHEMBL584269,0.6
PREXASERTIB,0.6
RECOMBINANT TUMOR NECROSIS FACTOR FAMILY PROTEIN,0.6
SALMETEROL,0.6
KE 108,0.6
DEZAPELISIB,0.6
ZALCITABINE,0.6
QUINOLINIC ACID,0.6
EVANS BLUE,0.6
TANUXICICLIB,0.6
CHEMBL:CHEMBL1442783,0.6
TOVORAFENIB,0.6
BMS-911543,0.6
ASPARAGINASE,0.6
CARIPRAZINE,0.6
FLUPENTHIXOL,0.6
SERTACONAZOLE NITRATE,0.6
CHEMBL:CHEMBL463783,0.6
O-F-AMIDINE,0.6
GSK690693,0.6
OLEANOLIC ACID,0.6
CHEMBL:CHEMBL591618,0.6
CITARINOSTAT,0.6
SKIMMIANINE,0.6
CHEMBL:CHEMBL591613,0.6
ESTRAMUSTINE,0.6
AMSACRINE HYDROCHLORIDE,0.6
VU0001171,0.6
CHLORAMBUCIL,0.6
L701324,0.6
COMPOUND 8E [PMID: 24432909],0.6
CHEMBL:CHEMBL590691,0.6
NILE RED,0.6
CHEMBL:CHEMBL528791,0.6
NAPHAZOLINE,0.6
CHEMBL:CHEMBL2094833,0.6
ETHYLISOPROPYLAMILORIDE,0.6
CHEMBL:CHEMBL546649,0.6
"L-362,855",0.6
LANATOSIDE C,0.6
ATRACURIUM,0.6
CHEMBL:CHEMBL1310138,0.6
SILDENAFIL,0.6
ALLITINIB,0.6
LOXAPINE,0.6
CHEMBL:CHEMBL469309,0.6
SERABELISIB,0.6
CHEMBL:CHEMBL581194,0.6
CHEMBL:CHEMBL198759,0.6
CITRIC ACID,0.6
BENIDIPINE,0.6
ZANDELISIB,0.6
3-[(3-(2-CARBOXYETHYL)-4-METHYLPYRROL-2-YL)METHYLENE]-2-INDOLINONE,0.6
RIPASUDIL,0.6
OLVANIL,0.6
FLUNARIZINE DIHYDROCHLORIDE,0.6
METHIONINE,0.6
PROCARBAZINE,0.6
CHEMBL:CHEMBL587259,0.6
ISOCONAZOLE,0.6
DIMERCAPROL,0.6
MARTINOSTAT,0.6
RESERPINE,0.6
DECAMETHONIUM BROMIDE,0.6
DEXTRAN SULFATE,0.6
CHEMBL:CHEMBL27768,0.6
BETAINE,0.6
CHEMBL:CHEMBL1256813,0.6
TRYPAN BLUE,0.6
RAPACURONIUM BROMIDE,0.6
CILENGITIDE,0.6
CALCITRIOL,0.6
BMS-599626,0.6
RISEDRONIC ACID,0.6
CHEMBL:CHEMBL601137,0.6
METRELEPTIN,0.6
CHEMBL:CHEMBL258465,0.6
LISURIDE,0.6
OXYMORPHONE,0.6
BETA-ADRENERGIC ANTAGONIST,0.6
CHEMBL:CHEMBL585591,0.6086956521739131
DECYNIUM 22,0.6086956521739131
CUDC-101,0.6086956521739131
TYRPHOSTIN AG 555,0.6111111111111112
OXIDOPAMINE,0.6111111111111112
CHEMBL:CHEMBL2095095,0.6111111111111112
HYPERICIN,0.6153846153846154
TAK-715,0.6153846153846154
CABERGOLINE,0.6153846153846154
CAFFEIC ACID PHENETHYL ESTER,0.6153846153846154
PHENELZINE,0.6153846153846154
ZIPRASIDONE,0.6153846153846154
AZD8055,0.6153846153846154
NEFAZODONE,0.6153846153846154
AMPHOTERICIN B LIPOSOMAL,0.6153846153846154
PIROXICAM-BETA-CYCLODEXTRIN,0.6153846153846154
TRAZODONE,0.6153846153846154
CHEMBL:CHEMBL528694,0.6153846153846154
"ERGOLOID MESYLATES, USP",0.6153846153846154
DOFETILIDE,0.6153846153846154
METITEPINE,0.6153846153846154
CIMETIDINE,0.6153846153846154
CHEMBL:CHEMBL586031,0.6153846153846154
ASENAPINE,0.6190476190476191
GW5074,0.6190476190476191
NICOTINE POLACRILEX,0.6190476190476191
METFORMIN,0.6216216216216216
TRIMIPRAMINE MALEATE,0.625
CHEMBL:CHEMBL581225,0.625
"6,4'-DIMETHOXYFLAVONE",0.625
CHEMBL:CHEMBL473721,0.625
MITONAFIDE,0.625
CEFOPERAZONE,0.625
CHEMBL:CHEMBL523200,0.625
AM251,0.625
RU 24969,0.625
GLUTAMIC ACID,0.625
DAPHNETIN,0.625
NALBUPHINE HYDROCHLORIDE,0.625
SENNOSIDE B,0.625
SANGUINARIUM CHLORIDE,0.625
GW282974X,0.625
5'-GUANIDINONALTRINDOLE,0.625
THERAPEUTIC ANDROGEN,0.625
CHEMBL:CHEMBL502774,0.625
OXYTETRACYCLINE HYDROCHLORIDE,0.625
DEPHOSTATIN,0.625
TRACAZOLATE,0.625
EDIFOLIGIDE SODIUM,0.625
CHEMBL:CHEMBL410484,0.625
CHEMBL:CHEMBL1486366,0.625
3-METHOXYCATECHOL,0.625
CHEMBL:CHEMBL365617,0.625
CHEMBL:CHEMBL484663,0.625
CGP74514A,0.625
ZAFIRLUKAST,0.625
CHEMBL:CHEMBL1255944,0.625
EDIFOLIGIDE,0.625
CHEMBL:CHEMBL1448793,0.625
ISONIAZID,0.625
SYK INHIBITOR III,0.625
CHEMBL:CHEMBL584442,0.625
THIETHYLPERAZINE MALATE,0.625
NIGULDIPINE,0.625
BX-795,0.625
HYDROXYZINE,0.625
CHEMBL:CHEMBL125044,0.625
DYCLONINE,0.625
IRBESARTAN,0.625
MIDODRINE,0.625
CHEMBL:CHEMBL19954,0.625
CHEMBL:CHEMBL586135,0.625
EXEMESTANE,0.625
CROMOGLYCATE,0.625
CHEMBL:CHEMBL547833,0.625
NAPORAFENIB,0.625
CHEMBL:CHEMBL260342,0.625
GALANGIN,0.625
CHEMBL:CHEMBL114544,0.625
"2-METHOXY-1,4-NAPHTHOQUINONE",0.625
SERTINDOLE,0.625
STREPTOZOCIN,0.6304347826086957
CAPECITABINE,0.6304347826086957
PURPURIN,0.631578947368421
CLOMIPRAMINE,0.631578947368421
IL-6,0.631578947368421
PHLORETIN,0.631578947368421
ETHINYL ESTRADIOL,0.631578947368421
METHYLENE BLUE ANHYDROUS,0.631578947368421
ACID BLUE 129,0.631578947368421
2-CHLOROADENOSINE,0.6363636363636364
CHEMBL:CHEMBL374632,0.6363636363636364
GALLAMINE TRIETHIODIDE,0.6363636363636364
CERDULATINIB,0.6363636363636364
TRIMIPRAMINE,0.6363636363636364
SUCCINYLCHOLINE,0.6363636363636364
THIETHYLPERAZINE,0.6363636363636364
9-AMINOCAMPTOTHECIN,0.6363636363636364
EMRICASAN,0.6363636363636364
CHLORPROPAMIDE,0.6363636363636364
CATECHIN,0.6363636363636364
SR2640,0.6363636363636364
PHENOXYBENZAMINE,0.6363636363636364
TELMISARTAN,0.6363636363636364
FLUNARIZINE,0.6363636363636364
BMS-345541,0.6363636363636364
FUMARPROTOCETRARIC ACID,0.6363636363636364
ALPROSTADIL,0.6363636363636364
BUPRENORPHINE,0.6363636363636364
RECOMBINANT FIBROBLAST GROWTH FACTOR 2,0.6363636363636364
PRIMAQUINE,0.6363636363636364
CHEMBL:CHEMBL1567571,0.6428571428571429
TRIFLUOPERAZINE,0.6428571428571429
TANDUTINIB,0.6428571428571429
FINASTERIDE,0.6428571428571429
QUINALIZARIN,0.6428571428571429
WORTMANNIN,0.6451612903225806
SEMAXANIB,0.6470588235294118
FELODIPINE,0.6470588235294118
BMS-387032,0.6470588235294118
NEVIRAPINE,0.65
FLUPHENAZINE HYDROCHLORIDE,0.65
DOXEPIN HYDROCHLORIDE,0.6511627906976745
SNS-314,0.6511627906976745
APOMORPHINE,0.6521739130434783
LIOTHYRONINE,0.65625
CHEMBL:CHEMBL1271059,0.6666666666666666
CHEMBL:CHEMBL581929,0.6666666666666666
CINALUKAST,0.6666666666666666
RHEIN,0.6666666666666666
METHYCLOTHIAZIDE,0.6666666666666666
CHEMBL:CHEMBL378903,0.6666666666666666
COMPOUND 14N [PMID: 25589934],0.6666666666666666
COMPOUND 17D [PMID: 23099093],0.6666666666666666
"1,3-DITOLYLGUANIDINE",0.6666666666666666
BETULINIC ACID,0.6666666666666666
AMITIFADINE,0.6666666666666666
ACRISORCIN,0.6666666666666666
CHLOROGENIC ACID,0.6666666666666666
BIM 23068,0.6666666666666666
CORTISTATIN-14,0.6666666666666666
BICUCULLINE,0.6666666666666666
CHEMBL:CHEMBL585240,0.6666666666666666
SB590885,0.6666666666666666
FAXELADOL,0.6666666666666666
IDRA-21,0.6666666666666666
ACY-738,0.6666666666666666
CHEMBL:CHEMBL1622802,0.6666666666666666
CLINAFLOXACIN,0.6666666666666666
MIGLITOL,0.6666666666666666
OSTABOLIN-C,0.6666666666666666
DIQUAFOSOL,0.6666666666666666
TINLORAFENIB,0.6666666666666666
TPA023,0.6666666666666666
TALOTREXIN,0.6666666666666666
MISONIDAZOLE,0.6666666666666666
PQR620,0.6666666666666666
FLUORO-WILLARDIINE,0.6666666666666666
PF-06843195,0.6666666666666666
"2',4'-DIHYDROXYCHALCONE",0.6666666666666666
CHEMBL:CHEMBL1372046,0.6666666666666666
DCLK1-IN-1,0.6666666666666666
PANTOPRAZOLE SODIUM,0.6666666666666666
LINAGLIPTIN,0.6666666666666666
TTP-607,0.6666666666666666
(+)-TAXIFOLIN,0.6666666666666666
LINTITRIPT,0.6666666666666666
TEGAFUR-URACIL,0.6666666666666666
CHEMBL:CHEMBL584868,0.6666666666666666
METHSUXIMIDE,0.6666666666666666
BICIFADINE,0.6666666666666666
(S)-PROMETHAZINE,0.6666666666666666
AZD3458,0.6666666666666666
OSTHOLE,0.6666666666666666
HYDROXYCAMPTOTHECIN,0.6666666666666666
INTEGRIN RECEPTOR ANTAGONIST GLPG0187,0.6666666666666666
TRIM,0.6666666666666666
COMPOUND 5D [PMID: 31335136],0.6666666666666666
COMPOUND 3M [PMID: 32603117],0.6666666666666666
R-(+)-METHANANDAMIDE,0.6666666666666666
CHEMBL:CHEMBL609438,0.6666666666666666
LEVOPROPOXYPHENE NAPSYLATE ANHYDROUS,0.6666666666666666
NVP-CLR457,0.6666666666666666
CLEBOPRIDE,0.6666666666666666
NARAZACICLIB,0.6666666666666666
TISLELIZUMAB,0.6666666666666666
CHEMBL:CHEMBL528724,0.6666666666666666
CHEMBL:CHEMBL587449,0.6666666666666666
OCTREOTIDE ACETATE,0.6666666666666666
CHEMBL:CHEMBL531322,0.6666666666666666
ENOXACIN,0.6666666666666666
DROMETRIZOLE,0.6666666666666666
IOBENGUANE,0.6666666666666666
CHEMBL:CHEMBL1373255,0.6666666666666666
CHEMBL:CHEMBL472004,0.6666666666666666
ABITUZUMAB,0.6666666666666666
DEUCRAVACITINIB,0.6666666666666666
BIM 23056,0.6666666666666666
KINASE INHIBITOR 2 [PMID: 30199702],0.6666666666666666
OMARIGLIPTIN,0.6666666666666666
CHEMBL:CHEMBL1269845,0.6666666666666666
ONZIGOLIDE,0.6666666666666666
AG 9,0.6666666666666666
&ALPHA;3IA,0.6666666666666666
MINODRONIC ACID,0.6666666666666666
CORYNANTHINE,0.6666666666666666
ACARBOSE,0.6666666666666666
CHEMBL:CHEMBL1465049,0.6666666666666666
CI-966,0.6666666666666666
RELCOVAPTAN,0.6666666666666666
SAR100842,0.6666666666666666
TOLNAFTATE,0.6666666666666666
CHEMBL:CHEMBL601618,0.6666666666666666
DEXTROMETHORPHAN HYDROBROMIDE,0.6666666666666666
PMX53,0.6666666666666666
STK16-IN-1,0.6666666666666666
XANTHINE AMINE CONGENER,0.6666666666666666
QUINACRINE DIHYDROCHLORIDE,0.6666666666666666
TROFINETIDE,0.6666666666666666
CHEMBL:CHEMBL531269,0.6666666666666666
CHEMBL:CHEMBL1363249,0.6666666666666666
CHEMBL:CHEMBL560296,0.6666666666666666
REBOXETINE,0.6666666666666666
PIPERACETAZINE,0.6666666666666666
[111IN]DOTA-BOC-ATE,0.6666666666666666
CHEMBL:CHEMBL581152,0.6666666666666666
CHEMBL:CHEMBL140220,0.6666666666666666
ESMIRTAZAPINE,0.6666666666666666
TEPLIZUMAB,0.6666666666666666
CYCLOASPEPTIDE A,0.6666666666666666
(S)-VERAPAMIL,0.6666666666666666
GONADORELIN ACETATE,0.6666666666666666
AFM13,0.6666666666666666
IRX4310,0.6666666666666666
8-AZAGUANINE,0.6666666666666666
ITACNOSERTIB,0.6666666666666666
DIOSCIN,0.6666666666666666
ARC-239,0.6666666666666666
CHEMBL:CHEMBL579045,0.6666666666666666
COMPOUND 27 [PMID: 35834807],0.6666666666666666
CHEMBL:CHEMBL1256484,0.6666666666666666
CHEMBL:CHEMBL17201,0.6666666666666666
3-ISOBUTYL-1-METHYL-7H-XANTHINE,0.6666666666666666
SONIDEGIB,0.6666666666666666
SCH-23390,0.6666666666666666
SENKTIDE,0.6666666666666666
IRX-4204,0.6666666666666666
[125I]EPIBATIDINE,0.6666666666666666
LEVOTHYROXINE,0.6666666666666666
"L-741,626",0.6666666666666666
OSU-03012,0.6666666666666666
IPRIFLAVONE,0.6666666666666666
TERBUTALINE,0.6666666666666666
BENAZEPRIL,0.6666666666666666
BETHANECHOL CHLORIDE,0.6666666666666666
GEMTUZUMAB OZOGAMICIN,0.6666666666666666
SALICYLIC ACID,0.6666666666666666
PHYTOCHEMICAL,0.6666666666666666
FASUDIL HYDROCHLORIDE,0.6666666666666666
ELAFIN,0.6666666666666666
TICRYNAFEN,0.6666666666666666
CHEMBL:CHEMBL494668,0.6666666666666666
RUBOXISTAURIN,0.6666666666666666
CANGRELOR,0.6666666666666666
MEPINDOLOL,0.6666666666666666
TOLPERISONE,0.6666666666666666
LUMATEPERONE,0.6666666666666666
BCR-ABL INHIBITOR GNF-2,0.6666666666666666
PENICILLIN G POTASSIUM,0.6666666666666666
DROLOXIFENE,0.6666666666666666
INCOMPLETE FREUND'S ADJUVANT,0.6666666666666666
ROXINDOLE,0.6666666666666666
ALBENDAZOLE,0.6666666666666666
COMPOUND 13 [PMID: 17502136],0.6666666666666666
METHYLNALTREXONE,0.6666666666666666
2MESADP,0.6666666666666666
ISOPENTENYL PYROPHOSPHATE,0.6666666666666666
TERGURIDE,0.6666666666666666
CHEMBL:CHEMBL458765,0.6666666666666666
CHEMBL:CHEMBL533954,0.6666666666666666
MIANSERIN,0.6666666666666666
PETESICATIB,0.6666666666666666
GLIQUIDONE,0.6666666666666666
BMS-536924,0.6666666666666666
FONDAPARINUX,0.6666666666666666
COTININE,0.6666666666666666
SORBITOL,0.6666666666666666
GNE-7883,0.6666666666666666
ALFIMEPRASE,0.6666666666666666
AVORALSTAT,0.6666666666666666
AG 1296,0.6666666666666666
CHEMBL:CHEMBL122701,0.6666666666666666
CHEMBL:CHEMBL527620,0.6666666666666666
CHEMBL:CHEMBL592588,0.6666666666666666
CAFFEIC ACID,0.6666666666666666
PHENPROCOUMON,0.6666666666666666
"FIBRINOGEN, HUMAN",0.6666666666666666
CORTISTATIN A,0.6666666666666666
CHEMBL:CHEMBL261118,0.6666666666666666
RUCAPARIB CAMSYLATE,0.6666666666666666
ISOCARBOXAZID,0.6666666666666666
OLEAMIDE,0.6666666666666666
CHEMBL:CHEMBL601952,0.6666666666666666
POSELTINIB,0.6666666666666666
[111IN]DOTA-NOC-ATE,0.6666666666666666
CHEMBL:CHEMBL582287,0.6666666666666666
CHEMBL:CHEMBL408653,0.6666666666666666
ROSE BENGAL,0.6666666666666666
NEUROPEPTIDE Y,0.6666666666666666
EZETIMIBE,0.6666666666666666
SOTATERCEPT,0.6666666666666666
CEFADROXIL ANHYDROUS,0.6666666666666666
CHEMBL:CHEMBL592115,0.6666666666666666
LITHIUM CITRATE,0.6666666666666666
ISOBOLDINE,0.6666666666666666
CHEMBL:CHEMBL1546228,0.6666666666666666
APRACLONIDINE,0.6666666666666666
CHEMBL:CHEMBL593211,0.6666666666666666
ILEPCIMIDE,0.6666666666666666
CHEMBL:CHEMBL578928,0.6666666666666666
CHEMBL:CHEMBL581677,0.6666666666666666
BRL 44408,0.6666666666666666
AKN-028,0.6666666666666666
MYRICETIN,0.6666666666666666
COMPOUND 9 [PMID: 20718420],0.6666666666666666
BPKDI,0.6666666666666666
TUCIDINOSTAT,0.6666666666666666
LEVOMILNACIPRAN,0.6666666666666666
BITHIONOLOXIDE,0.6666666666666666
S18986,0.6666666666666666
DAIDZIN,0.6666666666666666
CPY,0.6666666666666666
ATIPAMEZOLE,0.6666666666666666
OXATOMIDE,0.6666666666666666
QUERCITRIN,0.6666666666666666
ARFORMOTEROL,0.6666666666666666
TOBRAMYCIN,0.6666666666666666
DITHIAZANINE,0.6666666666666666
MEK1/2 INHIBITOR,0.6666666666666666
CALYCOSIN,0.6666666666666666
DIHYDREXIDINE HYDROCHLORIDE,0.6666666666666666
TRIMEPRAZINE TARTRATE,0.6666666666666666
IDAZOXAN HYDROCHLORIDE,0.6666666666666666
PHENSUXIMIDE,0.6666666666666666
CHEMBL:CHEMBL592314,0.6666666666666666
COMPOUND 35 [PMID: 20684608],0.6666666666666666
ETALOCIB,0.6666666666666666
CHEMBL:CHEMBL1997335,0.6666666666666666
CCT196969,0.6666666666666666
NVP-TAE 226,0.6666666666666666
TEZAMPANEL ANHYDROUS,0.6666666666666666
METHACHOLINE CHLORIDE,0.6666666666666666
ADRIXETINIB,0.6666666666666666
DEXANABINOL,0.6666666666666666
QUINALDINE BLUE,0.6666666666666666
CHEMBL:CHEMBL68534,0.6666666666666666
TERBINAFINE,0.6666666666666666
NYSTATIN,0.6666666666666666
SCOULERINE,0.6666666666666666
COLCHICEINE,0.6666666666666666
CHEMBL:CHEMBL119878,0.6666666666666666
PARAMETHADIONE,0.6666666666666666
APRINDINE,0.6666666666666666
CHEMBL:CHEMBL546865,0.6666666666666666
ACTH,0.6666666666666666
TIZANIDINE HYDROCHLORIDE,0.6666666666666666
NATEGLINIDE,0.6666666666666666
12A-HYDROXY-5-DEOXYDEHYDROMUNDUSERONE,0.6666666666666666
JNJ-64264681,0.6666666666666666
CHEMBL:CHEMBL604321,0.6666666666666666
PROTRIPTYLINE,0.6666666666666666
BMS-986260,0.6666666666666666
[3H]WAY100635,0.6666666666666666
HEXAMETHYLENEBISACETAMIDE,0.6666666666666666
ISPAGHULA HUSK,0.6666666666666666
APINOCALTAMIDE,0.6666666666666666
DAMGO,0.6666666666666666
EBASTINE,0.6666666666666666
LY404187,0.6666666666666666
"4',7-DIMETHOXY-5-HYDROXYGENISTEIN",0.6666666666666666
COMPOUND 2Q [PMID: 30986068],0.6666666666666666
DROXINOSTAT,0.6666666666666666
N-HISTIDYL-2-AMINONAPHTHALENE (BETANA),0.6666666666666666
GANDOTINIB,0.6666666666666666
CARTEOLOL HYDROCHLORIDE,0.6666666666666666
ANTISERUM,0.6666666666666666
CHEMBL:CHEMBL593254,0.6666666666666666
CLEMIZOLE,0.6666666666666666
CX546,0.6666666666666666
CHEMBL:CHEMBL67535,0.6666666666666666
5-HYDROXYTRYPTAMINE,0.6666666666666666
COMPOUND 32 [PMID: 20471253],0.6666666666666666
DEFIBROTIDE,0.6666666666666666
NU-7441,0.6666666666666666
[111IN]DOTA-NOC,0.6666666666666666
SB 203186,0.6666666666666666
VULOLISIB,0.6666666666666666
LY379268,0.6666666666666666
COTADUTIDE,0.6666666666666666
CHRYSIN DIMETHYL ETHER,0.6666666666666666
"L-363,301",0.6666666666666666
CHEMBL:CHEMBL600572,0.6666666666666666
[3H]CNQX,0.6666666666666666
N-(5-METHYL-1H-PYRAZOL-3-YL)-2-PHENYLQUINAZOLIN-4-AMINE,0.6666666666666666
DMCM,0.6666666666666666
ISOSPAGLUMIC ACID,0.6666666666666666
LY503430,0.6666666666666666
SULFINPYRAZONE,0.6666666666666666
FG-2216,0.6666666666666666
SB220025,0.6666666666666666
COBICISTAT,0.6666666666666666
LESINURAD,0.6666666666666666
ITOPRIDE,0.6666666666666666
SEGLITIDE,0.6666666666666666
NS-2359,0.6666666666666666
EFAROXAN,0.6666666666666666
CHEMBL:CHEMBL187216,0.6666666666666666
IBANDRONATE,0.6666666666666666
PHENINDIONE,0.6666666666666666
ISOQUINE,0.6666666666666666
CHEMBL:CHEMBL1307453,0.6666666666666666
SEPETAPROST,0.6666666666666666
ESMIRTAZAPINE MALEATE,0.6666666666666666
TIDEGLUSIB,0.6666666666666666
CHEMBL:CHEMBL601744,0.6666666666666666
GW9578,0.6666666666666666
COLLAGENASE CLOSTRIDIUM HISTOLYTICUM-AAES,0.6666666666666666
E-7016,0.6666666666666666
APAMIN,0.6666666666666666
LEI-DAB7,0.6666666666666666
CHEMBL:CHEMBL1092508,0.6666666666666666
CHEMBL:CHEMBL588525,0.6666666666666666
AURINTRICARBOXYLIC ACID,0.6666666666666666
CONTELTINIB,0.6666666666666666
COMPOUND 5B [PMID: 24900464],0.6666666666666666
NS8593,0.6666666666666666
CYSTAMINE DIHYDROCHLORIDE,0.6666666666666666
ABIVERTINIB,0.6666666666666666
N-[3H]METHYLHISTAMINE,0.6666666666666666
LIAFENSINE,0.6666666666666666
(R)-ND-336,0.6666666666666666
PHOSPHONOACETIC ACID,0.6666666666666666
LUMEFANTRINE,0.6666666666666666
COMPOUND 8I [PMID: 22765894],0.6666666666666666
CRT 0066101,0.6666666666666666
PRALATREXATE,0.6666666666666666
ABALOPARATIDE,0.6666666666666666
BLARCAMESINE,0.6666666666666666
E927A,0.6666666666666666
AZD5582,0.6666666666666666
DEXTROAMPHETAMINE ADIPATE,0.6666666666666666
CHEMBL:CHEMBL120580,0.6666666666666666
PHENTERMINE RESIN,0.6666666666666666
OXYPHENCYCLIMINE HYDROCHLORIDE,0.6666666666666666
IMAZODAN,0.6666666666666666
2-HYDROXYESTRADIOL,0.6666666666666666
RIFAMPIN,0.6666666666666666
4-METHYLDAPHNETIN,0.6666666666666666
CYCLIC ADENOSINE MONOPHOSPHATE,0.6666666666666666
DESIRUDIN,0.6666666666666666
MM-151,0.6666666666666666
ZK93426,0.6666666666666666
PORFIROMYCIN,0.6666666666666666
CHEMBL:CHEMBL1451921,0.6666666666666666
PARBENDAZOLE,0.6666666666666666
1-NAPHTHYLPIPERAZINE,0.6666666666666666
IPA-3,0.6666666666666666
PIMETHIXENE MALEATE,0.6666666666666666
DUVOGLUSTAT,0.6666666666666666
METOPRINE,0.6666666666666666
LEVOFLOXACIN ANHYDROUS,0.6666666666666666
L838417,0.6666666666666666
DEUTETRABENAZINE,0.6666666666666666
TAKINIB,0.6666666666666666
ISOTRETINOIN,0.6666666666666666
MOFAROTENE,0.6666666666666666
CHEMBL:CHEMBL592106,0.6666666666666666
J27644,0.6666666666666666
UCL1684,0.6666666666666666
CHEMBL:CHEMBL2094456,0.6666666666666666
SR16835,0.6666666666666666
RIPK3 INHIBITOR 18,0.6666666666666666
[3H]LY341495,0.6666666666666666
PENTOSTATIN,0.6666666666666666
ARGIOTOXIN,0.6666666666666666
G&OUML; 6983,0.6666666666666666
LINSIDOMINE,0.6666666666666666
CHMFL-KIT-64,0.6666666666666666
CHEMBL:CHEMBL156959,0.6666666666666666
TANSHINONE IIA,0.6666666666666666
5-HYDROXYINDOLEACETIC ACID,0.6666666666666666
INDOXIMOD,0.6666666666666666
EXISULIND,0.6666666666666666
"[111IN,90Y]DOTA-TOC",0.6666666666666666
PRENYLAMINE,0.6666666666666666
CORTICOTROPHIN-RELEASING HORMONE,0.6666666666666666
CHEMBL:CHEMBL388823,0.6666666666666666
ISOPROTERENOL SULFATE,0.6666666666666666
INTETUMUMAB,0.6666666666666666
JNJ16259685,0.6666666666666666
CHEMBL:CHEMBL1510164,0.6666666666666666
CHEMBL:CHEMBL588234,0.6666666666666666
BMS-986158,0.6666666666666666
METHYLMALONIC ACID,0.6666666666666666
ALLYL ISOTHIOCYANATE,0.6666666666666666
CHEMBL:CHEMBL42355,0.6666666666666666
DEXTROTHYROXINE,0.6666666666666666
CHEMBL:CHEMBL1221944,0.6666666666666666
BERGAPTOL,0.6666666666666666
CYAMEMAZINE,0.6666666666666666
CBS-3595,0.6666666666666666
JAK3 INHIBITOR IV,0.6666666666666666
ONONETIN,0.6666666666666666
LXR-623,0.6666666666666666
RICOLINOSTAT,0.6666666666666666
GOLIDOCITINIB,0.6666666666666666
VISNAGIN,0.6666666666666666
BENZPHETAMINE,0.6666666666666666
DESMOSTEROL,0.6666666666666666
RIFAPENTINE,0.6666666666666666
METOCURINE IODIDE,0.6666666666666666
CYCLOBENZAPRINE,0.6666666666666666
CHEMBL:CHEMBL601364,0.6666666666666666
CX516,0.6666666666666666
ELZOVANTINIB,0.6666666666666666
QUISQUALIC ACID,0.6666666666666666
BTP2,0.6666666666666666
HTERT VACCINE V934/V935,0.6666666666666666
&ALPHA;-CONOTOXIN MII,0.6666666666666666
"[111IN,90Y]DOTA-NOC",0.6666666666666666
SCH51866,0.6666666666666666
THIAMINE,0.6666666666666666
CHEMBL:CHEMBL582675,0.6666666666666666
BIM 23030,0.6666666666666666
RITLECITINIB,0.6666666666666666
OXYPHENONIUM BROMIDE,0.6666666666666666
CHEMBL:CHEMBL1574420,0.6666666666666666
CHEMBL:CHEMBL273103,0.6666666666666666
CHEMBL:CHEMBL1256735,0.6666666666666666
EOSIN,0.6666666666666666
AMITRIPTYLINE HYDROCHLORIDE,0.6666666666666666
PERILLYL ALCOHOL,0.6666666666666666
NOC-ATE,0.6666666666666666
ERLOTINIB HYDROCHLORIDE,0.6666666666666666
ICOTINIB,0.6666666666666666
[3H]2-DEOXYGLUCOSE,0.6666666666666666
THERAPEUTIC GONADOTROPIN,0.6666666666666666
CGP13501,0.6666666666666666
POSIPHEN,0.6666666666666666
IOX2,0.6666666666666666
GREEN TEA LEAF EXTRACT,0.6666666666666666
BIM 23050,0.6666666666666666
VMIP-II,0.6666666666666666
BEXAROTENE,0.6666666666666666
RETIFANLIMAB,0.6666666666666666
TREQUINSIN,0.6666666666666666
EPINASTINE,0.6666666666666666
DIETHYLPROPION,0.6666666666666666
IDEBENONE,0.6666666666666666
ECF506,0.6666666666666666
RISVODETINIB,0.6666666666666666
GIRENTUXIMAB,0.6666666666666666
DIDEOXYADENOSINE,0.6666666666666666
PRN694,0.6666666666666666
SOTALOL HYDROCHLORIDE,0.6666666666666666
MONOBENZONE,0.6666666666666666
PL-3994,0.6666666666666666
CHEMBL:CHEMBL84685,0.6666666666666666
CHEMBL:CHEMBL533082,0.6666666666666666
DIPHENOXYLATE HYDROCHLORIDE,0.6666666666666666
INDANTADOL,0.6666666666666666
MK-6592,0.6666666666666666
SODIUM OXYBATE,0.6666666666666666
ALITRETINOIN,0.6666666666666666
LY377604,0.6666666666666666
CHEMBL:CHEMBL211670,0.6666666666666666
CHEMBL:CHEMBL601605,0.6666666666666666
5-BENZYLOXYTRYPTAMINE,0.6666666666666666
BETAINE HYDROCHLORIDE,0.6666666666666666
"2-O, 3-O DESULFATED HEPARIN",0.6666666666666666
METHYLHOMATROPINE,0.6666666666666666
PANCURONIUM,0.6666666666666666
DESIPRAMINE,0.6666666666666666
4-BENZYLOXYANILINE,0.6666666666666666
FLUVASTATIN,0.6666666666666666
ALPRENOLOL,0.6666666666666666
DILEVALOL HYDROCHLORIDE,0.6666666666666666
RO3306,0.6666666666666666
CLOROTEPINE,0.6666666666666666
BC-III,0.6666666666666666
GYKI53655,0.6666666666666666
ZARDAVERINE,0.6666666666666666
XMD8-92,0.6666666666666666
[3H]RAUWOLSCINE,0.6666666666666666
COMPOUND 24DD [PMID: 20684603],0.6666666666666666
"[111IN,90Y]DOTA-LAN",0.6666666666666666
ROPSACITINIB,0.6666666666666666
NAVOXIMOD,0.6666666666666666
CHEMBL:CHEMBL252417,0.6666666666666666
EFINOPEGDUTIDE,0.6666666666666666
MRK016,0.6666666666666666
SB-431542,0.6666666666666666
IOX1,0.6666666666666666
DIMETHYLPINOCEMBRIN,0.6666666666666666
NOMIFENSINE,0.6666666666666666
HEPATITIS B VACCINE,0.6666666666666666
NOMACOPAN,0.6666666666666666
BOC-ATE,0.6666666666666666
TAS-106,0.6666666666666666
ATPO,0.6666666666666666
AMAROGENTIN,0.6666666666666666
DIPHENADIONE,0.6666666666666666
(R)-16 [PMID: 32267688],0.6666666666666666
TRIFLUPROMAZINE HYDROCHLORIDE,0.6666666666666666
ALPHA 1-ANTITRYPSIN,0.6666666666666666
LIPROTAMASE,0.6666666666666666
LY392098,0.6666666666666666
ACLARUBICIN,0.6666666666666666
CCT241161,0.6666666666666666
PELABRESIB,0.6666666666666666
ATX-II,0.6666666666666666
MITAPIVAT,0.6666666666666666
CHEMBL:CHEMBL530149,0.6666666666666666
CHEMBL:CHEMBL344127,0.6666666666666666
RGFP109,0.6666666666666666
"[111IN,90Y]DOTA-OC",0.6666666666666666
ENDOMORPHIN-1,0.6666666666666666
AZD1305,0.6666666666666666
BETA-NAPHTHOFLAVONE,0.6666666666666666
&ALPHA;5IA,0.6666666666666666
PALOVAROTENE,0.6666666666666666
ESTRONE SULFATE,0.6666666666666666
BELZUTIFAN,0.6666666666666666
PLASMINOGEN,0.6666666666666666
ZAK INHIBITOR 6P,0.6666666666666666
THIABENDAZOLE,0.6666666666666666
DASOTRALINE,0.6666666666666666
CROFELEMER,0.6666666666666666
LEIUROTOXIN I,0.6666666666666666
GUAIAZULENE,0.6666666666666666
MODAFINIL,0.6666666666666666
UROCORTIN 2,0.6666666666666666
CHEMBL:CHEMBL546170,0.6666666666666666
OSI-027,0.6666666666666666
RUPATADINE,0.6666666666666666
QUINELORANE,0.6666666666666666
"2,3,4-TRIHYDROXY-4'-ETHOXYBENZOPHENONE",0.6666666666666666
PF-04885614,0.6666666666666666
BIIB068,0.6666666666666666
RO4938581,0.6666666666666666
ZK93423,0.6666666666666666
CHEMBL:CHEMBL601970,0.6666666666666666
BATEFENTEROL,0.6666666666666666
GARCINOLIC ACID,0.6666666666666666
SM-337,0.6666666666666666
AMG319,0.6666666666666666
AMITIFADINE HYDROCHLORIDE,0.6666666666666666
AZD8154,0.6666666666666666
SALVINORIN A,0.6666666666666666
PRAZOSIN,0.6666666666666666
POLMACOXIB,0.6666666666666666
TRANSPLATIN,0.6666666666666666
NIK SMI1,0.6666666666666666
PARATHYROID HORMONE,0.6666666666666666
COMPOUND 20 [PMID: 22136433],0.6666666666666666
TOPICAL CORTICOSTEROID,0.6666666666666666
DEXTROAMPHETAMINE SACCHARATE,0.6666666666666666
DIBROMOTYROSINE,0.6666666666666666
PROCATEROL,0.6666666666666666
K-00546,0.6666666666666666
GSK4112,0.6666666666666666
KU-0060648,0.6666666666666666
CAPESEROD,0.6666666666666666
BOTULINUM TOXIN TYPE B,0.6666666666666666
ZYBT1,0.6666666666666666
NANOPARTICLE ALBUMIN-BOUND THIOCOLCHICINE DIMER NAB-5404,0.6666666666666666
CHEMBL:CHEMBL600694,0.6666666666666666
BIM 23023,0.6666666666666666
TOPOISOMERASE INHIBITOR,0.6666666666666666
QUETIAPINE FUMARATE,0.6666666666666666
MARAVIROC,0.6666666666666666
PEGBELFERMIN,0.6666666666666666
TRIPROLIDINE HYDROCHLORIDE,0.6666666666666666
NAFTOPIDIL,0.6666666666666666
CLENBUTEROL,0.6666666666666666
MEPAZINE ACETATE,0.6666666666666666
SAR425899,0.6666666666666666
VERAPAMIL,0.6666666666666666
CIRTUVIVINT,0.6666666666666666
CHEMBL:CHEMBL590919,0.6666666666666666
TREMELIMUMAB,0.6666666666666666
GSK2606414,0.6666666666666666
AZ2,0.6666666666666666
CHENODEOXYCHOLIC ACID,0.6666666666666666
ODEVIXIBAT,0.6666666666666666
NAMODENOSON,0.6666666666666666
PYRIDOSTIGMINE,0.6666666666666666
CHEMBL:CHEMBL1910971,0.6666666666666666
DENUFOSOL,0.6666666666666666
RV6153,0.6666666666666666
PIK-108,0.6666666666666666
INDIUM CHLORIDE,0.6666666666666666
TG-100-115,0.6666666666666666
BIM 23197,0.6666666666666666
"3,4-DIDESMETHYL-5-DESHYDROXY-3'-ETHOXYSCLEROIN",0.6666666666666666
LGD-1550,0.6666666666666666
CLORGYLINE HYDROCHLORIDE,0.6666666666666666
GALETERONE,0.6666666666666666
[3H]MK-912,0.6666666666666666
DEFACTINIB,0.6666666666666666
PENTAZOCINE,0.6666666666666666
JZL195,0.6666666666666666
CHEMBL:CHEMBL221300,0.6666666666666666
BAY-8400,0.6666666666666666
CDK1/5 INHIBITOR,0.6666666666666666
HEXAMETHONIUM,0.6666666666666666
ARBACLOFEN PLACARBIL,0.6666666666666666
TP003,0.6666666666666666
COMPOUND 30 [PMID: 37057760],0.6666666666666666
SIBUTRAMINE,0.6666666666666666
PINAFIDE,0.6666666666666666
AFT-II,0.6666666666666666
ADEFOVIR DIPIVOXIL,0.6666666666666666
CHEMBL:CHEMBL541585,0.6666666666666666
DALCETRAPIB,0.6666666666666666
CENTANAFADINE,0.6666666666666666
OKADAIC ACID,0.6666666666666666
XYLAZINE,0.6666666666666666
DECAMETHONIUM,0.6666666666666666
CHEMBL:CHEMBL476025,0.6666666666666666
SURAMIN,0.6756756756756757
RETINOIC ACID AGENT,0.6774193548387096
SN-38,0.68
ELLAGIC ACID,0.68
PERPHENAZINE,0.6818181818181818
CHEMBL:CHEMBL379975,0.6818181818181818
DIGITOXIN,0.6842105263157895
ILOPERIDONE,0.6842105263157895
TYRPHOSTIN 23,0.6842105263157895
LEVODOPA,0.6857142857142857
EPIRUBICIN,0.6857142857142857
OMEPRAZOLE,0.6875
BUMETANIDE,0.6875
ACALABRUTINIB,0.6875
NALTREXONE,0.6875
BUPIVACAINE,0.6875
PAREGORIC,0.6888888888888889
ISOPROTERENOL,0.6896551724137931
TERAZOSIN,0.6923076923076923
CRYPTOTANSHINONE,0.6923076923076923
CHEMBL:CHEMBL599013,0.6923076923076923
2-APB,0.6923076923076923
DAIDZEIN,0.6956521739130435
ILOMASTAT,0.6956521739130435
"(3Z)-N,N-DIMETHYL-2-OXO-3-(4,5,6,7-TETRAHYDRO-1H-INDOL-2-YLMETHYLIDENE)-2,3-DIHYDRO-1H-INDOLE-5-SULFONAMIDE",0.6956521739130435
MERCAPTOPURINE,0.6976744186046512
CHEMBL:CHEMBL527584,0.7
CHEMBL:CHEMBL244707,0.7
TANNIC ACID,0.7
CAPSAZEPINE,0.7
OXYTETRACYCLINE ANHYDROUS,0.7
GARLIC,0.7
BRIMONIDINE,0.7
LEVONORDEFRIN,0.7
COUMESTROL,0.7
NITRENDIPINE,0.7
OCTANOL,0.7
PHENOXYBENZAMINE HYDROCHLORIDE,0.7
METHYLDOPA ANHYDROUS,0.7
THUNBERGINOL B,0.7
ARVERAPAMIL,0.7
ARACHIDONIC ACID,0.7
PIPERINE,0.7
ADAPALENE,0.7
BUTYRIC ACID,0.7037037037037037
RITANSERIN,0.7058823529411765
PILOCARPINE HYDROCHLORIDE,0.7058823529411765
MIBEFRADIL,0.7058823529411765
EPIGALLOCATECHIN-3-GALLATE,0.7058823529411765
FLUFENAMIC ACID,0.7058823529411765
LETROZOLE,0.7058823529411765
PI-103,0.7083333333333334
AMINACRINE HYDROCHLORIDE,0.7142857142857143
PERZINFOTEL,0.7142857142857143
COLCHICINE,0.7142857142857143
FLUORESCEIN,0.7142857142857143
CISAPRIDE,0.7142857142857143
DL-TBOA,0.7142857142857143
AZD8108,0.7142857142857143
INGENOL MEBUTATE,0.7142857142857143
5-CT,0.7142857142857143
AVELUMAB,0.7142857142857143
CHEMBL:CHEMBL166486,0.7142857142857143
NORADRENALINE,0.7142857142857143
DIETHYLDITHIOCARBAMATE,0.7142857142857143
TINZAPARIN SODIUM,0.7142857142857143
SCH 58261,0.7142857142857143
PROPIOMAZINE,0.7142857142857143
PROMETHAZINE HYDROCHLORIDE,0.7142857142857143
ESKETAMINE HYDROCHLORIDE,0.7142857142857143
CNS-5161,0.7142857142857143
CHEMBL:CHEMBL1814509,0.7142857142857143
SODIUM CHLORIDE,0.7142857142857143
ETRETINATE,0.7142857142857143
TROLEANDOMYCIN,0.7142857142857143
KETOPROFEN,0.7142857142857143
NIK INHIBITOR 12F,0.7142857142857143
GALANTAMINE,0.7142857142857143
FLAVANONE,0.7142857142857143
CHEMBL:CHEMBL343002,0.7142857142857143
ASPARTIC ACID,0.7142857142857143
GW405833,0.7142857142857143
GW468816,0.7142857142857143
SOTALOL,0.7142857142857143
PRAMLINTIDE,0.7142857142857143
CHEMBL:CHEMBL1303948,0.7142857142857143
BROMOENOL LACTONE,0.7142857142857143
CHEMBL:CHEMBL1320453,0.7142857142857143
LANICEMINE,0.7142857142857143
APIMOSTINEL,0.7142857142857143
QUERCETIN DIHYDRATE,0.7142857142857143
FLUPIRTINE,0.7142857142857143
REPAGLINIDE,0.7142857142857143
(-)-N-PORPHYNORAPOMORPHINE,0.7142857142857143
CANERTINIB,0.7142857142857143
ANTICONVULSANT AGENT,0.7142857142857143
RAPASTINEL,0.7142857142857143
MICONAZOLE NITRATE,0.7142857142857143
CHEMBL:CHEMBL1526167,0.7142857142857143
LANREOTIDE ACETATE,0.7142857142857143
COMPOUND 8H [PMID: 21561767],0.7142857142857143
CHEMBL:CHEMBL586937,0.7142857142857143
DONEPEZIL,0.7142857142857143
PERHEXILINE,0.7142857142857143
MILNACIPRAN,0.7142857142857143
BI-2536,0.7142857142857143
CHEMBL:CHEMBL578905,0.7142857142857143
COMPOUND 38 [PMID: 24915291],0.7142857142857143
CEBRANOPADOL,0.7142857142857143
CHEMBL:CHEMBL235891,0.7142857142857143
LEVETIRACETAM,0.7142857142857143
DOCONEXENT,0.7142857142857143
DOXACURIUM CHLORIDE,0.7142857142857143
NEBOGLAMINE,0.7142857142857143
CHEMBL:CHEMBL600692,0.7142857142857143
BMS-777607,0.7142857142857143
DELUCEMINE,0.7142857142857143
CHEMBL:CHEMBL578675,0.7142857142857143
GNE-616,0.7142857142857143
VECURONIUM BROMIDE,0.7142857142857143
APABETALONE,0.7142857142857143
AG1478,0.7142857142857143
ESKETAMINE,0.7142857142857143
AV-101,0.7142857142857143
IODOPHTHALEIN,0.7142857142857143
RETINYL ACETATE,0.7142857142857143
GLUTAMINE,0.7142857142857143
THERAPEUTIC CORTICOSTEROID,0.717948717948718
THIOGUANINE,0.71875
PYRONIN Y,0.7222222222222222
CLOFARABINE,0.7222222222222222
METOPROLOL,0.7272727272727273
CGS 15943,0.7272727272727273
DDR1/2 INHIBITOR 5N,0.7272727272727273
PIRIBEDIL,0.7272727272727273
BARICITINIB,0.7272727272727273
ATENOLOL,0.7272727272727273
AMPICILLIN (ANHYDROUS),0.7272727272727273
ZOTEPINE,0.7272727272727273
MG2+,0.7272727272727273
CHEMBL:CHEMBL591126,0.7272727272727273
AKT INHIBITOR IV,0.7272727272727273
CEFIXIME ANHYDROUS,0.7272727272727273
CHEMBL:CHEMBL602969,0.7272727272727273
BUTHIONINE SULFOXIMINE,0.7272727272727273
CLOSANTEL,0.7272727272727273
CHEMBL:CHEMBL2002487,0.7272727272727273
GSK-269962A,0.7272727272727273
CA2+,0.7297297297297297
DEXTROMETHORPHAN POLISTIREX,0.7333333333333333
"LIPOIC ACID, ALPHA",0.7333333333333333
PHENTOLAMINE,0.7333333333333333
HYDROCODONE,0.7333333333333333
PROMAZINE,0.7368421052631579
ADRIAMYCIN,0.7368421052631579
OXYMETAZOLINE HYDROCHLORIDE,0.7368421052631579
LAMIVUDINE,0.7391304347826086
ELLIPTECINE,0.7419354838709677
COCAINE,0.75
JAK INHIBITOR 17B,0.75
SAR-20347,0.75
PF-06263276,0.75
TAK-020,0.75
BZATP,0.75
BOLDINE,0.75
VOLOCIXIMAB,0.75
CHEMBL:CHEMBL591876,0.75
CHLOROFORM,0.75
COLFORSIN,0.75
"3,5-DIPHENYLISOXAZOLE",0.75
SRIF-28,0.75
PHENYLEPHRINE HYDROCHLORIDE,0.75
RELUTRIGINE,0.75
CHEMBL:CHEMBL1412002,0.75
PASIREOTIDE,0.75
NAFRONYL OXALATE,0.75
TRYPTOPHAN,0.75
LEVAMISOLE,0.75
"7,3'-DIMETHOXYFLAVONE",0.75
COMPOUND 5B  [PMID: 31287314],0.75
BML-281,0.75
GDC-0214,0.75
"COMPOUND 6LI [CHAN ET AL., 2022]",0.75
LIAROZOLE,0.75
VINDESINE,0.75
TERTATOLOL,0.75
ATROPINE SULFATE,0.75
[3H]D-ASPARTIC ACID,0.75
XL019,0.75
PP-242,0.75
CHEMBL:CHEMBL267160,0.75
HS665,0.75
CHEMBL:CHEMBL532849,0.75
CX-6258,0.75
LORPUCITINIB,0.75
COMPOUND 29 [PMID: 36356320],0.75
IPRAGLIFLOZIN,0.75
PIRACETAM,0.75
BENZAMIL,0.75
AMINOQUINURIDE,0.75
CHEMBL:CHEMBL1327172,0.75
PALMITOYL-CARNITINE,0.75
METERGOLINE,0.75
CHEMBL:CHEMBL261692,0.75
MULTI-NEO-EPITOPE VACCINE OSE 2101,0.75
CAELYX,0.75
CANAGLIFLOZIN,0.75
PEPTIDE YY,0.75
MK-912,0.75
6-HYDROXYFLAVONE,0.75
ITACITINIB,0.75
CHEMBL:CHEMBL259805,0.75
REV-5901,0.75
GSK-1838705A,0.75
SUPRASTAT,0.75
COMPOUND 19A [PMID: 30503936],0.75
SUFENTANIL CITRATE,0.75
TETRAIDOFLUORESCEIN,0.75
METHOXYVONE,0.75
METOLAZONE,0.75
COMPOUND 15A [PMID: 32069401],0.75
CGS-27023A,0.75
VER-246608,0.75
DES-AA5-[D-TRP8]SRIF,0.75
"6-PHENYL[5H]PYRROLO[2,3-B]PYRAZINE",0.75
VERATRIDINE,0.75
SC-560,0.75
RT3,0.75
TETRABENAZINE,0.75
CHEMBL:CHEMBL527586,0.75
CEE321,0.75
PYROTINIB,0.75
OLMESARTAN MEDOXOMIL,0.75
LACTOSE,0.75
DAPRODUSTAT,0.75
CHEMBL:CHEMBL601550,0.75
MELK-TI,0.75
THIOPERAMIDE,0.75
AMPRENAVIR,0.75
FENBENDAZOLE,0.75
K-252A,0.75
DAPAGLIFLOZIN PROPANEDIOL,0.75
DORZOLAMIDE,0.75
COMPOUND 13 [PMID: 34333981],0.75
CHEMBL:CHEMBL582478,0.75
CHEMBL:CHEMBL70582,0.75
CHEMBL:CHEMBL372629,0.75
ALFENTANIL HYDROCHLORIDE,0.75
DAVALINTIDE,0.75
CORTICOTROPIN-RELEASING FACTOR,0.75
RAUWOLFIA SERPENTINA (USP),0.75
PROTOPORPHYRIN,0.75
KOPARIN,0.75
AVOBENZONE,0.75
GMQ,0.75
CHEMBL:CHEMBL538542,0.75
PICOTAMIDE,0.75
NG-25,0.75
JAK3 INHIBITOR 32,0.75
TRIAPINE,0.75
COMPOUND 23 [PMID: 17600705],0.75
DEQUALINIUM,0.75
CARBENOXOLONE,0.75
CHEMBL:CHEMBL1481974,0.75
BROXURIDINE,0.75
HISTONE DEACETYLASE INHIBITOR,0.75
CHEMBL:CHEMBL588683,0.75
AZD7325,0.75
CHEMBL:CHEMBL127579,0.75
LATREPIRDINE,0.75
ARISTOLOCHIC ACID,0.75
GRAMINE,0.75
FOMEPIZOLE,0.75
CHEMBL:CHEMBL1364172,0.75
DRONEDARONE,0.75
BENZTROPINE,0.75
FORMESTANE,0.75
CHEMBL:CHEMBL192626,0.75
ERTUGLIFLOZIN,0.75
MOXIFLOXACIN,0.75
EPTINEZUMAB,0.75
GLYCYRRHIZIC ACID,0.75
KETANSERIN TARTRATE,0.75
DOSTARLIMAB,0.75
COMPOUND 3 [PMID: 23134120],0.75
DINALINE,0.75
COMPOUND 5A [PMID: 31287314],0.75
PIRENOXINE,0.75
TENONITROZOLE,0.75
BATOPROTAFIB,0.75
EQUILIN,0.75
DESMETHOXYYANGONIN,0.75
M-CHLOROPHENYLPIPERAZINE,0.75
ETRAVIRINE,0.75
2X-121,0.75
OCLACITINIB,0.75
H3B-8800,0.75
CARPHENAZINE,0.75
ML 10302,0.75
VON WILLEBRAND FACTOR,0.75
CHEMBL:CHEMBL589421,0.75
PF-956980,0.75
XCT790,0.75
MK-886,0.75
"3,4-DIHYDROXYPHENYLACETIC ACID",0.75
CARMINIC ACID,0.75
SKF-38393,0.75
COMPOUND 22 [PMID: 20462760],0.75
GF109203X,0.75
CHEMBL:CHEMBL596839,0.75
ANCROD,0.75
CAFFEINE CITRATE,0.75
TESTOLACTONE,0.75
AM966,0.75
URB597,0.75
METIZOLINE,0.75
DOBUTAMINE HYDROCHLORIDE,0.75
JAK INHIBITOR 20A,0.75
EMPAGLIFLOZIN,0.75
MOLIBRESIB,0.75
PRAMLINTIDE ACETATE,0.75
COMPOUND 23 [PMID: 35816678],0.75
DIHYDROERGOCRISTINE,0.75
&ALPHA;&BETA;-MEATP,0.75
GLAUCINE METHIODIDE,0.75
DOPAMINE,0.75
SOLRIAMFETOL,0.75
ALFUZOSIN HYDROCHLORIDE,0.75
SALINAZID,0.75
(-)-(S)-BAYK8644,0.75
JAK3 INHIBITOR 34,0.75
SODIUM DICHLOROACETATE,0.75
"1,2-NAPHTHOQUINONE",0.75
EPHEDRINE,0.75
CEFDINIR,0.75
DISOPYRAMIDE,0.75
GNE-3511,0.75
CHEMBL:CHEMBL585827,0.75
TELAGLENASTAT,0.75
PALIPERIDONE,0.75
CYCLOTHIAZIDE,0.75
NERVE GROWTH FACTOR,0.75
"5,7-DIMETHOXYISOFLAVONE",0.75
AKT INHIBITOR VIII,0.75
CHEMBL:CHEMBL606167,0.75
RX821002,0.75
CHEMBL:CHEMBL1466186,0.75
BENZOQUINONE,0.75
RILMENIDINE,0.75
HENATINIB,0.75
EGLUMEGAD,0.75
L 755507,0.75
NICORANDIL,0.75
PANCREATIC POLYPEPTIDE,0.75
CHEMBL:CHEMBL1304363,0.75
POLYETHYLENE GLYCOL 4000,0.75
AJMALICINE,0.75
"(1S,3R)-ACPD",0.75
KHELLIN,0.75
9-ANTHROIC ACID,0.75
CHEMBL:CHEMBL585030,0.75
ZUCLOPENTHIXOL,0.75
SPICLOMAZINE,0.75
CHEMBL:CHEMBL1276446,0.75
MELANOMA VACCINE,0.75
CHEMBL:CHEMBL2094567,0.75
GW305074X,0.75
AC55649,0.75
TERPYRIDINE,0.75
DALANTERCEPT,0.75
CHEMBL:CHEMBL493863,0.75
3-METHYLCHOLANTHRENE,0.75
ANAZOLENE,0.75
AZD7648,0.75
DIBUCAINE HYDROCHLORIDE,0.75
SULFISOXAZOLE,0.75
OLOMOUCINE,0.75
4'-METHOXYFLAVONE,0.75
CHEMBL:CHEMBL1367933,0.75
PHYTOESTROGEN,0.75
TRIFLUPROMAZINE,0.75
"COMPOUND 51 [CROSIGNANI ET AL., 2011]",0.75
C-1311,0.75
IODOPHENPROPIT,0.75
CHEMBL:CHEMBL601167,0.75
CHEMBL:CHEMBL458094,0.75
CILOSTAMIDE,0.75
CHEMBL:CHEMBL124006,0.75
BP 897,0.75
GABAPENTIN,0.75
BEPRIDIL,0.75
CHEMBL:CHEMBL486706,0.75
"3,4-DICHLOROBENZAMIL",0.75
OXYCODEGOL,0.75
AG 112,0.75
AMIODARONE HYDROCHLORIDE,0.75
BILIRUBIN,0.75
NALDEMEDINE,0.75
PROFENAMINE,0.75
TANZISERTIB,0.75
GRAVEOLINE,0.75
MIVAVOTINIB,0.75
CHEMBL:CHEMBL544115,0.75
CHEMBL:CHEMBL1371696,0.75
SB 218795,0.75
SAXITOXIN,0.75
CHEMBL:CHEMBL528734,0.75
DIMETHYLPHENYLPIPERAZINIUM IODIDE,0.75
DIMETHYL YELLOW,0.75
TMP269,0.75
PLASMIN,0.75
ISOXSUPRINE HYDROCHLORIDE,0.75
BLU-9931,0.75
LASW1393,0.75
SJ988497,0.75
COMPOUND 7 [PMID: 22464456],0.75
GINGKOLIC ACID,0.75
RIPK1 INHIBITOR 22B,0.75
RALIMETINIB,0.75
OBTUSAQUINONE,0.75
DIHYDRODAPHNODORIN B,0.75
EDICOTINIB,0.75
CHEMBL:CHEMBL582099,0.75
TENIPOSIDE,0.75
PHENOBARBITAL,0.7567567567567568
LAMOTRIGINE,0.7619047619047619
CHEMBL:CHEMBL578741,0.7619047619047619
TYRPHOSTIN B48,0.7647058823529411
LIDOCAINE,0.7647058823529411
THERAPEUTIC HORMONE,0.7674418604651163
YOHIMBINE,0.7692307692307693
FOSPHENYTOIN,0.7692307692307693
CHEMBL:CHEMBL56393,0.7692307692307693
BEPRIDIL HYDROCHLORIDE,0.7692307692307693
PREGABALIN,0.7692307692307693
SULOCTIDIL,0.7692307692307693
DIAZOXIDE,0.7692307692307693
LOMOFUNGIN,0.7692307692307693
FLUPIRTINE MALEATE,0.7692307692307693
CHEMBL:CHEMBL1504679,0.7692307692307693
ATAGABALIN,0.7692307692307693
PEGASPARGASE,0.7692307692307693
PHLOROGLUCINOL,0.7692307692307693
QUININE,0.7692307692307693
IMAGABALIN,0.7692307692307693
TRAMADOL,0.7727272727272727
DULOXETINE HYDROCHLORIDE,0.7727272727272727
PROPOFOL,0.7741935483870968
RAVULIZUMAB,0.7777777777777778
LIOTHYRONINE SODIUM,0.7777777777777778
TAMSULOSIN HYDROCHLORIDE,0.7777777777777778
GARCINONE E,0.7777777777777778
RGB-286638,0.7777777777777778
LAROPIPRANT,0.7777777777777778
LABETALOL,0.7777777777777778
EICOSATETRANOIC ACID,0.7777777777777778
MEMANTINE HYDROCHLORIDE,0.7777777777777778
CHEMBL:CHEMBL1493528,0.7777777777777778
AMANTADINE HYDROCHLORIDE,0.7777777777777778
JP1302,0.7777777777777778
PIRARUBICIN,0.7777777777777778
RIMONABANT,0.7777777777777778
NERAMEXANE MESYLATE,0.7777777777777778
RUTAECARPINE,0.7777777777777778
RIVAROXABAN,0.7777777777777778
NECA,0.7777777777777778
NIFLUMIC ACID,0.7777777777777778
CHEMBL:CHEMBL259615,0.7777777777777778
GABAPENTIN ENACARBIL,0.7777777777777778
COMPOUND 25AP [PMID: 37796543],0.7777777777777778
VANTICTUMAB,0.7777777777777778
MRS1220,0.7777777777777778
ATHRAQUINONES A,0.7777777777777778
ZILUCOPLAN,0.7777777777777778
KA1010,0.7777777777777778
PRAZOSIN HYDROCHLORIDE,0.7777777777777778
AMINOGLYCOSIDE ANTIBIOTIC,0.7777777777777778
TAK-632,0.7777777777777778
LANSOPRAZOLE,0.7777777777777778
NORTRIPTYLINE,0.78125
ERIBULIN MESYLATE,0.782608695652174
ROSUVASTATIN,0.782608695652174
METHAMPHETAMINE,0.782608695652174
OCRIPLASMIN,0.7837837837837838
VORUCICLIB,0.7857142857142857
NBQX,0.7857142857142857
CEFAMANDOLE SODIUM,0.7857142857142857
METHOTRIMEPRAZINE,0.7857142857142857
DRONABINOL,0.7857142857142857
CHEMBL:CHEMBL515252,0.7857142857142857
CANDESARTAN CILEXETIL,0.7857142857142857
PURPUROGALLIN,0.7878787878787878
FENOLDOPAM MESYLATE,0.7894736842105263
SLAZINIC ACID,0.7894736842105263
LARGAZOLE,0.7931034482758621
MIDAZOLAM HYDROCHLORIDE,0.7941176470588235
RACLOPRIDE,0.8
FEXOFENADINE HYDROCHLORIDE,0.8
PAMAPIMOD,0.8
PROPANTHELINE BROMIDE,0.8
GNE-131,0.8
ARIPIPRAZOLE LAUROXIL,0.8
ISOQUERCETIN,0.8
ECULIZUMAB,0.8
N-DESMETHYLCLOZAPINE,0.8
VINPOCETINE,0.8
CAMBINOL,0.8
TRANDOLAPRIL,0.8
ACENOCOUMAROL,0.8
DIAMIDE,0.8
GAMMA-LINOLENIC ACID,0.8
CHEMBL:CHEMBL530609,0.8
CHEMBL:CHEMBL1509103,0.8
CHEMBL:CHEMBL1420181,0.8
CHEMBL:CHEMBL452954,0.8
COMPOUND 2 [PMID: 15546730],0.8
DYCLONINE HYDROCHLORIDE,0.8
COMPOUND 13AC [PMID: 33256400],0.8
ANTITHROMBIN ALFA,0.8
CHEMBL:CHEMBL95704,0.8
CHEMBL:CHEMBL1989750,0.8
CHEMBL:CHEMBL398363,0.8
QUINACRINE,0.8
TAFETINIB,0.8
CHEMBL:CHEMBL1389794,0.8
AM-6120,0.8
COMPOUND 14K [PMID: 21982499],0.8
AG 490,0.8
CHEMBL:CHEMBL1534034,0.8
7-HYDROXY ISOFLAVONE,0.8
LOMITAPIDE MESYLATE,0.8
"COMPOUND 7 [NGUYEN ET AL., 2023]",0.8
CHEMBL:CHEMBL525826,0.8
GRINIMIBINE,0.8
CHEMBL:CHEMBL1522984,0.8
LAZERTINIB,0.8
CHEMBL:CHEMBL592068,0.8
CHEMBL:CHEMBL585654,0.8
CHEMBL:CHEMBL590927,0.8
SOTAGLIFLOZIN,0.8
OXIDOPAMINE HYDROCHLORIDE,0.8
BAY-985,0.8
DILAZEP,0.8
TIMOLOL,0.8
VADADUSTAT,0.8
AMBRISENTAN,0.8
CORDYCEPIN,0.8
SUVECALTAMIDE,0.8
COMPOUND 1D [PMID: 21493067],0.8
HARMOL,0.8
PP-121,0.8
HYDROXYZINE PAMOATE,0.8
6-AMINONICOTINAMIDE,0.8
CHEMBL:CHEMBL609628,0.8
CHEMBL:CHEMBL260028,0.8
CHEMBL:CHEMBL563919,0.8
L-TRP-TRP-TRP,0.8
PERMETHRIN,0.8
CADONILIMAB,0.8
HARMALINE,0.8
CHEMBL:CHEMBL399530,0.8
CHEMBL:CHEMBL408563,0.8
CHEMBL:CHEMBL375673,0.8
CHEMBL:CHEMBL533293,0.8
MRS3558,0.8
CEPHALEXIN ANHYDROUS,0.8
PROTOPORPHYRIN DISODIUM,0.8
TOMIVOSERTIB,0.8
CHEMBL:CHEMBL598477,0.8
ORTHO-PHTHALALDEHYDE,0.8
TELAPREVIR,0.8
COMPOUND 6 [PMID: 34333981],0.8
BOS172722,0.8
CHEMBL:CHEMBL590949,0.8
CHEMBL:CHEMBL1546223,0.8
METHAZOLAMIDE,0.8
FESOTERODINE,0.8
LICOGLIFLOZIN,0.8
CHEMBL:CHEMBL478754,0.8
CHEMBL:CHEMBL589245,0.8
CHEMBL:CHEMBL598663,0.8
CHEMBL:CHEMBL580819,0.8
DEOXYVASICINONE,0.8
ONVANSERTIB,0.8
NEOLYMPHOSTIN A,0.8
DOLUTEGRAVIR SODIUM,0.8
MAZINDOL,0.8
CPX,0.8
L-CCG-I,0.8
LITHIUM CARBONATE,0.8
COMPOUND 8H [PMID: 22765894],0.8
CHEMBL:CHEMBL1459280,0.8
CYPROHEPTADINE HYDROCHLORIDE,0.8
TP0556351,0.8
UZANSERTIB,0.8
RECOMBINANT TRANSFORMING GROWTH FACTOR-BETA 1,0.8
COMPOUND 25 [PMID: 31260299],0.8
(+)-JQ1,0.8
BATRACHOTOXIN,0.8
INDOCYANINE GREEN ACID FORM,0.8
XANTHOANGELOL B,0.8
RIVASTIGMINE,0.8
ROEMERINE,0.8
TRANILAST,0.8
LA3+,0.8
CHEMBL:CHEMBL591370,0.8
NOMIFENSINE MALEATE,0.8
CHEMBL:CHEMBL600747,0.8
SIB-1893,0.8
BMS493,0.8
SITAGLIPTIN,0.8
DAPIPRAZOLE,0.8
SPLITOMICIN,0.8
CHEMBL:CHEMBL1520346,0.8
FARNESYL DIPHOSPHATE,0.8
DEXRAZOXANE,0.8
FRAXETIN,0.8
BIOCHANIN A,0.8
"4-{2-[(7-AMINO-2-FURAN-2-YL[1,2,4]TRIAZOLO[1,5-A][1,3,5]TRIAZIN-5-YL)AMINO]ETHYL}PHENOL",0.8
MELAGATRAN,0.8
RUTHENIUM RED,0.8
PROPAFENONE,0.8
CHEMBL:CHEMBL581251,0.8
CHEMBL:CHEMBL260451,0.8
TERODILINE HYDROCHLORIDE,0.8064516129032258
PHENAZOPYRIDINE HYDROCHLORIDE,0.8125
HARMINE,0.8125
PHENYTOIN SODIUM,0.8157894736842105
MONTELUKAST SODIUM,0.8181818181818182
ASPACYTARABINE,0.8181818181818182
CARMINE,0.8181818181818182
CODEINE ANHYDROUS,0.8181818181818182
METHYLDOPA (RACEMIC),0.8181818181818182
CHEMBL:CHEMBL600336,0.8181818181818182
(+/-)-ERIODICTYOL,0.8181818181818182
CHEMBL:CHEMBL139935,0.8181818181818182
CVT-6883,0.8181818181818182
CHEMBL:CHEMBL328710,0.8181818181818182
MKC-1,0.8181818181818182
OLEIC ACID,0.8181818181818182
HISTAMINE,0.8181818181818182
GLUCAGON (RDNA),0.8181818181818182
RONICICLIB,0.8214285714285714
N-ARACHIDONOYLGLYCINE,0.8235294117647058
ASTERRIC ACID,0.8235294117647058
FLUMAZENIL,0.8260869565217391
RILUZOLE,0.8260869565217391
HAEMATOXYLIN,0.8260869565217391
CHEMBL:CHEMBL584668,0.8333333333333334
CHEMBL:CHEMBL483206,0.8333333333333334
5-HYDROXYTRYPTOPHAN,0.8333333333333334
CHEMBL:CHEMBL473735,0.8333333333333334
CHEMBL:CHEMBL1256191,0.8333333333333334
ALBUTEROL SULFATE,0.8333333333333334
TENOFOVIR,0.8333333333333334
CHEMBL:CHEMBL581910,0.8333333333333334
JAK3 INHIBITOR II,0.8333333333333334
CHEMBL:CHEMBL259421,0.8333333333333334
PYROGALLOL RED,0.8333333333333334
CHEMBL:CHEMBL260213,0.8333333333333334
CARBETAPENTANE CITRATE,0.8333333333333334
SS-208,0.8333333333333334
(+)-BUTACLAMOL,0.8333333333333334
PP1,0.8333333333333334
INDACATEROL,0.8333333333333334
OXYCODONE,0.8333333333333334
MORICIZINE HYDROCHLORIDE,0.8333333333333334
ZOLPIDEM TARTRATE,0.8333333333333334
CHEMBL:CHEMBL233194,0.8333333333333334
COMPOUND 82 [PMID: 21332118],0.8333333333333334
ORLISTAT,0.8333333333333334
VOXELOTOR,0.8333333333333334
CHEMBL:CHEMBL261123,0.8333333333333334
BUCINDOLOL HYDROCHLORIDE,0.8333333333333334
AG 1295,0.8333333333333334
ACETALDEHYDE,0.8333333333333334
VENLAFAXINE,0.8333333333333334
LAVENDUSTIN C,0.8333333333333334
TROXACITABINE,0.8333333333333334
CHEMBL:CHEMBL1270169,0.8333333333333334
CHEMBL:CHEMBL597035,0.8333333333333334
CHEMBL:CHEMBL56542,0.8333333333333334
HARMAN,0.8333333333333334
NORSTICTIC ACID,0.8333333333333334
CHEMBL:CHEMBL584514,0.8333333333333334
SURAMIN HEXASODIUM,0.8333333333333334
FAGARONINE,0.8333333333333334
CHEMBL:CHEMBL1257092,0.8333333333333334
CHEMBL:CHEMBL122355,0.8333333333333334
PERINDOPRIL,0.8333333333333334
MRS1523,0.8333333333333334
MEPHOBARBITAL,0.8333333333333334
CHEMBL:CHEMBL527585,0.8333333333333334
CHEMBL:CHEMBL1527,0.8333333333333334
3-HYDROXYANTHRANILIC ACID,0.8333333333333334
PROSTAGLANDIN A2,0.8333333333333334
FLAVONE,0.8333333333333334
WZ4002,0.8333333333333334
ACYCLOVIR,0.8333333333333334
CHEMBL:CHEMBL444376,0.8333333333333334
ETICLOPRIDE,0.8333333333333334
VORICONAZOLE,0.8333333333333334
MEPHENYTOIN,0.8333333333333334
EPINEPHRINE,0.8378378378378378
CARVEDILOL,0.84
VINORELBINE,0.84
NV-128,0.84
SB-415286,0.8421052631578947
ONDANSETRON HYDROCHLORIDE,0.8421052631578947
ALPRAZOLAM,0.84375
LY-2090314,0.8461538461538461
FEBUXOSTAT,0.8461538461538461
CHEMBL:CHEMBL175266,0.8461538461538461
BAY 61-3606,0.85
CHEMBL:CHEMBL234338,0.85
ALLOPURINOL,0.8518518518518519
IXAZOMIB,0.8536585365853658
DOMPERIDONE,0.8571428571428571
LEVOSIMENDAN,0.8571428571428571
CHEMBL:CHEMBL602213,0.8571428571428571
CHEMBL:CHEMBL1333386,0.8571428571428571
HOMIDIUM,0.8571428571428571
RAMATROBAN,0.8571428571428571
IBUTILIDE,0.8571428571428571
TOLAZAMIDE,0.8571428571428571
ERGOTAMINE TARTRATE,0.8571428571428571
METHYL 7-DESHYDROXYPYROGALLIN-4-CARBOXYLATE,0.8571428571428571
ORPHENADRINE CITRATE,0.8571428571428571
CHEMBL:CHEMBL1565444,0.8571428571428571
VAPREOTIDE,0.8571428571428571
WB 4101,0.8571428571428571
ERBSTATIN,0.8571428571428571
NAN 190,0.8571428571428571
DIHYDROXANTHOHUMOL,0.8571428571428571
DAPHNORIN,0.8571428571428571
MOTEXAFIN GADOLINIUM,0.8571428571428571
PROPAFENONE HYDROCHLORIDE,0.8571428571428571
ROCURONIUM,0.8571428571428571
3-O-METHYLQUERCETIN,0.8571428571428571
DEMECLOCYCLINE HYDROCHLORIDE,0.8571428571428571
STILONIUM IODIDE,0.8571428571428571
CHEMBL:CHEMBL601385,0.8571428571428571
AMENTOFLAVONE,0.8571428571428571
OXOGLAUCINE,0.8571428571428571
SIB-1757,0.8571428571428571
PICLIDENOSON,0.8571428571428571
BENSERAZIDE HYDROCHLORIDE,0.8571428571428571
SCH442416,0.8571428571428571
PICEATANNOL,0.8571428571428571
COMPOUND 25 [PMID: 17935989],0.8571428571428571
PIPERIDINE-4-SULPHONIC ACID,0.8571428571428571
VELDOREOTIDE,0.8571428571428571
DINOPROST,0.8571428571428571
RKI-1447,0.8571428571428571
ATAZANAVIR,0.8571428571428571
CHEMBL:CHEMBL585622,0.8571428571428571
FLUNITRAZEPAM,0.8571428571428571
THERAPEUTIC STEROID HORMONE,0.8571428571428571
CHEMBL:CHEMBL146525,0.8571428571428571
LOFEXIDINE,0.8571428571428571
CHEMBL:CHEMBL590186,0.8571428571428571
OXOTREMORINE,0.8571428571428571
MOXONIDINE,0.8571428571428571
GD3+,0.8571428571428571
[3H]MUSCIMOL,0.8571428571428571
CHEMBL:CHEMBL581044,0.8571428571428571
SEROTONIN,0.8571428571428571
ISOGUVACINE,0.8571428571428571
DEFERASIROX,0.8571428571428571
CHEMBL:CHEMBL1333049,0.8571428571428571
HISTIDINE,0.8571428571428571
SB-242235,0.8571428571428571
MECLIZINE,0.8571428571428571
NITREFAZOLE,0.8571428571428571
CHEMBL:CHEMBL1198140,0.8571428571428571
LADUVIGLUSIB,0.8666666666666667
EPINEPHRINE BITARTRATE,0.875
DEVIMISTAT,0.875
CHEMBL:CHEMBL1451216,0.875
ALTENUSIN,0.875
COMPOUND 20 [PMID: 30998356],0.875
CHEMBL:CHEMBL258767,0.875
CHEMBL:CHEMBL412603,0.875
DRONEDARONE HYDROCHLORIDE,0.875
DESVENLAFAXINE SUCCINATE,0.875
AMILORIDE,0.875
TRIAZOLAM,0.875
ATOMOXETINE HYDROCHLORIDE,0.875
ERYTHROSINE,0.875
CEFSULODIN SODIUM,0.875
CHEMBL:CHEMBL103583,0.875
GLIMEPIRIDE,0.875
KETAMINE HYDROCHLORIDE,0.875
RANOLAZINE,0.875
CHLORTHALIDONE,0.875
"WIN 62,577",0.875
ATROPINE,0.875
CYCLOPENTYLADENOSINE,0.875
"3,5-DIIODO-L-TYROSINE",0.875
TONAPOFYLLINE,0.875
CELIPROLOL,0.875
ACAMPROSATE CALCIUM,0.88
AMISULPRIDE,0.88
CEPHALOCHROMIN,0.8823529411764706
QUINIDINE,0.8823529411764706
OXCARBAZEPINE,0.8823529411764706
STICTIC ACID,0.8823529411764706
PRIMIDONE,0.8857142857142857
ISOTHYMONIN,0.8888888888888888
DIPIVEFRIN HYDROCHLORIDE,0.8888888888888888
NOREPINEPHRINE BITARTRATE,0.8888888888888888
ALFUZOSIN,0.8888888888888888
7-HYDROXYSTAUROSPORINE,0.8888888888888888
HISPIDIN,0.8888888888888888
DEXTROAMPHETAMINE SULFATE,0.8888888888888888
EPHEDRINE HYDROCHLORIDE,0.8888888888888888
PHENTOLAMINE MESYLATE,0.8888888888888888
CHONDROITIN SULFATES,0.8888888888888888
DIAZEPAM,0.8888888888888888
CHEMBL:CHEMBL1498652,0.8888888888888888
CHEMBL:CHEMBL535331,0.8888888888888888
MEPHENTERMINE SULFATE,0.8888888888888888
EFGARTIGIMOD ALFA,0.8888888888888888
SPIROXATRINE,0.8888888888888888
BA2+,0.8888888888888888
MAVACAMTEN,0.8888888888888888
GLYBURIDE,0.8928571428571429
BREXANOLONE,0.9
RALFINAMIDE,0.9
ILOPROST,0.9
TROPICAMIDE,0.9
VINBLASTINE SULFATE,0.9
IXABEPILONE,0.9
DESLANOSIDE,0.9
XYLOMETAZOLINE,0.9
LABETALOL HYDROCHLORIDE,0.9
CHLORMETHIAZOLE,0.9
TANSHINONE I,0.9
CHEMBL:CHEMBL522983,0.9
COMPOUND 66 [PMID: 19788238],0.9
ISONIPECOTIC ACID,0.9
ROZANOLIXIZUMAB,0.9
XANOMELINE,0.9
ORPHENADRINE HYDROCHLORIDE,0.9
NOREPINEPHRINE,0.9032258064516129
PRILOCAINE HYDROCHLORIDE,0.9090909090909091
CHEMBL:CHEMBL312032,0.9090909090909091
BENOXINATE HYDROCHLORIDE,0.9090909090909091
MINOXIDIL,0.9090909090909091
VINBLASTINE,0.9090909090909091
IPRATROPIUM CATION,0.9090909090909091
DICYCLOMINE HYDROCHLORIDE,0.9090909090909091
CHEMBL:CHEMBL260311,0.9090909090909091
ZONISAMIDE,0.9130434782608695
DOXAZOSIN MESYLATE,0.9166666666666666
BELUMOSUDIL,0.9166666666666666
AZD5438,0.9166666666666666
ACETAZOLAMIDE,0.9166666666666666
ABIRATERONE ACETATE,0.9166666666666666
ZIDOVUDINE,0.92
CHEMBL:CHEMBL258756,0.9230769230769231
TETRODOTOXIN,0.9230769230769231
LACOSAMIDE,0.9230769230769231
TETRAMETHYLAMMONIUM,0.9230769230769231
(RS)-ROSCOVITINE,0.9230769230769231
NIACIN,0.9230769230769231
ADENOSINE,0.9230769230769231
CHLOROPROCAINE,0.9230769230769231
CEFACLOR ANHYDROUS,0.9230769230769231
CEPHAPIRIN SODIUM,0.9230769230769231
OXAZEPAM,0.9230769230769231
CEFOTAXIME SODIUM,0.9285714285714286
EUPAFOLIN,0.9333333333333333
SAFINAMIDE,0.9333333333333333
WARFARIN,0.9333333333333333
MEPIVACAINE HYDROCHLORIDE,0.9375
THIAMYLAL SODIUM,0.9411764705882353
THIOPENTAL SODIUM,0.9411764705882353
DEXFENFLURAMINE HYDROCHLORIDE,0.9411764705882353
ZIMELDINE HYDROCHLORIDE,0.9411764705882353
GANAXOLONE,0.9444444444444444
SEVOFLURANE,0.9444444444444444
OPROZOMIB,0.9487179487179487
IXAZOMIB CITRATE,0.9487179487179487
POLATUZUMAB VEDOTIN,0.95
MARIZOMIB,0.9523809523809523
TEMAZEPAM,0.9545454545454546
PRAZEPAM,0.9545454545454546
ESTAZOLAM,0.9565217391304348
NOCODAZOLE,0.9583333333333334
PODOFILOX,0.9583333333333334
LORAZEPAM,0.96
AT-7519,0.9615384615384616
CENOBAMATE,0.9642857142857143
TOPIRAMATE,0.9761904761904762
SL-176,1.0
2-CL-ADP(&ALPHA;-BH3),1.0
ABT-299,1.0
ACQ090,1.0
FRANGULIN B,1.0
BAY27-9955,1.0
CAY10583,1.0
CCK-58,1.0
FOSFOSAL,1.0
MMP13 TRACER  [18F]5J,1.0
V3 PEPTIDE,1.0
CSC,1.0
MAGNOLOL,1.0
COMPOUND 13 [PMID: 15925511],1.0
MONOMETHYL AURISTATIN E,1.0
RS 67333,1.0
TD-2749,1.0
PD164333,1.0
CYANOPINDOLOL,1.0
BIA 10-2639,1.0
NP-1815-PX,1.0
CHEMBL:CHEMBL277148,1.0
TIK-301,1.0
SB 699551,1.0
EUROPIUM-LABELLED INSL5,1.0
PROKINETICIN-2&BETA;,1.0
[3H]HEMADO,1.0
MRS923,1.0
SOR-C13,1.0
PF-03758309,1.0
COMPOUND 4G [PMID: 2680437],1.0
CGEN-856,1.0
GSK-249320,1.0
ALOBRESIB,1.0
"[TBAA1,D-TYR(ET)2,VAL4,LYS6,ARG-NH28,DES-GLY9]AVP",1.0
FORSYTHOSIDE B,1.0
"[PHAA1,D-TYR(ME)2,ARG6,TYR-NH29]AVP",1.0
PLATELET ACTIVATING FACTOR,1.0
AURORA B/C KINASE INHIBITOR GSK1070916A,1.0
COMPOUND 2 [PMID: 26061392],1.0
CHOLESTYRAMINE RESIN,1.0
NIK-21273,1.0
"COMPOUND 3A [PIPIONNE ET AL, 2018]",1.0
2'-METHOXYFORMONETIN,1.0
COMPOUND 8G [PMID: 21444206],1.0
ORFORGLIPRON,1.0
BMY 45778,1.0
"INOSITOL 2,4,5-TRISPHOSPHATE",1.0
BROMODIPHENHYDRAMINE HYDROCHLORIDE,1.0
COMPOUND 8A [PMID: 22861813],1.0
WXFL10203614,1.0
LOSARTAN POTASSIUM,1.0
4-HYDROXYBENZALDEHYDE,1.0
CHEMBL:CHEMBL322862,1.0
GEMCITABINE ELAIDATE,1.0
BUTORPHANOL TARTRATE,1.0
SD-91,1.0
VALSPODAR,1.0
EVACETRAPIB,1.0
ABT-639,1.0
COMPOUND 3D [PMID: 3941405],1.0
BL-1249,1.0
ARI-3099,1.0
U46609,1.0
ADU-S100,1.0
MK-4256,1.0
CIRAZOLINE,1.0
MRS2500,1.0
RET INHIBITOR FHND5071,1.0
HYDROXYAMINE,1.0
NECROSTATIN-1S,1.0
GSMTX-4,1.0
MRS1132,1.0
[125I]1DME,1.0
SB-649868,1.0
CVN45502,1.0
D[CHA4]AVP,1.0
COMPOUND 5B [PMID: 25974655],1.0
INDOLE-3-PROPIONIC ACID,1.0
COMPOUND 19A [PMID: 21855335],1.0
"[18F]ET-1 (HUMAN, MOUSE, RAT)",1.0
C646,1.0
DIMETACRINE,1.0
IFABOTUZUMAB,1.0
AK-2292,1.0
RHODEI-LITORIN,1.0
1DME,1.0
MENINGOCOCCAL GROUP B VACCINE,1.0
BMS-903452,1.0
SRX-246,1.0
SB234551,1.0
METHAQUALONE,1.0
RHENIUM RE 186 ETIDRONATE,1.0
ERENUMAB,1.0
ESTROGENS,1.0
COMPOUND 7 [WO2012007375],1.0
NEUROPEPTIDE HEAD ACTIVATOR,1.0
FLAVOXATE,1.0
5-METHOXYTRYPTAMINE,1.0
BENZETHONIUM,1.0
CHEMBL:CHEMBL449129,1.0
CHEMBL:CHEMBL598680,1.0
CP-122721,1.0
ADEMETIONINE,1.0
OCTRIZOLE,1.0
GETIACAULEIN,1.0
GW682841X,1.0
PERSEITOL,1.0
CHEMBL:CHEMBL324554,1.0
CYTIDINE 3'-MONOPHOSPHATE,1.0
ECALLANTIDE,1.0
OXAZINE 89,1.0
NOV-002,1.0
FREMANEZUMAB,1.0
CG-200745,1.0
ULODESINE,1.0
ALTROPANE,1.0
ANTI-NY-ESO-1 IMMUNOTHERAPEUTIC GSK-2241658A,1.0
ANILERIDINE,1.0
ISOXANTHOPTERIN,1.0
DVDAVP,1.0
NBI-34041,1.0
CHEMBL:CHEMBL2028068,1.0
DA-6886,1.0
MONOCLONAL ANTIBODY 11D10 ANTI-IDIOTYPE VACCINE,1.0
TRIPTORELIN PAMOATE,1.0
IODINE I 131 TM-601,1.0
GW780056X,1.0
BLOSOZUMAB,1.0
CALASPARGASE PEGOL,1.0
BOCOCIZUMAB,1.0
MK-3697,1.0
DIDODECANOYLPHLOROGLUCINOL,1.0
CHEMBL:CHEMBL601918,1.0
CAPROMAB,1.0
C1 ESTERASE INHIBITOR,1.0
CP 93129,1.0
COMPOUND 1 [PMID: 20005102],1.0
PRADIGASTAT,1.0
AVADOMIDE,1.0
SNAP-7941,1.0
FLUOROQUINOLONE ANTIBIOTIC,1.0
AMLINTIDE,1.0
DEXTROTHYROXINE SODIUM,1.0
MELITRACEN,1.0
L659989,1.0
HALOTHANE,1.0
GI-6301,1.0
TENAPANOR,1.0
"COAGULATION FACTOR X, HUMAN",1.0
SUCCINIC ACID,1.0
OXYPHENCYCLIMINE,1.0
[125I]CCL16 (HUMAN),1.0
[125I]STA,1.0
COMPOUND 5 [PMID: 19338355],1.0
CHEMBL:CHEMBL1491455,1.0
COMPOUND 40 [PMID: 33470814],1.0
REMIFENTANIL HYDROCHLORIDE,1.0
"D(CH2)5[D-ILE2,ILE4]AVP",1.0
FRAX597,1.0
ALMOREXANT,1.0
JMV431,1.0
RFRP-3,1.0
KH28,1.0
PYRIDINE,1.0
AGN 191976,1.0
DIABZI-4,1.0
COMPOUND 1 [PMID: 21939274],1.0
AZ-4217,1.0
PSB-6426,1.0
"[SAR1,ALA8]ANG-II",1.0
DESULFATED GASTRIN-71,1.0
LENABASUM,1.0
AM10257,1.0
EXAMPLE 166  [WO2014154727],1.0
I-BOC-MET-LEU-PHE,1.0
SIPONIMOD FUMARATE,1.0
GLYCOPYRRONIUM,1.0
TG8-260,1.0
HB-EGF,1.0
AUMOLERTINIB,1.0
APADENOSON,1.0
NBI-59159,1.0
PKR INHIBITOR,1.0
PILSICAINIDE,1.0
ALPHA-1-PROTEINASE INHIBITOR HUMAN,1.0
RIDOGREL,1.0
ALTINICLINE,1.0
GSK239512,1.0
CB-189625,1.0
ROLAPITANT HYDROCHLORIDE,1.0
RIMEGEPANT SULFATE,1.0
CRYPTENAMINE ACETATES,1.0
FIDUXOSIN,1.0
GW779439X,1.0
[111IN]DOTA-DLVT,1.0
J-113397,1.0
CXCL12H25R (MONOMER),1.0
SULFOPIN,1.0
CW85319,1.0
EPIPODOPHYLLOTOXIN COMPOUND,1.0
AM7499,1.0
[3H]HU-243,1.0
COMPOUND 4 [PMID: 19954973],1.0
DICHLOROACETIC ACID,1.0
CHEMBL:CHEMBL581865,1.0
DIPHENYLUREA,1.0
IS20,1.0
SK1-I,1.0
COMPOUND 6F [PMID: 35476936],1.0
A(10-24)INSL3,1.0
RO 41-5253,1.0
BI 749327,1.0
ALLOXAN,1.0
CEFMETAZOLE,1.0
[LEU8]-PHYLLOLITORIN,1.0
EXP3174,1.0
LY303336,1.0
HS-142-1,1.0
HP(2-20),1.0
HUMANIN,1.0
FMET-MET-TYR-ALA-LEU-PHE,1.0
ISOPROPYLUREIDO-FLFLF,1.0
CGEN-855A,1.0
ABT-239,1.0
IMMETHRIDINE,1.0
HCG,1.0
EB-42486,1.0
COMPOUND 2 [PMID: 22911925],1.0
NS5818,1.0
[125I]PD164333,1.0
IN-3,1.0
AZD4619,1.0
TL12-186,1.0
PT2385,1.0
COMPOUND 13E [PMID: 31811124],1.0
GNE-9605,1.0
KBP-066,1.0
PTEROSTILBENE,1.0
MOXIDECTIN,1.0
MI-503,1.0
CHEMBL:CHEMBL600738,1.0
CHEMBL:CHEMBL581449,1.0
DTS-201,1.0
AMREDOBRESIB,1.0
ANTI-MUC16/MMAE ANTIBODY-DRUG CONJUGATE DMUC4064A,1.0
KB-004,1.0
COMPOUND 11 [PMID: 15261275],1.0
LETAXABAN,1.0
FIBOFLAPON SODIUM,1.0
DAPITANT,1.0
A-123189,1.0
"2',BETA-DIHYDROXYCHALCONE",1.0
GW801372X,1.0
TERPESTACIN,1.0
NORENDOXIFEN,1.0
[125I]NPFF,1.0
[3H]N/OFQ,1.0
5-BDBD,1.0
IL-94,1.0
DANAVOREXTON,1.0
JH112,1.0
HTL6641,1.0
[125I]INSL3 (HUMAN),1.0
RECOMBINANT MODIFIED VACCINIA ANKARA-5T4 VACCINE,1.0
MLN-2704,1.0
APRIL,1.0
LTK-14,1.0
AXELOPRAN,1.0
NE97220,1.0
UCPH-101,1.0
SOFNOBRUTINIB,1.0
DBRD9,1.0
ANI9,1.0
[3H]GR 113808,1.0
TOCOTRIENOLS,1.0
FENDRIX,1.0
LP99,1.0
FZM1.8,1.0
JMV458,1.0
QAV680,1.0
COMPOUND 6641,1.0
ARRY-502,1.0
ISOPROPAMIDE IODIDE,1.0
BEMPEDOIC ACID,1.0
HAS-NMU,1.0
PSB-10,1.0
SDZ 64-412,1.0
FUREGRELATE SODIUM,1.0
CHLORPHENIRAMINE MALEATE,1.0
TCPA,1.0
COMPOUND 25E [PMID: 25875054],1.0
[3H]VESAMICOL,1.0
APV206690A,1.0
CU-CPT8M,1.0
COMPOUND II [PMID: 21329883],1.0
CGP 12177,1.0
NAQUOTINIB,1.0
ANTI-PD-1 MONOCLONAL ANTIBODY MEDI0680,1.0
TOLINAPANT,1.0
"D(CH2)5[TYR(ET)2,VAL4,DES-GLY9]AVP",1.0
3-KETO-LITHOCHOLIC ACID,1.0
GSK963,1.0
MRS1754,1.0
DS-1971A,1.0
ACONITINE,1.0
GW853606,1.0
COMPOUND 17C [PMID: 25497965],1.0
COMPOUND 1 [PMID: 28379944],1.0
LUF6000,1.0
REGRELOR,1.0
CHF-6366,1.0
AG 1024,1.0
"(R,S)-4-PPG",1.0
PHENYLACETYLRINVANIL,1.0
ROLOFYLLINE,1.0
JNJ-18038683,1.0
ML9,1.0
AM237,1.0
OTAMIXABAN,1.0
[3H]PEMETREXED,1.0
S 17092,1.0
SYK INHIBITOR,1.0
TAS05567,1.0
MOZAVAPTAN,1.0
"[125I]N-BIOTIN-[AHX0, BPA3]U-II (HUMAN)",1.0
TETRALIN_UREA ANALOGUE (7O),1.0
BTDM,1.0
COMPOUND 31 [PMID: 29968758],1.0
[3H]DEVAZEPIDE,1.0
BODILISANT,1.0
COMPOUND 50 [PMID: 24313754],1.0
LOMERIZINE,1.0
DIPHENIDOL HYDROCHLORIDE,1.0
VOSAROXIN,1.0
NK3201,1.0
ABT-737,1.0
COMPOUND III [PMID: 29351497],1.0
DIPHYLLIN,1.0
CHEMBL:CHEMBL600968,1.0
CCK-39,1.0
LEO 29102,1.0
GW842166,1.0
SR146131,1.0
[125I]CXCL10 (HUMAN),1.0
FLAGELLIN,1.0
KB-141,1.0
AZD-1080,1.0
DOCUSATE,1.0
SARAFLOXACIN HYDROCHLORIDE,1.0
GASTRIN-71,1.0
MIT1,1.0
[14C]METHYLAMINE,1.0
[3H]5-CT,1.0
[3H]LXA4,1.0
COMPOUND 1L [PMID: 16644217],1.0
AMIVANTAMAB,1.0
COMPOUND 10L [PMID: 24556381],1.0
GAL-B2,1.0
6-BROMOINDIRUBIN-3'-OXIME,1.0
NNC 92-1687,1.0
PROKINETICIN-2,1.0
ST-1535,1.0
P-GUANIDINOBENZOYL-MCH-(7-17),1.0
N-METHYLHISTAMINE DIHYDROCHLORIDE,1.0
[123I]IODOPROXYFAN,1.0
COMPOUND 3A [PMID: 18606542],1.0
GT2394,1.0
TECHNETIUM TC 99M TROFOLASTAT,1.0
PBF-509,1.0
LITIFILIMAB,1.0
AC187,1.0
AMYLIN,1.0
[3H]TIOTROPIUM,1.0
CARBASALATE CALCIUM,1.0
ML213,1.0
GASTRIN-34,1.0
ZETOMIPZOMIB,1.0
DRF 2519,1.0
2-AMINO-URIDINE-5'-MONOPHOSPHATE,1.0
MRS2927,1.0
"[MPA1,D-TYR(ET)2,D-TIC7,D-TIC9]OT",1.0
PCS1055,1.0
SSR 146977,1.0
CP-673451,1.0
PI 3-KG INHIBITOR II,1.0
GSK1482160,1.0
GW827106X,1.0
CHEMBL:CHEMBL589922,1.0
CHEMBL:CHEMBL1593717,1.0
CHEMBL:CHEMBL584905,1.0
DIMETHYLENASTRON,1.0
TDE,1.0
ACYLINE,1.0
JNJ-42165279,1.0
CASP 4 INHIB,1.0
THYROTROPIN ALFA,1.0
GSK-3&BETA; INHIBITOR 3 [PMID: 25845281],1.0
&BETA;-CGRP,1.0
"L-750,667",1.0
TRABODENOSON,1.0
AC262970,1.0
DIETHYLPROPION HYDROCHLORIDE,1.0
RG-7652,1.0
LIPOTECAN,1.0
LICARBAZEPINE,1.0
PF3845,1.0
[3H]-ALMOREXANT,1.0
PEPTIDE YY (3-36),1.0
ACOTIAMIDE HYDROCHLORIDE,1.0
PENICILLIOL B,1.0
GLICLAZIDE,1.0
ISOSILYBIN A,1.0
CHEMBL:CHEMBL547488,1.0
CHEMBL:CHEMBL582486,1.0
NONACOG ALFA,1.0
ANILERIDINE HYDROCHLORIDE,1.0
VALSARTAN,1.0
CLIDINIUM,1.0
[125I]LSD,1.0
DESMETHEYLASTEMIZOLE,1.0
EMEPRONIUM,1.0
BRETYLIUM,1.0
MODIMELANOTIDE,1.0
CHEMBL:CHEMBL605753,1.0
OPIPRAMOL,1.0
CHEMBL:CHEMBL57394,1.0
DAROTROPIUM BROMIDE,1.0
MEPROBAMATE,1.0
PROCYCLIDINE,1.0
L745870,1.0
SC-41930,1.0
TAXOL C,1.0
ACETYLDIGITOXIN,1.0
JB 98064,1.0
EMEDASTINE DIFUMARATE,1.0
DIPHENYLPYRALINE,1.0
POMAGLUMETAD METHIONIL,1.0
TRPM8 AGONIST D-3263,1.0
EUROPIUM-LABELLED INSL3,1.0
TESAMORELIN ACETATE,1.0
DONEPEZIL HYDROCHLORIDE,1.0
ALCAFTADINE,1.0
AZ12216052,1.0
NIPRADILOL,1.0
GONADORELIN HYDROCHLORIDE,1.0
EPROSARTAN MESYLATE,1.0
PRANLUKAST,1.0
CHEMBL:CHEMBL1162521,1.0
"COMPOUND 12P [LARSON ET AL., 2017]",1.0
ACEPROMETAZINE,1.0
DIFENOXIN HYDROCHLORIDE,1.0
CALCIFEDIOL ANHYDROUS,1.0
CLOPIDOGREL BISULFATE,1.0
AVL-3288,1.0
KRP203,1.0
BAY1067197,1.0
MR-1817,1.0
COMPOUND 20 [PMID: 23489211],1.0
APD668,1.0
CHEMBL:CHEMBL455004,1.0
BETHANIDINE,1.0
BENGALENSOL,1.0
CI-218872,1.0
2-MERCAPTONICOTINIC ACID,1.0
PLAZOMICIN,1.0
ETHIONAMIDE,1.0
LEVOCABASTINE HYDROCHLORIDE,1.0
ONO-AE3-237,1.0
(+)-UH232,1.0
CHEMBL:CHEMBL584235,1.0
FPL-55712,1.0
APA,1.0
4F-MT-45,1.0
LEVORPHANOL TARTRATE,1.0
LY-2811376,1.0
BMS-779788,1.0
COMPOUND 3 [PMID: 27347366],1.0
GSK 256471,1.0
GW829906X,1.0
[PRO34]PYY (HUMAN),1.0
CYCRIMINE HYDROCHLORIDE,1.0
METHIONINE BENZIMIDAZOLE 6,1.0
BENZO[DEF]CHRYSENE,1.0
TORMENTIC ACID METHYL ESTER,1.0
CHEMBL:CHEMBL408422,1.0
DALAZATIDE,1.0
HTH-01-015,1.0
NM4-C16,1.0
4-AMBA,1.0
[3H]HATRAP,1.0
2-PHENYL-1H-INDOLE,1.0
GENERIC DRUG,1.0
[18F]FLUORORASAGILINE,1.0
CHEMBL:CHEMBL303124,1.0
TH0318,1.0
COMPOUND 21 [PMID: 24900635],1.0
MALONIC ACID,1.0
CHEMBL:CHEMBL1255647,1.0
IPOMEANOL,1.0
GNRH PHARMACCINE,1.0
HALETHAZOLE,1.0
XL01126,1.0
JH-XII-03-02,1.0
BARZOLVOLIMAB,1.0
BEMESETRON,1.0
CHEMBL:CHEMBL1731432,1.0
[125I]CHIPS,1.0
TIFENAZOXIDE,1.0
RS-30199,1.0
"GR 125,743",1.0
(S)-4-CMTB,1.0
MYRISTIC ACID,1.0
BAY-678,1.0
POTASSIUM CHLORIDE,1.0
SNAP 398299,1.0
GALANIN(1-16) (RAT/MOUSE/PIG),1.0
FPRL1-INHIBITOR PROTEIN,1.0
AG-26,1.0
MRS5698,1.0
GUAIACOL,1.0
GR79236,1.0
BUTYLSCOPOLAMINE,1.0
[3H]MRS2279,1.0
DASA-58,1.0
RP-101075,1.0
CHEMBL:CHEMBL1496351,1.0
GAMBOGENIC ACID,1.0
D(CH2)5[TYR(ME)2]AVP,1.0
"L-369,020",1.0
"L-366,948",1.0
TBK1 PROTAC 3I,1.0
HTH-02-006,1.0
TALNETANT,1.0
CHEMBL:CHEMBL1329326,1.0
FRAXIDIN METHYL ETHER,1.0
[125I]C3A (HUMAN),1.0
CHEMBL:CHEMBL1915783,1.0
CHEMBL:CHEMBL592118,1.0
COMPOUND 4Q [PMID: 7650673],1.0
COMPOUND D24 [PMID: 24374347],1.0
NORZOTEPINE,1.0
ACAA,1.0
GSK-7975A,1.0
CHEMBL:CHEMBL535730,1.0
TRAVOPROST,1.0
TICAGRELOR,1.0
ISOFLUROPHATE,1.0
GINKGO,1.0
ORTICUMAB,1.0
[125I]PP (HUMAN),1.0
ASTUPROTIMUT-R,1.0
LATANOPROST,1.0
IODINE I 131 MONOCLONAL ANTIBODY 81C6,1.0
ODITRASERTIB,1.0
SEMORINEMAB,1.0
AS100,1.0
3-ISOBUTYL-8-PYRROLIDINOXANTHINE,1.0
CYANOPEPTOLIN SS,1.0
DIMETHYLMYLERAN,1.0
IMMUNOCONJUGATE,1.0
QUINAPRILAT,1.0
COMPOUND 21 [PMID: 23981033],1.0
TANEXABAN,1.0
CHEMBL:CHEMBL601774,1.0
FR173657,1.0
AZILSARTAN MEDOXOMIL,1.0
DOXYLAMINE SUCCINATE,1.0
IRAK-1/4 INHIBITOR,1.0
VOCIPROTAFIB,1.0
FILANESIB,1.0
CHEMBL:CHEMBL548469,1.0
DEMETHYL-CANTHARIDIN,1.0
PLX51107,1.0
INDOTECAN,1.0
ONASEMNOGENE ABEPARVOVEC-XIOI,1.0
PF-03732010,1.0
SIBROTUZUMAB,1.0
CLIVATUZUMAB TETRAXETAN,1.0
CHEMBL:CHEMBL496451,1.0
COL-1,1.0
TENOFOVIR DISOPROXIL FUMARATE,1.0
BAG-2,1.0
EXAMPLE 2 [WO2013054185],1.0
DIMAPRIT,1.0
S-ALLYLGLYCINE,1.0
TAPENTADOL,1.0
ANAMORELIN,1.0
PYRILAMINE MALEATE,1.0
ANNAMYCIN,1.0
SODIUM SULFATE ANHYDROUS,1.0
MK-5046,1.0
BMS-561392,1.0
PIRENZEPINE,1.0
BAY86-7548,1.0
CX549,1.0
SDF1 P2G,1.0
KBP-088,1.0
LY3022855,1.0
AG-041R,1.0
DANUGLIPRON,1.0
CREATINE,1.0
SODIUM PYRUVATE,1.0
EDOTECARIN,1.0
ROVALPITUZUMAB TESIRINE,1.0
ELTROMBOPAG,1.0
CHEMBL:CHEMBL592369,1.0
(S)-ONDANSETRON,1.0
GI-6207,1.0
MM-093,1.0
PQA-18,1.0
FEZOLINETANT,1.0
CYTISINE,1.0
MAVELERTINIB,1.0
PSOROMIC ACID,1.0
RAXOFELAST,1.0
PAT-1251,1.0
COMPOUND 1 [PMID: 33547286],1.0
DEXTRORPHAN,1.0
3-HYDROXYLAURIC ACID,1.0
DL-175,1.0
GASTRIN-14,1.0
"[125I]GLUCAGON (HUMAN, MOUSE, RAT)",1.0
TIRZEPATIDE,1.0
L-&BETA;-BA,1.0
CHEMBL:CHEMBL547285,1.0
MIGALASTAT,1.0
BIM 23127,1.0
LY-377604,1.0
PRALMORELIN,1.0
KURARINONE,1.0
CARFENTANIL,1.0
DEXAMETHASONE PALMITATE,1.0
12S-HETE,1.0
PROSULTIAMINE,1.0
AMBENONIUM,1.0
FUMAGILLIN-DERIVED POLYMER CONJUGATE XMT-1107,1.0
VCE-004.3,1.0
ISONIAZID / PYRAZINAMIDE / RIFAMPIN,1.0
CEFQUINOME,1.0
SERMORELIN ACETATE,1.0
PROPOXYPHENE NAPSYLATE,1.0
T-226296,1.0
ATRASENTAN,1.0
CHEMBL:CHEMBL585686,1.0
CCT244747,1.0
CHEMBL:CHEMBL1472891,1.0
GW795493X,1.0
"2,3,4'-TRIHYDROXY-4-METHOXYBENZOPHENONE",1.0
BROMOCICLEN,1.0
MANNOMUSTINE,1.0
TANDOSPIRONE,1.0
SUVN-502,1.0
AAV1-FS344,1.0
XBP1-US/XBP1-SP/CD138/CS1 MULTIPEPTIDE VACCINE PVX-410,1.0
TRANSFERRIN RECEPTOR-TARGETED ANTI-RRM2 SIRNA CALAA-01,1.0
CARCINOEMBRYONIC ANTIGEN-EXPRESSING MEASLES VIRUS,1.0
TARAFENACIN,1.0
PD 165929,1.0
TRV023,1.0
ALLOXAZINE,1.0
DU172,1.0
COMPOUND 4G [PMID: 22220592],1.0
CHEMBL:CHEMBL277845,1.0
CHEMBL:CHEMBL208519,1.0
PENCICLOVIR,1.0
CP105696,1.0
LK 204-545,1.0
NIHP,1.0
AC-GRP-(20-26)-METHYLESTER,1.0
[D-PHE6]BOMBESIN(6-13)PROPYLAMIDE,1.0
ALOIN,1.0
PHENCYCLIDINE HYDROCHLORIDE,1.0
"[D-PHE6, LEU13, CPA14,&PSI;13-14]BOMBESIN-(6-14)",1.0
CHEMBL:CHEMBL585443,1.0
TAFAMIDIS,1.0
PRABOTULINUMTOXIN A,1.0
TALAROZOLE,1.0
TILAVONEMAB,1.0
BMS-820132,1.0
METHYLSAMIDORPHAN,1.0
MANGIFERIN HEPTASULFATE,1.0
AVOTERMIN,1.0
A-1331852,1.0
COMPOUND 5 [PMID: 21838328],1.0
LY2140023,1.0
RCI-0879,1.0
PAZUFLOXACIN,1.0
PRS-211375,1.0
BVT.115959,1.0
AMRUBICIN,1.0
GALANIN(D-TRP2) (PIG),1.0
DIOSMIN,1.0
ETRASIMOD,1.0
COMPOUND 33 [PMID: 26230603],1.0
ML354,1.0
CHEMBL:CHEMBL2094573,1.0
YSFKPMPLAR,1.0
INSL5 AMIDE (HUMAN),1.0
SCANDENIN,1.0
COMPOUND 10 [PMID: 18759424],1.0
OSILODROSTAT PHOSPHATE,1.0
CHEMBL:CHEMBL271256,1.0
FIBRIN SEALANT,1.0
COMPOUND 9 [PMID: 23472952],1.0
CHEMBL:CHEMBL275798,1.0
NF-56-EJ40,1.0
COHUMULONE,1.0
GNF362,1.0
IBANDRONATE SODIUM,1.0
BAY-545,1.0
(DES 1-8) A-CHAIN INSL3 ANALOGUE,1.0
CHEMBL:CHEMBL1339206,1.0
NERIDRONIC ACID,1.0
ARGININE BUTYRATE,1.0
IODOPROXYFAN,1.0
WYE-354,1.0
BX-430,1.0
COMPOUND 18 [PMID: 34212719],1.0
LINPERLISIB,1.0
GALANIN(3-30) (HUMAN),1.0
A(9-26)INSL3,1.0
TRIMETHAPHAN,1.0
RO 46-8443,1.0
BMS753,1.0
FIBATUZUMAB,1.0
ACETYLSALICYLIC ACID/DIPYRIDAMOLE,1.0
GR231118,1.0
D[LEU4]AVP,1.0
VNA932,1.0
EDONENTAN ANHYDROUS,1.0
N-&ALPHA;-METHYLHISTAMINE,1.0
NEPICASTAT,1.0
[125I]GLP-1-(7-37) (HUMAN),1.0
PIRIDRONIC ACID,1.0
GALANIN(2-11),1.0
LY2811376,1.0
"[125I][D-TYR6,&BETA;-ALA11,PHE13,NLE14]BOMBESIN-(6-14)",1.0
ZELATRIAZIN (TAK-041),1.0
ASN04450772,1.0
1-OLEOYL GLYCEROL,1.0
AS1535907,1.0
(S)-N-OLEOYLTYROSINOL,1.0
COMPOUND 3 [PMID: 21310611],1.0
PILAVAPADIN,1.0
CHEMBL:CHEMBL1326164,1.0
"[125I]D(CH2)5[TYR(ME)2,THR4,ORN8,TYR-NH29]OVT",1.0
SNX281,1.0
ENANTIO PAF C-16,1.0
OREXIN-A,1.0
CTOP,1.0
AR305352,1.0
PSB-12054,1.0
IP5I,1.0
CARBOCYCLIC THROMBOXANE A2,1.0
ENDOTHELIN-2,1.0
GNF2133,1.0
LSN2424100,1.0
[3H]T-516,1.0
GLISOXEPIDE,1.0
PRL-2970,1.0
EST73502,1.0
DAVP,1.0
COMPOUND 1A [PMID: 18573659],1.0
COMPOUND 74A [PMID: 27077528],1.0
"[PHAA1,D-TYR(ET)2,LYS6,DES-GLY9]AVP",1.0
LARIXYL ACETATE,1.0
AC1903,1.0
SG-094,1.0
I-BOP,1.0
ANTI-CEA CAR T CELLS,1.0
MPDT,1.0
M826,1.0
RES7011,1.0
SWE101,1.0
[123I]IODOBENZOVESAMICOL,1.0
I-C11,1.0
GSK2332255B,1.0
PYR3,1.0
INSL5 ANALOGUE 13,1.0
[125I]PYY (PIG),1.0
NORFLUOXETINE,1.0
(D-ALA11]BOMBESIN,1.0
REC 15/3079,1.0
BETA-LAPACHONE PRODRUG ARQ 761,1.0
"GR 218,231",1.0
ML351,1.0
BENZYLCYSTEINE,1.0
KH7,1.0
5-BUTYL-METHYL IMMIDAZOLE CARBOXYLATE 30,1.0
NDI-091143,1.0
ARBUTIN,1.0
PF-5190457,1.0
OXIBENDAZOLE,1.0
11-CIS-RETINAL,1.0
LEPTOMYCIN B,1.0
LB80380,1.0
COMPOUND (S)-29 [PMID: 37606563],1.0
SR144528,1.0
JNJ-17156516,1.0
SB-611812,1.0
SZM594,1.0
ZK118182,1.0
EGFR/ERBB-2/ERBB-4 INHIBITOR,1.0
PERENOSTOBART,1.0
COMPOUND 86 [PMID: 26982234],1.0
UVI3003,1.0
BETA-ERGOCRIPTINE,1.0
JTS-653,1.0
CHEMBL:CHEMBL45245,1.0
SKF-105494,1.0
FZ7-21,1.0
EPIREGULIN,1.0
CAR T-CELLS AMG 119,1.0
USISTAPIDE,1.0
BELOTECAN,1.0
BINODENOSON,1.0
AVOSENTAN,1.0
BUCELIPASE ALFA,1.0
HEXYLCAINE,1.0
PRALIDOXIME IODIDE,1.0
FROVOCIMAB,1.0
"[D-PRO4,D-TRP7,9,10]SUBSTANCE P (4-11)",1.0
GRC-6211,1.0
COMPOUND 10 [PMID: 31663733],1.0
T134,1.0
BIC1,1.0
[125I]GASTRIN,1.0
ANX-005,1.0
Z944,1.0
[125I]PTA-OH,1.0
CHEMBL:CHEMBL606166,1.0
AMISELIMOD,1.0
IRSOGLADINE MALEATE,1.0
GW290597X,1.0
LY255283,1.0
SOMATOSTATIN,1.0
LANDIPIRDINE,1.0
GLAXO-11P,1.0
CDK INHIBITOR SNS-032,1.0
"[125I]D(CH2)5[D-TYR(ET)2,VAL4,TYR-NH29]AVP",1.0
4-CL-CINNAMOYL-C[DCYS-4PAL-DTRP-ORN-VAL-CYS]-HIS-AMIDE,1.0
[11C]DTBZ,1.0
SB-706375,1.0
BUSERELIN,1.0
CIPRALISANT MALEATE,1.0
ACEBUTOLOL HYDROCHLORIDE,1.0
DOXAPRAM,1.0
CENERIMOD,1.0
TUG-1375,1.0
NNC1702,1.0
FIGOPITANT,1.0
MANAGLINAT DIALANETIL,1.0
MORPHINE GLUCURONIDE,1.0
CAMLIPIXANT,1.0
DR-4004,1.0
UNC0321,1.0
AC262620,1.0
A-971432,1.0
"L-803,087",1.0
S5A1,1.0
ISOTHIOUREA-1A,1.0
[125I]CXCL11 (HUMAN),1.0
DRF-1042,1.0
PRAMIRACETAM,1.0
BROMO-DEAZA-SAH,1.0
COMPOUND 1 [XIAO ET AL. 2014],1.0
COMPOUND 7P [PMID: 7861416],1.0
IFETROBAN,1.0
COMPOUND 65 [PMID: 36126387],1.0
COMPOUND 4 [PMID: 24432870],1.0
VM24,1.0
DARIDOREXANT,1.0
MTEP,1.0
COMPOUND 11A [PMID: 14697765],1.0
COMPOUND 41 [PMID: 23434029],1.0
7-FLUOROCHROMONE-2-CARBOXAMIDE,1.0
TANOMASTAT,1.0
COMPOUND 35 [PMID: 23916259],1.0
COMPOUND 27 [PMID: 29775310],1.0
H3-COA-20,1.0
TTFB,1.0
BMS-986122,1.0
CLOPIDOGREL (ACTIVE METABOLITE),1.0
COMPOUND 30 [PMID: 16455256],1.0
GAL-B5,1.0
[125I][TYR26]GALANIN (HUMAN),1.0
GALANIN(2-30) (HUMAN),1.0
RTI-13951-33,1.0
AR231453,1.0
AS1907417,1.0
TRIAZINE COMPOUND PC7,1.0
VU0364770,1.0
SCH 57790,1.0
(R)-NFPS,1.0
5-FLUOROINDOLE-2-CARBOXYLIC ACID,1.0
CHEMBL:CHEMBL395814,1.0
I-BET282,1.0
[125I]CATHEPSIN G (HUMAN),1.0
DARUISOLINE,1.0
ACETANILIDE,1.0
FERRUGINENE B,1.0
TYRPHOSTIN 51,1.0
MRS4062,1.0
COMPOUND 1 [PMID: 34917254],1.0
SCH486757,1.0
COMPOUND 22 [PMID: 30457869],1.0
JNJ-10397049,1.0
NAG 26,1.0
[3H]EYF,1.0
COMPOUND 6 [PMID: 30125504],1.0
ADP-RIBOSYLATION FACTOR 1,1.0
JMV2004,1.0
PIK-75,1.0
YD-3,1.0
COMPOUND 58L [PMID: 30843696],1.0
COMPOUND C2 [PMID: 29990428],1.0
OCIFISERTIB,1.0
MEN 10376,1.0
ITP,1.0
LUF6096,1.0
MRS5151,1.0
LUF5981,1.0
WRC-0571,1.0
AS70,1.0
5-CL-5-DEOXY-(&PLUSMN;)-ENBA,1.0
BIIL 260,1.0
CICLOPROLOL,1.0
C21,1.0
"5&BETA;-PREGNANE-3,20-DIONE",1.0
MS049,1.0
ZWB67,1.0
MK-7725,1.0
[PHE13]BOMBESIN,1.0
AM-461,1.0
XMT-1001,1.0
SB269652,1.0
S-5751,1.0
INDIRUBIN DERIVATIVE E804,1.0
A-366,1.0
EMZELTRECTINIB,1.0
CCG-203920,1.0
TPC2-A1-N,1.0
BD-1047,1.0
LACTUCOPICRIN,1.0
SACCHARIN,1.0
CYCLAMATE,1.0
SAKURANETIN,1.0
AC-RYYRIK-NH2,1.0
ETAZOLATE HYDROCHLORIDE,1.0
TWS119,1.0
NCGC607,1.0
CHEMBL:CHEMBL1569494,1.0
[3H]NISOXETINE,1.0
OSTEOCRIN,1.0
SCH-79797,1.0
CETILISTAT,1.0
APAFANT,1.0
COMPOUND 36J [PMID: 21536438],1.0
N-ETHYLHISTAMINE,1.0
AKT INHIBITOR X,1.0
NERANDOMILAST,1.0
"6-HYDROXY-5,7-DIMETHOXYFLAVONE",1.0
[3H]MIROGABALIN,1.0
CHEMBL:CHEMBL529348,1.0
CHEMBL:CHEMBL1256390,1.0
M0002,1.0
MEDI6012,1.0
MANSONONE F,1.0
CHEMBL:CHEMBL71271,1.0
DIFENPIRAMIDE,1.0
BISSALICYL FUMARATE,1.0
SHINJULACTONE B,1.0
CHEMBL:CHEMBL2332126,1.0
CHEMBL:CHEMBL308106,1.0
DIETHANOLAMINE,1.0
ACRIDONE,1.0
CHEMBL:CHEMBL587892,1.0
CHEMBL:CHEMBL525519,1.0
PHENIDONE,1.0
VITEXIN,1.0
GALLINAMIDE A,1.0
AESCULIOSIDE IIC,1.0
PF-06291874,1.0
THIOPENTAL,1.0
LINERIXIBAT,1.0
DOXORUBICIN-MAGNETIC TARGETED CARRIER COMPLEX,1.0
NICERGOLINE,1.0
TORCETRAPIB,1.0
CE-224535,1.0
RAFABEGRON,1.0
RS 39604,1.0
LEVOMETHADYL ACETATE HYDROCHLORIDE,1.0
LY2881835,1.0
ANATUMOMAB MAFENATOX,1.0
ROLEDUMAB,1.0
PITAVASTATIN SODIUM,1.0
ABX-MA1,1.0
ONO-2952,1.0
DEXMETHYLPHENIDATE,1.0
LIVE ATTENUATED INFLUENZA VACCINE,1.0
LIXUMISTAT ACETATE,1.0
GSK-466314A,1.0
CHEMBL:CHEMBL600554,1.0
MURUCOIDIN V,1.0
ATU-027,1.0
MONOCLONAL ANTIBODY ICR62,1.0
ACETOSIDE,1.0
CHEMBL:CHEMBL602135,1.0
CHEMBL:CHEMBL112060,1.0
PNU-99194A,1.0
3-FORMYLINDOLE,1.0
T-BOC-FLFLF,1.0
AESCULIOSIDE IIE,1.0
CHEMBL:CHEMBL492651,1.0
COMPOUND 1E [PMID: 27285276],1.0
JR14A,1.0
WWGKKYRASKLGLAR,1.0
ERVOGASTAT,1.0
CXCL12&PHI;,1.0
SC-58125,1.0
VUF8507,1.0
(+)-ADRENALINE,1.0
AS604872,1.0
CHEMBL:CHEMBL401607,1.0
AG-11/03,1.0
OLMUTINIB,1.0
COMPOUND 10F [PMID: 24556381],1.0
DEOXYCHOLIC ACID,1.0
CPI-203,1.0
MG-277,1.0
DIHYDROERGOCRISTINE MESYLATE,1.0
AZD9272,1.0
PERVILLEINE D,1.0
CHEMBL:CHEMBL590900,1.0
LISAVANBULIN,1.0
CHEMBL:CHEMBL250428,1.0
COSYNTROPIN,1.0
CHEMBL:CHEMBL605959,1.0
CHEMBL:CHEMBL1567041,1.0
CHEMBL:CHEMBL578220,1.0
CHEMBL:CHEMBL471694,1.0
ACRIVASTINE,1.0
RO-24-7429,1.0
GSK-1521498,1.0
EP-100,1.0
MARALIXIBAT CHLORIDE,1.0
CHEMBL:CHEMBL1576338,1.0
SUVOREXANT,1.0
CHEMBL:CHEMBL1344912,1.0
CHEMBL:CHEMBL594695,1.0
CHEMBL:CHEMBL512935,1.0
LUPEOL,1.0
GW621431X,1.0
CHEMBL:CHEMBL460508,1.0
EXATECAN MESYLATE,1.0
TENIVASTATIN,1.0
[3H]SNAP-7941,1.0
COMPOUND 3 [PMID: 32636746],1.0
2-(PHENOXYMETHYL)BENZOTHIAZOLE,1.0
GPX4 INHIBITOR C18,1.0
COMPOUND J [PMID: 21907142],1.0
PLIXORAFENIB,1.0
GASTRIN-RELEASING PEPTIDE,1.0
CUSTIRSEN,1.0
KAI-1455,1.0
COMPOUND 6 [PMID: 34553947],1.0
T-0509,1.0
ICA-105665,1.0
CYCRIMINE,1.0
CPFPX,1.0
COMPOUND 27 [WO2019226977A1],1.0
AB-NECA,1.0
ONO-1301,1.0
MK6-83,1.0
AMINOBENZOVESAMICOL,1.0
COMPOUND 13 [PMID: 19456099],1.0
LARGE NEUROTENSIN,1.0
[D-PHE6]BOMBESIN(6-13)METHYL ESTER,1.0
CHEMBL:CHEMBL600956,1.0
GW829115X,1.0
MASUPIRDINE,1.0
CHEMBL:CHEMBL461471,1.0
CARNITINE,1.0
PSB-0788,1.0
CHEMBL:CHEMBL77971,1.0
(R)-&ALPHA;-METHYLHISTAMINE,1.0
DAUNORUBICIN CITRATE,1.0
AS94,1.0
MK-0736,1.0
F16SIP 131I,1.0
ICM3,1.0
CHEMBL:CHEMBL1256325,1.0
RIBOPRINE,1.0
[125I]LH,1.0
2'3'-CGAMP,1.0
PROTOCATECHUIC ACID,1.0
MALEIC ACID,1.0
MRS1066,1.0
EPLONTERSEN,1.0
L-97-1,1.0
MRS7469,1.0
MB-07803,1.0
A1P,1.0
I-ABA,1.0
METABUTETHAMINE,1.0
PAMAQUINE,1.0
VUTRISIRAN,1.0
GSK-625137A,1.0
CHEMBL:CHEMBL408564,1.0
IMEGLIMIN,1.0
CHEMBL:CHEMBL1255756,1.0
AESCULIOSIDE IVA,1.0
CHEMBL:CHEMBL529984,1.0
GR 113808,1.0
CHEMBL:CHEMBL317364,1.0
CHEMBL:CHEMBL1173140,1.0
GW833373X,1.0
VU0010010,1.0
CHEMBL:CHEMBL455078,1.0
CHEMBL:CHEMBL546344,1.0
DIENOCHLOR,1.0
CHEMBL:CHEMBL516616,1.0
GALUTEOLIN,1.0
CHEMBL:CHEMBL597452,1.0
CHEMBL:CHEMBL547313,1.0
MOXISYLYTE,1.0
ROVATIRELIN,1.0
MILVEXIAN,1.0
DMP696,1.0
SAR247799,1.0
CHEMBL:CHEMBL476968,1.0
MS40,1.0
GW279320X,1.0
GW827396X,1.0
NTQ1062,1.0
H87/07,1.0
"[PHAA1,D-TYR2,VAL4,ARG6,ARG-NH29]AVP",1.0
UNDECANOIC ACID,1.0
COMPOUND 20 [PMID: 23692593],1.0
[125I]IODOVINYL-TBZ,1.0
SR101099,1.0
PIBOSEROD,1.0
YM 218,1.0
"4-HYDROXY-3,5-DIMETHYL-5-(2-METHYL-BUTA-1,3-DIENYL)-5H-THIOPHEN-2-ONE",1.0
COMPOUND 1K [PMID: 35912476],1.0
YM 471,1.0
ALGENPANTUCEL-L,1.0
PHYLLODULCIN,1.0
BENAZEPRILAT,1.0
PRUNETIN,1.0
CHEMBL:CHEMBL585651,1.0
TONANTZITLOLONE,1.0
CHEMBL:CHEMBL593726,1.0
CHEMBL:CHEMBL217425,1.0
AESCULIOSIDE IIIC,1.0
ACESULFAME,1.0
CHEMBL:CHEMBL597248,1.0
SU-11652,1.0
URANTIDE,1.0
CHEMBL:CHEMBL592566,1.0
CHEMBL:CHEMBL602552,1.0
CHEMBL:CHEMBL597857,1.0
PENICILLIOL A,1.0
TAMAPIN,1.0
LY-2606368,1.0
EP 157,1.0
MIBAMPATOR,1.0
BECAMPANEL,1.0
ETHYL NITRITE [SPIRIT],1.0
TAPROSTENE,1.0
NEBIVOLOL HYDROCHLORIDE,1.0
LEVALLORPHAN TARTRATE,1.0
"TOLBUTAMIDE SODIUM, STERILE",1.0
ZOMIRADOMIDE,1.0
CHEMBL:CHEMBL546576,1.0
CHEMBL:CHEMBL1983317,1.0
PIRENPERONE,1.0
KU-0063794,1.0
CHEMBL:CHEMBL1728638,1.0
CHEMBL:CHEMBL1337960,1.0
BENOXATHIAN HYDROCHLORIDE,1.0
NEUROPEPTIDE-Y,1.0
CH7057288,1.0
HG-10-102-01,1.0
PF-04937319,1.0
MIPOMERSEN,1.0
EFMOROCTOCOG ALFA,1.0
CHEMBL:CHEMBL484640,1.0
CAY10441,1.0
&BETA;-CYANO-L-ALANINE,1.0
METYRAPONE,1.0
CHEMBL:CHEMBL2059067,1.0
CZ415,1.0
CHEMBL:CHEMBL1800368,1.0
CHEMBL:CHEMBL583578,1.0
CHEMBL:CHEMBL249190,1.0
"2,3-DIHYDROXY-6,7-DICHLOROQUINOXALINE",1.0
KASANOSIN B,1.0
AMBROXOL,1.0
SU-14813,1.0
DIMETHYL SUCCINATE,1.0
FADOLMIDINE HYDROCHLORIDE,1.0
PBF-999,1.0
LEQ506,1.0
CCP,1.0
DEMETHYLZEYLASTERONE,1.0
MARGATOXIN,1.0
BENZTROPINE MESYLATE,1.0
CDK9 INHIBITOR PRT2527,1.0
CHEMBL:CHEMBL598695,1.0
CHEMBL:CHEMBL485756,1.0
HR1405-01,1.0
HTMT,1.0
VUF14862,1.0
LYS-COA,1.0
ENBEZOTINIB,1.0
PHENYLSTIBONIC ACID,1.0
BI605906,1.0
CHEMBL:CHEMBL590695,1.0
CHEMBL:CHEMBL2094652,1.0
AR291903,1.0
GLYMIDINE,1.0
CHEMBL:CHEMBL462430,1.0
CHEMBL:CHEMBL456414,1.0
AZORUBINE,1.0
COMPOUND 29B [PMID: 20809633],1.0
COMPOUND 16A [PMID: 14697765],1.0
GRN-529,1.0
CHEMBL:CHEMBL156263,1.0
90Y-CT84.66,1.0
METHAPYRILENE FUMARATE,1.0
IC14,1.0
[3H]PENTAZOCINE,1.0
CHEMBL:CHEMBL586163,1.0
CHEMBL:CHEMBL592611,1.0
CHEMBL:CHEMBL400912,1.0
CHEMBL:CHEMBL584841,1.0
CHEMBL:CHEMBL175296,1.0
CHEMBL:CHEMBL572637,1.0
TURBINATINE,1.0
EDROPHONIUM CHLORIDE,1.0
CHEMBL:CHEMBL221733,1.0
GSK-300014A,1.0
CHEMBL:CHEMBL600662,1.0
(S)-CHLOROSUCCINIC ACID,1.0
COMPOUND 4-3 [PMID: 34027661],1.0
COMPOUND 30 [PMID: 21757343],1.0
GNF4877,1.0
LOFEPRAMINE,1.0
CHEMBL:CHEMBL389390,1.0
BUFALIN,1.0
2-PICOLINIC ACID,1.0
NDD-713,1.0
DUBORIMYCIN,1.0
DEXETIMIDE,1.0
TL6,1.0
H-151,1.0
MODIFIED VACCINIA ANKARA-BAVARIAN NORDIC,1.0
MB07811,1.0
ALOSETRON,1.0
OBINEPITIDE,1.0
CZS-241,1.0
STX107,1.0
NEUROPEPTIDE FF,1.0
LJ-4517,1.0
[3H]LEU-N/OFQ,1.0
METOCURINE,1.0
&ALPHA;-CONOTOXIN TXIA,1.0
GW795486X,1.0
OCINAPLON,1.0
AZ13102909,1.0
GAL-B2-MPEG4,1.0
TERODILINE,1.0
AZILSARTAN KAMEDOXOMIL,1.0
OMALIZUMAB,1.0
DIPHENHYDRAMINE CITRATE,1.0
[3H]S0139,1.0
ALMITRINE,1.0
BMS-394136,1.0
BRL35135,1.0
TIAGABINE HYDROCHLORIDE,1.0
UNC0638,1.0
MACITENTAN,1.0
PRUCALOPRIDE,1.0
FALNIDAMOL,1.0
K-8794,1.0
"[ALA1,3,11,15]ET-1",1.0
CHEMBL:CHEMBL261129,1.0
GNE-4997,1.0
F19 131I,1.0
METHYLFURMETHIDE,1.0
DUTPASE/DPD INHIBITOR TAS-114,1.0
EDGEWORIN,1.0
HYDROXYTYROSOL,1.0
CHEMBL:CHEMBL583555,1.0
ADENOSINE A2B RECEPTOR ANTAGONIST PBF-1129,1.0
LSN3318839,1.0
ZAGOTENEMAB,1.0
MAB92,1.0
OLEUROPEIN,1.0
GATIFLOXACIN ANHYDROUS,1.0
"CHOLESTAN-3BETA,5ALPHA,6BETA-TRIOL",1.0
CHEMBL:CHEMBL1443422,1.0
MONOCLONAL ANTIBODY 11D10,1.0
PROPYLENE GLYCOL,1.0
IBUTAMOREN MESYLATE,1.0
GIV3727,1.0
CITRONELLAL,1.0
PF-03446879,1.0
HARMALOL HYDROCHLORIDE,1.0
"3,4-DIMETHOXYDALBERGIONE",1.0
GSK-1000163A,1.0
"COMPOUND 2 [MAURER ET AL., 2012]",1.0
ENCEQUIDAR,1.0
ETHACRIDINE LACTATE,1.0
AZD-9164,1.0
DAXDILIMAB,1.0
HYODEOXYCHOLIC_ACID,1.0
NETAZEPIDE,1.0
LY545694,1.0
CAMICINAL,1.0
ACEPROMAZINE,1.0
CHEMBL:CHEMBL479463,1.0
CHEMBL:CHEMBL1682200,1.0
DAPIPRAZOLE HYDROCHLORIDE,1.0
ZQ-16,1.0
GW780159X,1.0
COMPOUND 7 [PMID: 31381331],1.0
ARN726,1.0
CHEMBL:CHEMBL505807,1.0
CARDIOPROTECTIVE AGENT,1.0
ST 638,1.0
LORECLEZOLE,1.0
ITASETRON,1.0
OXYCODONE TEREPHTHALATE,1.0
DIVALPROEX SODIUM,1.0
FENOBAM ANHYDROUS,1.0
COMPOUND 8 [PMID: 24044867],1.0
GAL-B2-C12,1.0
DESOXYCORDIFOLINE,1.0
M242,1.0
COMPOUND 8 [PMID: 15482908],1.0
FLETIKUMAB,1.0
MAHANIMBINE,1.0
CHEMBL:CHEMBL546168,1.0
HUMAN GIP(5-30)NH2,1.0
ISO-FLUDELONE,1.0
852A,1.0
"L-163,101",1.0
ONX-0914,1.0
AMISELIMOD PHOSPHATE,1.0
SH045,1.0
ML 10375,1.0
DSP-2230,1.0
AUPHEN,1.0
PHOSPHATIDYLSERINE,1.0
IDRABIOTAPARINUX SODIUM,1.0
CHEMBL:CHEMBL409225,1.0
CARBINOXAMINE,1.0
2-OLEOYL GLYCEROL,1.0
SZM679,1.0
DAX,1.0
[3H]ZM 241385,1.0
MRS1084,1.0
"UK-432,097",1.0
BOP,1.0
CHEMBL:CHEMBL580324,1.0
ATC0065,1.0
BELACTOSIN A,1.0
CEFUROXIME AXETIL,1.0
DEHYDROVARIABILIN,1.0
PIRSIDOMINE,1.0
L-(CIS)-DILTIAZEM,1.0
PHENYLPROPANOLAMINE,1.0
GONADORELIN,1.0
LEVALLORPHAN,1.0
TBC-3711,1.0
FLANVOTUMAB,1.0
AZD1332,1.0
GOSURANEMAB,1.0
DERENOFYLLINE,1.0
SARALASIN,1.0
SUMANIROLE,1.0
NEUROTROPHIN-3,1.0
ETILEFRINE,1.0
IRALUKAST,1.0
ACT-660602,1.0
CXCL12&DELTA;,1.0
BQ788,1.0
[125I]ET-2 (HUMAN),1.0
MOLIDUSTAT,1.0
IRON CARBONYL,1.0
PEGAMOTECAN,1.0
TENAPANOR HYDROCHLORIDE,1.0
CHEMBL:CHEMBL1952259,1.0
GSK429286A,1.0
RICININE,1.0
COMPOUND 21B [PMID: 12723954],1.0
GEMCITABINE TRIPHOSPHATE,1.0
TERUTROBAN,1.0
GALANIN(10-29) (PIG),1.0
"7&BETA;, 27-DIHYDROXYCHOLESTEROL",1.0
SAR7334,1.0
KB-R7943,1.0
HC-070,1.0
GSK417651A,1.0
KW-3635,1.0
[125I]BOP,1.0
OSOCIMAB,1.0
HELIPARVIFOLINE,1.0
CHEMBL:CHEMBL602413,1.0
METHYLERGONOVINE MALEATE,1.0
COMPOUND 30 [PMID: 23414845],1.0
&ALPHA;-CGRP,1.0
"D(CH2)5[D-ILE2,ILE4,ALA-NH2]AVP",1.0
GAL-R2-DPEG24,1.0
YNT-185,1.0
ACT-335827,1.0
COMPOUND 2 [PMID: 19097784],1.0
PLOGOSERTIB,1.0
AMYLMETACRESOL,1.0
VOACANGINE,1.0
CHEMBL:CHEMBL1523974,1.0
CHEMBL:CHEMBL524930,1.0
DEXFOSFOSERINE,1.0
JNJ-10191584,1.0
GUANYLIN,1.0
"[125I][DES-GLY10,D-ALA6]GNRH N-ETHYLAMIDE",1.0
GSK-3BETA INHIBITOR II,1.0
RETOSIBAN,1.0
ABSINTHIN,1.0
COMPOUND 41 [PMID: 35436124],1.0
BMS-986123,1.0
LUVADAXISTAT,1.0
CONCIZUMAB,1.0
CINOBUFAGIN,1.0
PROCYANIDIN C2,1.0
ND-2158,1.0
GLPG1205,1.0
TCS 1102,1.0
CCL20,1.0
DEXLOXIGLUMIDE,1.0
AM1241,1.0
TM38837,1.0
DNAL-CYC(CYS-TYR-DTRP-ORN-VAL)-NAL-NH2,1.0
NCRW0005-F05,1.0
COMPOUND 1 [PMID: 21273063],1.0
DD-03-171,1.0
JNJ-63533054,1.0
SPHINGOSYLPHOSPHORYLCHOLINE,1.0
COMPOUND 23 [PMID: 21444206],1.0
FAMOXADONE,1.0
MK-0893,1.0
CHEMBL:CHEMBL1094675,1.0
METHOXYVERAPAMIL HYDROCHLORIDE,1.0
CHEMBL:CHEMBL600103,1.0
MT-8,1.0
E-52862,1.0
TUROCTOCOG ALFA,1.0
CHEMBL:CHEMBL136344,1.0
PIRAGLIATIN,1.0
PIPERTRAMINE AMIDE,1.0
ASN04421891,1.0
"7&BETA;, 25-DIHYDROXYCHOLESTEROL",1.0
PEGUNIGALSIDASE ALFA,1.0
ELOSULFASE ALFA,1.0
FLURPIRIDAZ F-18,1.0
CHEMBL:CHEMBL18380,1.0
CHEMBL:CHEMBL259103,1.0
HYDROCODONE BITARTRATE,1.0
PHENYLPROPANOLAMINE HYDROCHLORIDE,1.0
INSULIN-LIKE GROWTH FACTOR 2,1.0
FIRIBASTAT,1.0
HUMAN C1-ESTERASE INHIBITOR,1.0
ETHYLISOTHIOUREA,1.0
COMPOUND 66 [PMID: 36126387],1.0
CHEMBL:CHEMBL2204435,1.0
CHEMBL:CHEMBL597244,1.0
PITOLISANT,1.0
NUSINERSEN,1.0
PINACIDIL,1.0
PF-06426779,1.0
PRASUGREL HYDROCHLORIDE,1.0
LYSOPHOSPHATIDYLETHANOLAMINE,1.0
VUF 8430,1.0
BAYU9773,1.0
"COMPOUND 51 [MALLINGER ET AL., 2016]",1.0
FIBOFLAPON,1.0
CHEMBL:CHEMBL602363,1.0
CHEMBL:CHEMBL351569,1.0
SALICYLURIC ACID,1.0
SAG,1.0
CHEMBL:CHEMBL588028,1.0
BUPRENORPHINE/NALOXONE,1.0
DULAGLUTIDE,1.0
SODIUM ASCORBATE,1.0
COMPOUND 42 [PMID: 26938474],1.0
[3H](-)CGP 12177,1.0
COMPOUND 15 [PMID: 25699151],1.0
"PHENYLACETYL-ALA,DTRP-PHENTHYLAMIDE",1.0
PD 168368,1.0
KV-37,1.0
TEGASEROD,1.0
TRV026,1.0
ANTIEMETIC AGENT,1.0
CHEMBL:CHEMBL189724,1.0
DAZOXIBEN,1.0
LACUTAMAB,1.0
GSK-180736A,1.0
CDC2-LIKE KINASE INHIBITOR,1.0
AS99,1.0
Z-VEID-FMK,1.0
INCB-38579,1.0
XD14,1.0
PERFLUNAFENE,1.0
CHEMBL:CHEMBL585444,1.0
ELAGOLIX,1.0
ECHOTHIOPHATE IODIDE,1.0
ANTI-GPC3-CAR AUTOLOGOUS T LYMPHOCYTES,1.0
HEPALATIDE,1.0
ML162,1.0
VU0360172,1.0
LSN2814617,1.0
CHEMBL:CHEMBL475908,1.0
[125I]GLP-1-(7-36)-AMIDE,1.0
HUMAN GIP(1-30)NH2,1.0
GSK-2018682,1.0
CHEMBL:CHEMBL582276,1.0
FACT COMPLEX-TARGETING CURAXIN CBL0137,1.0
MOBOCERTINIB,1.0
ELINOGREL,1.0
ELAPEGADEMASE-LVLR,1.0
FLTCHAAR,1.0
LY2090314,1.0
COMPOUND 25 [PMID: 32105470],1.0
SB 207710,1.0
PBI-4547,1.0
ACOTIAMIDE,1.0
TASIDOTIN,1.0
GLPG-0974,1.0
DUVOGLUSTAT HYDROCHLORIDE,1.0
GNRH III,1.0
IKK-2 INHIBITOR IV,1.0
VUF14738,1.0
A-304121,1.0
HU3S193,1.0
LISINOPRIL-TRYPTOPHAN,1.0
SERDEXMETHYLPHENIDATE CHLORIDE,1.0
APILIMOD MESYLATE,1.0
TALSACLIDINE,1.0
BIRICODAR,1.0
ELINZANETANT,1.0
VELIFLAPON,1.0
"[AC-D-2NAL1,D4CPA2,D-3PAL3,6,LEU8, D-ALA10]GNRH-II",1.0
PD 161182,1.0
&ALPHA;-FLUOROMETHYLENEPHOSPHONATE,1.0
OMPT,1.0
CHEMBL:CHEMBL1256754,1.0
PBT-1033,1.0
CL-329167,1.0
ROSOXACIN,1.0
PF-05180999,1.0
DATP&ALPHA;S,1.0
MRS2365,1.0
ICANBELIMOD,1.0
AMISELIMOD HYDROCHLORIDE,1.0
DPDPE,1.0
ISOTHIOUREA-1T,1.0
HC-056456,1.0
GFB-8438,1.0
DISOPYRAMIDE PHOSPHATE,1.0
ETHOTOIN,1.0
CANGRELOR TETRASODIUM,1.0
ANTI-VEGF MONOCLONAL ANTIBODY,1.0
LEXACALCITOL,1.0
TUMOUR NECROSIS FACTOR SHED FORM,1.0
SULBENTINE,1.0
INSL3 B-CHAIN ANALOGUE,1.0
AESCULIOSIDE IVC,1.0
ENIBARCIMAB,1.0
NANGIBOTIDE,1.0
ZAMICASTAT,1.0
CHLORPHENOXAMINE,1.0
KASANOSIN A,1.0
ZIMELDINE,1.0
CHEMBL:CHEMBL317869,1.0
"4-AMINO-[1,2]NAPHTHOQUINONE",1.0
IMBUTAMINE,1.0
MERIGOLIX,1.0
DARIGABAT,1.0
DENDROAMIDE A,1.0
BENZOXAZOLINONE,1.0
CHEMBL:CHEMBL2094532,1.0
AC-VEID-CHO,1.0
GALANIN(5-29) (RAT/MOUSE),1.0
BAY-6672,1.0
F2L-[125I]TYR,1.0
UPAR FRAGMENT,1.0
SCK&BETA;8-1,1.0
COMPOUND 7R [PMID: 26080733],1.0
AZ14117230,1.0
CARBONIC ANHYDRASE INHIBITOR,1.0
DASOLAMPANEL,1.0
ALDOXORUBICIN,1.0
DESULFATED GASTRIN-17,1.0
5PAM523,1.0
TETRA-IODOPHENOLPHTHALEIN,1.0
TEI-9063,1.0
MILREBRUTINIB,1.0
CHEMBL:CHEMBL576809,1.0
PHENACETIN,1.0
CHEMBL:CHEMBL1477383,1.0
FLUOROQUINOLONE,1.0
CHEMBL:CHEMBL387152,1.0
A(C10/15S)INSL3,1.0
GLXC-26326,1.0
CHEMBL:CHEMBL582496,1.0
CGS 24012,1.0
"[PHE8,&PSI;(CH2-NH)ARG9]BK",1.0
POM2-C-HMBP,1.0
COMPOUND 17 [PMID: 24257095],1.0
JMV1116,1.0
DBET6,1.0
PERVILLEINE C,1.0
AZETIRELIN,1.0
ECTODYSPLASIN A2,1.0
BISANHYDRORUTILANTINONE,1.0
CHEMBL:CHEMBL199592,1.0
PRALIDOXIME CATION,1.0
BROMHEXINE HYDROCHLORIDE,1.0
THEONELLASTEROL H,1.0
GW631581B,1.0
CHEMBL:CHEMBL584655,1.0
CHEMBL:CHEMBL261440,1.0
CHEMBL:CHEMBL602970,1.0
CHEMBL:CHEMBL601743,1.0
ALOSETRON HYDROCHLORIDE,1.0
INDECAINIDE HYDROCHLORIDE,1.0
N-METHYL LTC4,1.0
CHEMBL:CHEMBL2094484,1.0
PROPARACAINE,1.0
CHEMBL:CHEMBL339587,1.0
FK-788,1.0
RO3244794,1.0
IRAK4 INHIBITOR 4B [PMID: 18474425],1.0
PQ401,1.0
PUTRESCINE,1.0
GLIPIZIDE,1.0
CHEMBL:CHEMBL491550,1.0
GSK4716,1.0
COMPOUND 11 [PMID: 35653642],1.0
"CYCLOLINOPEPTIDE 1-MSO,3-MET-CL6",1.0
STEVIOSIDE,1.0
MALVIDIN-3-GLUCOSIDE,1.0
RIPA-56,1.0
THRX160209,1.0
[3H]M-MPEP,1.0
SALICIN,1.0
COMPOUND 53 [PMID: 23434029],1.0
AZ13483342,1.0
TRIMETHOBENZAMIDE,1.0
CHEMBL:CHEMBL1726814,1.0
HISPIDULIN,1.0
GG-2P20,1.0
GALCANEZUMAB,1.0
ANILERIDINE PHOSPHATE,1.0
ARAMCHOL,1.0
COMPOUND 1O [PMID: 24210504],1.0
AUTOLOGOUS PSMA-4SCAR-EXPRESSING T-CELLS 4SCAR-PSMA,1.0
CHEMBL:CHEMBL265439,1.0
PFI-4,1.0
ELINAFIDE,1.0
CHEMBL:CHEMBL310934,1.0
BOS-589,1.0
APV207010A,1.0
BOSENTAN ANHYDROUS,1.0
1-METHYLCYCLOPROPANECARBOXYLIC ACID,1.0
VUF5574,1.0
GUANETHIDINE,1.0
4-NITROPHENYL-&BETA;-D-MANNOPYRANOSIDE,1.0
MANUMYCIN A,1.0
SG-005,1.0
PROPARACAINE HYDROCHLORIDE,1.0
PROPOXYCAINE HYDROCHLORIDE,1.0
ETIDOCAINE HYDROCHLORIDE,1.0
RXP-407,1.0
MELARSOPROL,1.0
GP100:209-217(210M) PEPTIDE VACCINE,1.0
ANTI-GLYPICAN 3/CD3 BISPECIFIC ANTIBODY ERY974,1.0
BENZYLSERINE,1.0
AMPHETAMINE ADIPATE,1.0
LYPRESSIN,1.0
ACETOHEXAMIDE,1.0
LY-2624803,1.0
EG5 KINESIN-RELATED MOTOR PROTEIN INHIBITOR ARQ 621,1.0
IL-34,1.0
L-740093,1.0
CARCINOEMBRYONIC ANTIGEN PEPTIDE 1-6D VIRUS-LIKE REPLICON PARTICLES VACCINE,1.0
YM-75440,1.0
COMPOUND 21B [PMID: 31944697],1.0
SPRI3,1.0
TODRALAZINE,1.0
YTK-2205,1.0
IRINOTECAN SUCROSOFATE,1.0
FORODESINE HYDROCHLORIDE,1.0
COMPOUND 3 [PMID: 26055709],1.0
YTTRIUM Y 90 CLIVATUZUMAB TETRAXETAN,1.0
ANGIOTENSIN II ACETATE,1.0
DIMETHINDENE,1.0
MAVOGLURANT,1.0
CANNABINOL,1.0
FERRUGINENE C,1.0
LL-37,1.0
GERANYL BIPHOSPHONATE,1.0
4-HYDROXYNONENAL,1.0
O-METHYLCALOTHRIXIN A,1.0
SKF89976A,1.0
3-ACETYLCOUMARIN,1.0
LUNACALCIPOL,1.0
PESAMPATOR,1.0
D-3263,1.0
OCTOCOG ALFA,1.0
"COMPOUND 1 [LOLLI ET AL., 2019]",1.0
BAVISANT,1.0
ASM-024,1.0
PBF-680,1.0
MK3207,1.0
AZD1981,1.0
NAXIFYLLINE,1.0
OMECAMTIV MECARBIL,1.0
APTIGANEL,1.0
EPOXYCYTOCHALASIN H,1.0
ALRESTATIN,1.0
REGADENOSON ANHYDROUS,1.0
OCTOTROPINE METHYLBROMIDE,1.0
ACEBUTOLOL,1.0
NODAKENIN,1.0
IRDABISANT,1.0
IGOVOMAB,1.0
CHORIOGONADOTROPIN ALFA,1.0
DESFLURANE,1.0
NALIDIXIC ACID,1.0
ORPHENADRINE,1.0
RET INHIBITOR APS03118,1.0
"[125I]D(CH2)5[D-TYR(ET)2,ILE4,TYR-NH29]AVP",1.0
SULFAMETHAZINE,1.0
LISDEXAMFETAMINE DIMESYLATE,1.0
LUT014,1.0
BRETYLIUM TOSYLATE,1.0
METOPROLOL FUMARATE,1.0
PF-04531083,1.0
TEZOSENTAN,1.0
BI113823,1.0
SENREBOTASE,1.0
GW827102X,1.0
CHEMBL:CHEMBL1256783,1.0
CG250 177LU,1.0
CHEMBL:CHEMBL316589,1.0
ALOE VERA GEL,1.0
"2'H,4H-[2,8'-BICHROMEN]-4-ONE",1.0
CHEMBL:CHEMBL462314,1.0
CLONAZEPAM,1.0
PROPIONIBACTERIUM ACNES,1.0
PRIDINOL METHANESULFONATE,1.0
AESCULIOSIDE IIIB,1.0
"2'H,4H-[2,5'-BICHROMEN]-4-ONE",1.0
SAPONARIN,1.0
AZELAIC ACID,1.0
FORMONONETIN,1.0
CHEMBL:CHEMBL487356,1.0
XANTHYLETIN,1.0
GW876790X,1.0
AR234958,1.0
NOBILAMIDE B,1.0
DCMU,1.0
CHEMBL:CHEMBL578329,1.0
CYSTAMINE HYDROCHLORIDE,1.0
METHYLMERCAPTOPURINE RIBOSIDE,1.0
"D(CH2)5[D-ILE2,ILE4,TYR-NH29]AVP",1.0
BMS-189532,1.0
GS-9667,1.0
NS 2028,1.0
[125I]CT (SALMON),1.0
BETA-GENTIOBIOSE,1.0
COMPOUND 4G [PMID: 30893553],1.0
DIPHENIDOL,1.0
GW642125X,1.0
BAG-1,1.0
(RS)-PPCC,1.0
VAPITADINE DIHYDROCHLORIDE,1.0
4'-METHOXY-AURONE,1.0
COMPOUND 57 [PMID: 26155854],1.0
XEN403,1.0
GSK8814,1.0
HINSL5: A8-21 (T9R),1.0
CHEMBL:CHEMBL588250,1.0
ISOGINKGETIN,1.0
GW542573X,1.0
COMPOUND 2 [PMID: 21939274],1.0
CHEMBL:CHEMBL1481453,1.0
MALIC ACID,1.0
SBP-3264,1.0
CLOCINNAMOX,1.0
ECOPIPAM,1.0
ZURANOLONE,1.0
CLEVUDINE,1.0
OPIGOLIX,1.0
7-HYDROXYCHLORPROMAZINE,1.0
ANTAZOLINE,1.0
FINGOLIMOD,1.0
MEPERIDINE HYDROCHLORIDE,1.0
LEVORPHANOL,1.0
TROSPIUM,1.0
RACEMENTHOL,1.0
TALBUTAL,1.0
CI-988,1.0
TASIDOTIN HYDROCHLORIDE,1.0
FOSPROPOFOL,1.0
CHEMBL:CHEMBL1367935,1.0
NYLIDRIN HYDROCHLORIDE,1.0
MK-8719,1.0
RO3,1.0
[3H]EMPA,1.0
(R)-YNT-3708,1.0
AC263093,1.0
EZOGABINE,1.0
CHEMBL:CHEMBL2152070,1.0
[125I]CCL8 (HUMAN),1.0
USMARAPRIDE,1.0
SB 612111,1.0
CXCL12&BETA;,1.0
KGP94,1.0
CHEMBL:CHEMBL490829,1.0
LOMATIN,1.0
PSB1115,1.0
LASMIDITAN,1.0
[3H]LY334370,1.0
CHEMBL:CHEMBL1290139,1.0
CHEMBL:CHEMBL1406948,1.0
S-TRITYL-L-CYSTEINE,1.0
GW678313X,1.0
PICEID,1.0
DASIGLUCAGON,1.0
IMARADENANT,1.0
RO-70-0004,1.0
PRENALTEROL,1.0
LEVOBUNOLOL,1.0
COMPOUND 8A [PMID: 24900283],1.0
"[LEU14, &PSI; 13-14)]BOMBESIN",1.0
MRS1476,1.0
"10,10-DIFLUORO TXA2",1.0
COMPOUND 1 [WO2012007375],1.0
CV-1808,1.0
BUTYL 2-AMINOBENZOATE,1.0
ET BROMODOMAIN INHIBITOR,1.0
FLUFENAMATE,1.0
BARBITURATE,1.0
AMOSULALOL,1.0
SANDARACOPIMARIC ACID,1.0
CHEMBL:CHEMBL548338,1.0
CHEMBL:CHEMBL548619,1.0
(S)-MIDODRINE,1.0
CHEMBL:CHEMBL406834,1.0
EMTRICITABINE,1.0
ROSMARINIC ACID,1.0
CHEMBL:CHEMBL582286,1.0
BALOXAVIR MARBOXIL,1.0
COMPOUND 2 [PMID: 11934595],1.0
EXAMPLE 20 [WO2010128058],1.0
MRS1097,1.0
MRS1186,1.0
CHEMBL:CHEMBL585462,1.0
CHEMBL:CHEMBL2036072,1.0
PYROXAMINE MALEATE,1.0
COMPOUND 32,1.0
OLUMACOSTAT GLASARETIL,1.0
UMECLIDINIUM BROMIDE/VILANTEROL,1.0
EPETRABOROLE,1.0
CHEMBL:CHEMBL1256726,1.0
MAKALUVAMINE F,1.0
CHEMBL:CHEMBL1422873,1.0
CASTANIN,1.0
CARBAZOLE,1.0
DICLAZURIL,1.0
CHEMBL:CHEMBL103080,1.0
TRIMETAZIDINE,1.0
GIROCTOCOGENE FITELPARVOVEC,1.0
ATOROLIMUMAB,1.0
U101958,1.0
CHEMBL:CHEMBL1608067,1.0
CHEMBL:CHEMBL607308,1.0
CHEMBL:CHEMBL582666,1.0
CHEMBL:CHEMBL533965,1.0
SDZ 205557,1.0
PRX-07034,1.0
CHEMBL:CHEMBL2171812,1.0
ENFLURANE,1.0
ZALEPLON,1.0
CHEMBL:CHEMBL1740701,1.0
MACLURAXANTHONE,1.0
CHEMBL:CHEMBL533921,1.0
BENZAMIL HYDROCHLORIDE,1.0
STAUROSPORINE AGLYCON,1.0
[35S]NON-PEPTIDE OT ANTAGONIST,1.0
LY-2300559,1.0
COMPOUND 8C [PMID: 28760529],1.0
SENNOSIDE A,1.0
HERNIARIN,1.0
RETUSIN,1.0
CHEMBL:CHEMBL587728,1.0
ANTIMALARIAL AGENT,1.0
BENZTHIAZIDE,1.0
SELENOMETHIONINE,1.0
ANABOLIC STEROID,1.0
CHEMBL:CHEMBL95207,1.0
SUPROFEN METHYL ESTER,1.0
CHEMBL:CHEMBL2181040,1.0
"(20S,21S)-7-CYCLOHEXYLFLUOROCAMPTOTHECIN",1.0
CHEMBL:CHEMBL587801,1.0
ARUNCIN B,1.0
CHEMBL:CHEMBL599469,1.0
CHEMBL:CHEMBL579420,1.0
BYAKANGELICIN,1.0
CHEMBL:CHEMBL1084941,1.0
CHEMBL:CHEMBL586026,1.0
CHEMBL:CHEMBL2332127,1.0
CHEMBL:CHEMBL498513,1.0
SB 235375,1.0
[125I][MEPHE7]NKB,1.0
MRS2279,1.0
L-372662,1.0
ETIFOXINE,1.0
MS432,1.0
OXYBUTYNIN,1.0
SILAHEXOCYCLIUM,1.0
JMV457,1.0
[ARG14LYS15]N/OFQ,1.0
CHEMBL:CHEMBL1410004,1.0
PRECLAMOL,1.0
CHEMBL:CHEMBL478510,1.0
ALUMINUM,1.0
BENZYL BENZOATE,1.0
DOXORUBICIN-ELUTING BEADS,1.0
RHO-TIA,1.0
COMPOUND 2 [PMID: 22380603],1.0
WS-898,1.0
SB656104,1.0
OLEOYL-ESTRONE,1.0
DUAL BRD4/PLK1 INHIBITOR 23,1.0
"COMPOUND 15 [HAY ET AL., 2013]",1.0
ME BROMODOMAIN INHIBITOR,1.0
PF-9363,1.0
XE991,1.0
CXCR4 ANTAGONIST 22,1.0
CXCL13,1.0
FK-881,1.0
LEI105,1.0
DOTHIEPIN,1.0
BMS-986235,1.0
CAPROMAB PENDETIDE,1.0
COMPOUND 34F [PMID: 37535845],1.0
NCG21,1.0
GRIFOLIC ACID,1.0
AC-PHE-TRP-ALA-HIS(&TAU;BZL)-NIP-GLY-ARG-NH2,1.0
AMG7703,1.0
INT-767,1.0
G15,1.0
GNRH II,1.0
NNC0640,1.0
[3H]ILOPROST,1.0
GALEGENIMAB,1.0
JAK3 INHIBITOR VI,1.0
[125I](3-IODO-TYR13)-MCH,1.0
CHEMBL:CHEMBL494669,1.0
CHEMBL:CHEMBL565711,1.0
GW832467X,1.0
MEBEVERINE,1.0
25-HYDROXYCHOLESTEROL,1.0
FLIZASERTIB,1.0
SPM-354,1.0
RADIOSUMIN B,1.0
PD 102807,1.0
[3H]CTOP,1.0
EWB-3-14,1.0
[125I]NEUROMEDIN U-8 (PIG),1.0
P-AMINOHIPPURATE,1.0
CHEMBL:CHEMBL580140,1.0
CHEMBL:CHEMBL586870,1.0
ALIROCUMAB,1.0
ARI-3531,1.0
GW627512B,1.0
CHEMBL:CHEMBL1990783,1.0
CHEMBL:CHEMBL602312,1.0
GW284372X,1.0
VITAMIN A PALMITATE,1.0
REVERSE TRANSCRIPTASE INHIBITOR,1.0
MPI-0485520,1.0
SQ-109,1.0
PALMITATE,1.0
"[HYP3,TYR(ME)8]BK",1.0
NMU (104-114),1.0
ML-18,1.0
[LEU14]BOMBESIN,1.0
MRS1177,1.0
BI-D1870,1.0
HJC 0350,1.0
RP-52770,1.0
PHYSOSTIGMINE SALICYLATE,1.0
COMPOUND 3 [PMID: 14640538],1.0
RPR121154,1.0
RIBOSOMAL PROTEIN S19,1.0
1R-11,1.0
DIHYDROSPHINGOSINE 1-PHOSPHATE,1.0
SB-747651A,1.0
"COMPOUND 7B [HAFTCHENARY ET AL., 2013]",1.0
RO20-1724,1.0
LEO 239652,1.0
COMPOUND 24 [PMID: 36723914],1.0
L779450,1.0
QRFP26 (26RFA),1.0
LISTERIA MONOCYTOGENES-LLO-PSA VACCINE ADXS31-142,1.0
AG-270,1.0
TGAAG-76,1.0
ELAPEGADEMASE,1.0
RM65,1.0
S-NITROSOGLUTATHIONE,1.0
SGI-1776,1.0
AMSILAROTENE,1.0
LIRAGLUTIDE,1.0
BUNAMIDINE,1.0
CHEMBL:CHEMBL2347759,1.0
GW695874X,1.0
[3H]P-MPPF,1.0
AUTOLOGOUS MESOTHELIN-SPECIFIC CAR-T CELLS,1.0
PADNARSERTIB,1.0
ARP100,1.0
NEXOPAMIL,1.0
DIGALLIC ACID,1.0
GSK-312948A,1.0
CHEMBL:CHEMBL466398,1.0
CHEMBL:CHEMBL1823787,1.0
CUMINGIANOSIDE A,1.0
CHEMBL:CHEMBL531709,1.0
3-PHENYL-CPP,1.0
CHARTREUSIN,1.0
CHEMBL:CHEMBL584520,1.0
CHEMBL:CHEMBL2028063,1.0
PYRROLIDINE MCHR1 ANTAGONIST 1,1.0
COMPOUND 17 [PMID: 23642479],1.0
TERAZOSIN HYDROCHLORIDE,1.0
AS95,1.0
(R)-UH 301,1.0
(-)-&ALPHA;-THUJONE,1.0
TEPP-46,1.0
CV-6209,1.0
GDC-0339,1.0
VX-148,1.0
LV-2172,1.0
DIBUCAINE,1.0
L690330,1.0
CHEMBL:CHEMBL562352,1.0
13-DEOXYDOXORUBICIN,1.0
LY367385,1.0
BRE-3 90Y,1.0
PITAVASTATIN MAGNESIUM,1.0
LANOTEPLASE,1.0
2MD,1.0
COMPOUND 24 [PMID: 23374867],1.0
CHEMBL:CHEMBL91609,1.0
[125I]TYR11-SRIF-14,1.0
CHEMBL:CHEMBL347610,1.0
2-O-METHYL-PAF C-18,1.0
GSK 172981,1.0
CX-5279,1.0
ROGINOLISIB,1.0
LONAFARNIB,1.0
BETAHISTINE,1.0
"L-367,938",1.0
COMPOUND 18 [PMID: 15664838],1.0
CONTULAKIN-G,1.0
VASOPRESSIN TANNATE,1.0
COMPOUND (R)-10H [PMID: 22490048],1.0
RENCOFILSTAT,1.0
DMAMCL,1.0
J-104123,1.0
POBILUKAST,1.0
K777,1.0
EU-DTPA-HC3A,1.0
W54011,1.0
N-METHYL-PHE-LYS-PRO-D-CHA-TRP-D-ARG-CO2H,1.0
ALBUTENSIN A,1.0
FR167344,1.0
PFI-1,1.0
PF-07202954,1.0
GALANIN-LIKE PEPTIDE,1.0
CANF4-23,1.0
CHEMBL:CHEMBL598369,1.0
CHEMBL:CHEMBL541754,1.0
MAREIN,1.0
VERNAKALANT HYDROCHLORIDE,1.0
ANGIOTENSIN II,1.0
SNX0723,1.0
COMPOUND 4B [PMID: 19683441],1.0
COMPOUND 17 [PMID: 17125263],1.0
GRI977143,1.0
PF-06447475,1.0
LCK INHIBITOR,1.0
[125I]SPEXIN-1,1.0
XYT528B,1.0
AS1949490,1.0
COMPOUND 15 [PMID: 25313322],1.0
CARBETOCIN,1.0
FR181157,1.0
GS-458967,1.0
COMPOUND 3A [PMID: 21444206],1.0
BMS-823778,1.0
JNJ-39758979,1.0
SM 21,1.0
BENZAMIDE,1.0
"L-371,257",1.0
CYCLOPENTOLATE HYDROCHLORIDE,1.0
S36057,1.0
STAT3 INHIBITOR 8Q,1.0
DUTEPLASE,1.0
GOMILIXIMAB,1.0
AMINOETHOXYVINYLGLYCINE,1.0
COMPOUND 4D [PMID: 20655626],1.0
POCIREDIR,1.0
(+)-S-14297,1.0
BUPRANOLOL,1.0
"SQ-24,798",1.0
BISOPROLOL FUMARATE,1.0
DH376,1.0
COMPOUND 31 [PMID: 17963374],1.0
NE10790,1.0
PD 174265,1.0
CM4620,1.0
(R)-RO65-6570,1.0
COMPOUND 4G [PMID: 22595175],1.0
VBY-825,1.0
"L-367,773",1.0
TTP889,1.0
FR194921,1.0
CCPA,1.0
WP1066,1.0
AZD3965,1.0
ISOORIENTIN,1.0
CHLOROTHIAZIDE,1.0
TXA127,1.0
CAMPTOTHECIN-20-O-PROPIONATE,1.0
SELATOGREL,1.0
TOVINONTRINE,1.0
SAFINAMIDE MESYLATE,1.0
LUTETIUM DOTATATE LU-177,1.0
OTS964,1.0
FLAZALONE,1.0
PRADEFOVIR MESYLATE,1.0
CHEMBL:CHEMBL546475,1.0
CHEMBL:CHEMBL607534,1.0
GABOXADOL,1.0
CHEMBL:CHEMBL176599,1.0
LGB321,1.0
BMS-223131,1.0
FE 202767,1.0
CHEMBL:CHEMBL252151,1.0
"L-759,633",1.0
GUANETHIDINE MONOSULFATE,1.0
CANFOSFAMIDE HYDROCHLORIDE,1.0
LARAZOTIDE ACETATE,1.0
CHEMBL:CHEMBL534288,1.0
DABUZALGRON,1.0
PIMETHIXENE,1.0
ZIMELIDINE DIHYDROCHLORIDE,1.0
TETRASUL,1.0
GW803430,1.0
ERYASPASE,1.0
LUF7602,1.0
SR59230A,1.0
ARTEMIN,1.0
LUTETIUM LU 177 DOTATATE,1.0
ATUZABRUTINIB,1.0
FOTEMUSTINE,1.0
AMILORIDE HYDROCHLORIDE,1.0
PROGABIDE,1.0
DEBIO-1347,1.0
OREMEPERMIN ALFA,1.0
PHENAZOPYRIDINE,1.0
OFTASCEINE,1.0
NAPHMETHONIUM,1.0
VIDUPIPRANT,1.0
CHEMBL:CHEMBL1462710,1.0
RTOXA-43,1.0
SLG,1.0
TRIFLUPERIDOL HYDROCHLORIDE,1.0
DESULFATED GASTRIN-14,1.0
CHEMBL:CHEMBL12019,1.0
SQUARUNKIN A,1.0
ZK-158252,1.0
ATRASENTAN HYDROCHLORIDE,1.0
DOXACURIUM,1.0
CHEMBL:CHEMBL294878,1.0
CTP-37-DT VACCINE,1.0
(S)-FTY720-PHOSPHATE,1.0
VK-II-86,1.0
"PD168,077",1.0
IM-12,1.0
NF449,1.0
GW861893X,1.0
NC1,1.0
DURAMYCIN,1.0
(S)-PIA,1.0
KO 143,1.0
CHEMBL:CHEMBL2332279,1.0
ZK110841,1.0
DS37001789,1.0
CHEMBL:CHEMBL1710181,1.0
BP-CCL3,1.0
CHEMBL:CHEMBL1288106,1.0
PRILOCAINE,1.0
CHEMBL:CHEMBL179611,1.0
AMTB,1.0
PYRAZOLOPYRIMIDINE 4N,1.0
NAFAMOSTAT,1.0
BIM 23268,1.0
DANAPAROID,1.0
GW829055X,1.0
PINOPHILIN A,1.0
SOVATELTIDE,1.0
PF-04457845,1.0
LVP,1.0
LDC1267,1.0
PF-05175157,1.0
CHEMBL:CHEMBL1923521,1.0
CHEMBL:CHEMBL2203709,1.0
CHEMBL:CHEMBL579761,1.0
CHEMBL:CHEMBL2023733,1.0
ANDEXANET ALFA,1.0
LYS[Z(NO2)]-VAL,1.0
GSK-1004723,1.0
COMPOUND 5G [PMID: 21571530],1.0
CP-775146,1.0
GW6471,1.0
GILMELISIB,1.0
CYCLIC GMP,1.0
SLF,1.0
DOMOIC ACID,1.0
NNC-711,1.0
M1145,1.0
SANP,1.0
AZD7545,1.0
TRPVICIN,1.0
DS-1062,1.0
[3H]L365260,1.0
CHEMBL:CHEMBL2059068,1.0
PEPTIDE 5 [PMID: 28562585],1.0
LUFIRONIL,1.0
XD1,1.0
BIIB091,1.0
BIMATOPROST (FREE ACID FORM),1.0
N36,1.0
HYDROXYTOLUIC ACID,1.0
ISOPIMARIC ACID,1.0
CHEMBL:CHEMBL585828,1.0
OSORESNONTRINE,1.0
8-PHENYL THEOPHYLLINE,1.0
(+/-)-WIEDENDIOL B,1.0
CHEMBL:CHEMBL534319,1.0
CHEMBL:CHEMBL17784,1.0
"D(CH2)5[D-ILE2,ILE4,ALA-NH29]AVP",1.0
CHEMBL:CHEMBL2171781,1.0
CHEMBL:CHEMBL530698,1.0
CHEMBL:CHEMBL502257,1.0
CHEMBL:CHEMBL578276,1.0
MNK1 INHIBITOR,1.0
ISOCHLOROGENIC ACID A,1.0
DESIPRAMINE HYDROCHLORIDE,1.0
CHEMBL:CHEMBL582503,1.0
[125I]26RFA (HUMAN),1.0
MEPENZOLATE BROMIDE,1.0
STX-100,1.0
[3H]ROBALZOTAN,1.0
K-604,1.0
WP814,1.0
CAROTUXIMAB,1.0
DIAMIDE 7,1.0
GASTRIC INHIBITORY POLYPEPTIDE,1.0
MCH6-17,1.0
PALTUSOTINE,1.0
CHLORPHENIRAMINE POLISTIREX,1.0
CHEMBL:CHEMBL211405,1.0
NAPTUMOMAB ESTAFENATOX,1.0
PABINAFUSP ALFA,1.0
COMPOUND 4G [PMID: 21316219],1.0
COMPOUND 68 [PMID: 24900699],1.0
SAMIDORPHAN L-MALATE,1.0
BUTABARBITAL SODIUM,1.0
QRFP43 (43RFA),1.0
C3,1.0
DARIDOREXANT HYDROCHLORIDE,1.0
LX2931,1.0
AESCULIOSIDE IVB,1.0
HISTRELIN ACETATE,1.0
"(20S,21S)-FLUOROCAMPTOTHECIN",1.0
ENDOXIFEN,1.0
APITEGROMAB,1.0
PEXACERFONT,1.0
CHEMBL:CHEMBL587923,1.0
PROSTAGLANDIN B1,1.0
&ALPHA;-CONOTOXIN-GIC,1.0
INCOBOTULINUMTOXINA,1.0
HINOKININ,1.0
RELENOPRIDE,1.0
ISO-IANTHERAN A,1.0
ISPRONICLINE,1.0
AZD1386,1.0
BEVENOPRAN,1.0
LATANOPROSTENE BUNOD,1.0
MK-8777,1.0
TB-402,1.0
LOFEXIDINE HYDROCHLORIDE,1.0
ELENBECESTAT,1.0
ROSIPTOR,1.0
BAY-1093884,1.0
ADL-5747,1.0
GW612286X,1.0
TECARFARIN,1.0
IRSENONTRINE,1.0
ABELACIMAB,1.0
AR-67,1.0
CARBOFENOTION,1.0
CHEMBL:CHEMBL1422704,1.0
CHEMBL:CHEMBL602150,1.0
CHEMBL:CHEMBL592598,1.0
TOPOISOMERASE-I INHIBITOR,1.0
FLAVANOMAREIN,1.0
CHEMBL:CHEMBL573111,1.0
COXSACKIEVIRUS A21,1.0
EFLORNITHINE HYDROCHLORIDE,1.0
PEMIROLAST,1.0
MORPHINE SULFATE,1.0
EPTASTIGMINE,1.0
EVODENOSON,1.0
ELOTUZUMAB,1.0
TIPIRACIL HYDROCHLORIDE,1.0
ROXADUSTAT,1.0
METHOXYFLURANE,1.0
DIHYDRO-OBLIQUIN,1.0
METHIXENE,1.0
CHEMBL:CHEMBL507159,1.0
BMS-852927,1.0
D-METHIONINE,1.0
LUTROPIN ALFA,1.0
MOTEXAFIN LUTETIUM,1.0
FELYPRESSIN,1.0
GSK-1292263,1.0
MARSTACIMAB,1.0
(S)-FTY720P,1.0
CHEMBL:CHEMBL52884,1.0
COFORMYCIN,1.0
POZANICLINE,1.0
BUCLIZINE,1.0
CHEMBL:CHEMBL1243244,1.0
GW856804X,1.0
FURAMIDINE,1.0
XANTHOPTERIN,1.0
CHEMBL:CHEMBL583611,1.0
BRORPHINE,1.0
OPC-28326,1.0
CHEMBL:CHEMBL381625,1.0
MUSCLE RELAXANT,1.0
RESOLVIN D1,1.0
TINOSTAMUSTINE,1.0
TY-51469,1.0
DAS-431 IV,1.0
TETRAHYDROFOLIC ACID,1.0
PRETOMANID,1.0
CHOLIC ACID,1.0
CHEMBL:CHEMBL278751,1.0
CHEMBL:CHEMBL211045,1.0
FERRITARG P,1.0
TRIMETHOPRIM/SULFADOXINE,1.0
THR10CONTULAKIN-G,1.0
[125I]EYF,1.0
"BELLADONNA EXTRACT, USP",1.0
ISOPROPYL ISOTHIOCYANATE,1.0
CHEMBL:CHEMBL602206,1.0
CHEMBL:CHEMBL2203708,1.0
IRETOL,1.0
MINNELIDE,1.0
"L-368,228",1.0
CHEMBL:CHEMBL1237255,1.0
NIRIDAZOLE,1.0
KUSHENOL A,1.0
CHEMBL:CHEMBL448753,1.0
PSB-0963,1.0
GASTRIN RELEASING PEPTIDE(14-27) (HUMAN),1.0
BIPERIDEN HYDROCHLORIDE,1.0
TALIBEGRON HYDROCHLORIDE,1.0
LONDAMOCITINIB,1.0
CHEMBL:CHEMBL327209,1.0
CHEMBL:CHEMBL553503,1.0
CHEMBL:CHEMBL590212,1.0
PROTECTED SIPHONODICTYAL C,1.0
SEPHB4-HSA,1.0
CHEMBL:CHEMBL102936,1.0
CHEMBL:CHEMBL2203707,1.0
GSK-718429A,1.0
T-BOC-MET-LEU-PHE,1.0
ZELASUDIL,1.0
SPARSENTAN,1.0
ABNORMAL CANNABIDIOL,1.0
1-STEAROYL-LYSOPHOSPHATIDYLCHOLINE,1.0
QUIN-C7,1.0
FIRSOCOSTAT,1.0
MYRCLUDEX B,1.0
POSDINEMAB,1.0
NEUROMEDIN U-8,1.0
R121919,1.0
IOFLUPANE I-123,1.0
BETRIXABAN,1.0
OZARELIX,1.0
TRULI,1.0
COMPOUND 11J [PMID: 23021994],1.0
JAK2 INHIBITOR AZD1480,1.0
DNPA,1.0
PRACTOLOL,1.0
BIM 23313,1.0
COMPOUND 21 [PMID: 19191557],1.0
EXENATIDE,1.0
EMATE,1.0
FLECAINIDE ACETATE,1.0
SAFIRONIL,1.0
AF353,1.0
TRICITRINOL B,1.0
SHAAGTIDE,1.0
COMPOUND 7D [PMID: 29672049],1.0
TUG-2304,1.0
COMPOUND A [PMID: 28324017],1.0
REC 15/2615,1.0
T22,1.0
[125I]CXCL12&ALPHA; (HUMAN),1.0
COMPOUND 12A [PMID: 29031075],1.0
PF-05212377,1.0
NEUROTENSIN,1.0
COMPOUND 5M [PMID: 20483621],1.0
LY3405105,1.0
J18 (GALANIN ANALOGUE),1.0
GALANIN(1-20)  (HUMAN),1.0
GALANIN(9-25) (RAT/MOUSE),1.0
[125I-TYR]AC2-26,1.0
LUTETIUM LU 177 VIPIVOTIDE TETRAXETAN,1.0
GSK-1023156A,1.0
GW819230X,1.0
6-BROMOFLAVONE,1.0
RECOMBINANT FIBROBLAST GROWTH FACTOR 4,1.0
PHENYLPROPANOLAMINE POLISTIREX,1.0
AESCULIOSIDE IIIE,1.0
ZIPALERTINIB,1.0
PIPENZOLATE,1.0
PYRENE,1.0
TRIMETHYLCOLCHICINIC ACID,1.0
BENZIDINE,1.0
CHEMBL:CHEMBL590675,1.0
CHEMBL:CHEMBL1479195,1.0
ANDROSTERONE,1.0
PERVILLEINE F,1.0
CHEMBL:CHEMBL452157,1.0
GW434756X,1.0
TAFOLECIMAB,1.0
PINORESINOL,1.0
"AMMONIA SOLUTION, STRONG",1.0
CHEMBL:CHEMBL1522743,1.0
CHEMBL:CHEMBL2028066,1.0
CHEMBL:CHEMBL328540,1.0
PYRUVIC ACID,1.0
CHEMBL:CHEMBL196814,1.0
CHEMBL:CHEMBL577862,1.0
PARGYLINE,1.0
CHEMBL:CHEMBL531043,1.0
LORGLUMIDE SODIUM,1.0
TAPENTADOL HYDROCHLORIDE,1.0
L-377202,1.0
DIMENHYDRINATE,1.0
ABARELIX,1.0
TOLAZOLINE HYDROCHLORIDE,1.0
METHOXAMINE,1.0
RICCARDI C,1.0
4-METHOXYCINNAMIC ACID,1.0
CHEMBL:CHEMBL532510,1.0
CHEMBL:CHEMBL160937,1.0
TP3 IMMUNOTOXIN,1.0
CODEINE PHOSPHATE,1.0
CALOTHRIXIN A,1.0
EVOLOCUMAB,1.0
AMELUBANT,1.0
SUFUGOLIX,1.0
SULFATED PENTAGALLOYLGLUCOSIDE,1.0
KOJIC ACID,1.0
BURAPITANT,1.0
S6716,1.0
BIPERIDEN LACTATE,1.0
ETOPOSIDE PHOSPHATE,1.0
LLL12,1.0
PHE377,1.0
GSK-3117391,1.0
HEXOBARBITAL,1.0
PHENYLEPHRINE BITARTRATE,1.0
VIGABATRIN,1.0
PINDOLOL,1.0
EP-7041,1.0
LIXIVAPTAN,1.0
A192621,1.0
PF-06671008,1.0
SECOBARBITAL SODIUM,1.0
DESMOPRESSIN,1.0
NEBENTAN,1.0
CCL3,1.0
RALINEPAG,1.0
CEPHALOSPORIN C ZINC SALT,1.0
METHADYL ACETATE,1.0
AMPHETAMINE ASPARTATE,1.0
MEPHEDRONE,1.0
N-ACETYLASPARTIC ACID,1.0
CHEMBL:CHEMBL565540,1.0
LURTOTECAN,1.0
CHEMBL:CHEMBL1950650,1.0
OMBURTAMAB,1.0
AUTOLOGOUS MAGE-A3/A6-SPECIFIC TCR GENE-ENGINEERED LYMPHOCYTES KITE-718,1.0
NEUROMEDIN S-33,1.0
METATINIB,1.0
XL388,1.0
VARIANT MCH,1.0
MK-499,1.0
BETP,1.0
GLUCAGON-LIKE PEPTIDE 1-(7-37),1.0
[125I]AB-MECA,1.0
5-METHYLURAPIDIL,1.0
COMPOUND 18 [PMID: 21927650],1.0
L-AP4,1.0
CP-1,1.0
SYM2081,1.0
GR-389988,1.0
EG01377,1.0
COMPOUND 48/80,1.0
PHENYLACETYL-ARG-VAL-ARG-4-AMIDINOBENZYLAMIDE,1.0
[125I]BQ3020,1.0
BMS-193884,1.0
CGI1746,1.0
NHWD-870,1.0
COMPOUND 1 [PMID: 20080612],1.0
"SDF-1, 1-9[P2G] DIMER",1.0
CXCL12&GAMMA;,1.0
TPI 1361-17,1.0
[3H]7-OH-DPAT,1.0
HAMI3379,1.0
T140,1.0
ADRENOMEDULLIN 2/INTERMEDIN,1.0
NBI27914,1.0
&ALPHA;-HELICAL CRF,1.0
ML218,1.0
LRRK2-IN-1,1.0
(S)-N-[1-(3-MORPHOLIN-4-YL-PHENYL)-ETHYL]-3-PHENYL-ACRYLAMIDE,1.0
A-196,1.0
ZAVONDEMSTAT,1.0
COMPOUND 2B-1 [PMID: 12614873],1.0
DRUGSATFDA.NDA:021717,1.0
SPARTEINE,1.0
BENZENE,1.0
CHLORMERODRIN,1.0
ABT-126,1.0
NEMORUBICIN,1.0
S36539,1.0
ACTH-(11-24),1.0
CPN-267,1.0
"N',2-DIPHENYLQUINOLINE-4-CARBOHYDRAZIDE 8M",1.0
PAVINETANT,1.0
GW406381,1.0
GALANIN,1.0
M1153,1.0
LEVOCETIRIZINE,1.0
AZD2927,1.0
MLS000536924,1.0
BAY-320,1.0
GALANIN(3-29) (PIG),1.0
FLUMBATINIB,1.0
CCL4,1.0
GV150013,1.0
LY2886721,1.0
COMPOUND 39 [PMID: 36127295],1.0
ZIFAXABAN,1.0
[TYR8]GNRH,1.0
[3H]KAINATE,1.0
PB2+,1.0
SQ007-5,1.0
WIN 64338,1.0
LABETUZUMAB GOVITECAN,1.0
COMPOUND 11D [DOI: 10.1039/C0MD00194E],1.0
CD70,1.0
AH10-7,1.0
CT-(8-32) (SALMON),1.0
KETOTIFEN FUMARATE,1.0
RIPK3 INHIBITOR 42,1.0
ZINTEROL,1.0
CHEMBL:CHEMBL1077603,1.0
ISOPROPYL ALCOHOL,1.0
NAFCILLIN,1.0
RHODAMINE123,1.0
PIPECURONIUM,1.0
INOTERSEN,1.0
SELPERCATINIB,1.0
ACETAMINOPHEN / CODEINE,1.0
RISDIPLAM,1.0
CYCLOPENTOLATE,1.0
FIPAMEZOLE,1.0
GS9667,1.0
ETIRINOTECAN PEGOL,1.0
"[SAR1,ILE4,ILE8]ANG-II",1.0
LERISETRON,1.0
PEVONEDISTAT,1.0
LERCANIDIPINE,1.0
NITISINONE,1.0
NAFARELIN,1.0
EDROPHONIUM CATION,1.0
NANOPARTICLE SN-38-ENCAPSULATED MICELLE FORMULATION IT-141,1.0
PHANTASMIDINE,1.0
Y-27632,1.0
MECLOFENOXATE,1.0
TETROQUINONE,1.0
PBIT,1.0
[3H]GASTRIN,1.0
[125I]EXENDIN-(9-39),1.0
ERUCIN,1.0
PADIMATE-O,1.0
NE10575,1.0
PFI-3,1.0
WJYK50,1.0
PROPOXYPHENE,1.0
CHEMBL:CHEMBL2203704,1.0
CHEMBL:CHEMBL1517542,1.0
CHEMBL:CHEMBL507986,1.0
GW679410X,1.0
FMH,1.0
CERLAPIRDINE,1.0
PEGAPAMODUTIDE,1.0
HYDROXYAMPHETAMINE HYDROBROMIDE,1.0
I-SAP,1.0
"UK-396,082",1.0
NELIVAPTAN,1.0
BUCLIZINE HYDROCHLORIDE,1.0
SODIUM BICARBONATE,1.0
CCG-4986,1.0
MT47-100,1.0
COMPOUND 69 [PMID: 19136975],1.0
TRIAZINE COMPOUND PC10,1.0
EXAMPLE 15 [WO2015079413],1.0
ER-27319,1.0
"D[PEN1,TYR(ME)2]AVP",1.0
ASN04885796,1.0
LTD4,1.0
A412997,1.0
CYM5181,1.0
AZATADINE MALEATE,1.0
TRIPELENNAMINE HYDROCHLORIDE,1.0
TAFLUPROST,1.0
ONTUXIZUMAB,1.0
MS15,1.0
COMPOUND 12C [PMID: 16516466],1.0
LRE1,1.0
GALANIN(1-12),1.0
GAL-B2-C10,1.0
GAL-(K)4,1.0
NE58027,1.0
MRS1486,1.0
IBROLIPIM,1.0
IGMESINE,1.0
TETRAHYDROZOLINE,1.0
KF 17837S,1.0
UPIDOSIN,1.0
MZ1,1.0
RS 39066,1.0
D-AP4,1.0
"[D-PHE6,&BETA;-ALA11,PHE13,NLE14]BOMBESIN-(6-14)",1.0
COMPOUND 9G [PMID: 24412111],1.0
BCL6 PROTAC 15,1.0
CHEMBL:CHEMBL2028045,1.0
MRS1042,1.0
C3A RECEPTOR AGONIST,1.0
CP-640186,1.0
Z-360,1.0
EXAMPLE 2 [WO2013026797A1],1.0
MRS2950,1.0
ARL66096,1.0
PSB-12062,1.0
OREXIN-B,1.0
"[ALA11, D-LEU15]OREXIN-B",1.0
BD-1063,1.0
LY293284,1.0
FARLETUZUMAB,1.0
ISTRADEFYLLINE,1.0
PALIRODEN,1.0
ALPHA-CONOTOXIN VC 1.1,1.0
SODIUM TAUROCHOLATE,1.0
ASFOTASE ALFA,1.0
DOBUTAMINE,1.0
CPP-115,1.0
CHEMBL:CHEMBL1256177,1.0
LOMIFYLLINE,1.0
S-14506,1.0
U92016A,1.0
CEFUROXIME SODIUM,1.0
PKUMDL_MH_1001,1.0
LEVOBETAXOLOL,1.0
ACRIDINE CARBOXAMIDE,1.0
CT-2584,1.0
AG-858,1.0
ABAGOVOMAB,1.0
FASITIBANT CHLORIDE,1.0
CHEMBL:CHEMBL1563246,1.0
E-2212,1.0
CYCLIZINE LACTATE,1.0
PSEUDOEPHEDRINE SULFATE,1.0
GRANOTAPIDE,1.0
[125I]GRP (HUMAN),1.0
MAVATREP,1.0
[3H]BWA868C,1.0
ADRENOMEDULLIN,1.0
ERIBAXABAN,1.0
RANATENSIN,1.0
BI-2545,1.0
PF-8380,1.0
MPC-MECA,1.0
DEXNIGULDIPINE,1.0
ANTI-CEA/ANTI-HSG BISPECIFIC MONOCLONAL ANTIBODY TF2,1.0
SDZ-216525,1.0
CAREBASTINE,1.0
U75302,1.0
NDD-825,1.0
AZ3971,1.0
EXAMPLE 98 [WO2011020806],1.0
"[D-ARG1,D-TRP7,9,LEU11]SUBSTANCE P",1.0
CHEMBL:CHEMBL492591,1.0
HOOKEROSIDE B,1.0
CHEMBL:CHEMBL604100,1.0
TLC-388,1.0
MIRIDESAP,1.0
ZAVEGEPANT,1.0
GANTACURIUM,1.0
PYRAZINOIC ACID,1.0
PROPYLHEXEDRINE,1.0
PEGAPTANIB,1.0
APTO-253,1.0
ADIPHENINE,1.0
(+)-ALPHA-TOCOPHERYL SUCCINATE,1.0
CHEMBL:CHEMBL589915,1.0
CHEMBL:CHEMBL2203705,1.0
DUAL SEH/FAAH INHIBITOR 11,1.0
APROCITENTAN,1.0
GIMERACIL,1.0
PENTOLINIUM TARTRATE,1.0
SQUALAMINE LACTATE,1.0
5-HYDROXYFLAVONE,1.0
CHEMBL:CHEMBL601534,1.0
COMPOUND 3 [PMID: 8410973],1.0
MUTANT ANP,1.0
VPC12249,1.0
MIVEBRESIB,1.0
5-HYDROXYINDOLE,1.0
GIMATECAN,1.0
COMPOUND 11D [PMID: 34406006],1.0
ZAMIFENACIN,1.0
BUPIVACAINE HYDROCHLORIDE,1.0
OPICAPONE,1.0
DPCPX,1.0
COMPOUND 6C [PMID: 34435786],1.0
ATL802,1.0
MRS1086,1.0
COMPOUND 10 [PMID: 31306001],1.0
12-HYDROXYHEPTADECATRIENOIC ACID,1.0
SULMAZOLE,1.0
CX-717,1.0
IVABRADINE,1.0
DROTRECOGIN ALFA (ACTIVATED),1.0
SB290157,1.0
BAY-069,1.0
CCK-33,1.0
SINCALIDE,1.0
JD5037,1.0
ANISODAMINE,1.0
GSK-466317A,1.0
CHEMBL:CHEMBL591887,1.0
CHEMBL:CHEMBL541230,1.0
CHEMBL:CHEMBL2203706,1.0
GW827099X,1.0
VAPIPROST,1.0
CAMOSTAT,1.0
DIFLOMOTECAN,1.0
COMPOUND 4 [PMID: 22984835],1.0
BIM 23058,1.0
MDL-800,1.0
(+)-SKF 10.047,1.0
EUROPIUM-LABELLED MOUSE INSL5,1.0
BIX 02565,1.0
[125I]SQ-29548,1.0
Y-RFRP-3,1.0
ITRIGLUMIDE,1.0
N4-PHENYLETHOXYCYTIDINE-5'-TRIPHOSPHATE,1.0
EP 171,1.0
STING AGONIST 2,1.0
SST3-ODN-8,1.0
REMETINOSTAT,1.0
CHEMBL:CHEMBL477936,1.0
LEUKOTRIENE D4,1.0
MELANIN-CONCENTRATING HORMONE,1.0
COMPOUND 24 [PMID: 16451050],1.0
SC-22716,1.0
PIPERAQUINE,1.0
A-908292,1.0
TRV-120027,1.0
(S)-UH 301,1.0
PHENFORMIN,1.0
NEVANIMIBE,1.0
ELVUCITABINE,1.0
BENFLUOREX,1.0
CHEMBL:CHEMBL1331754,1.0
ANACETRAPIB,1.0
COMPOUND 5D [PMID: 25815150],1.0
HYP 9,1.0
S36541,1.0
TOPSALYSIN,1.0
DG051,1.0
MEDETOMIDINE,1.0
PERAMPANEL,1.0
CETRORELIX ACETATE,1.0
DIPHENYLPYRALINE HYDROCHLORIDE,1.0
ABT-288,1.0
BEDAQUILINE FUMARATE,1.0
CPN-223,1.0
HPN,1.0
PKR-A,1.0
GSK2292767,1.0
SCH 40338,1.0
GEFAPIXANT,1.0
PLX5622,1.0
LUPULONE,1.0
ATOSIBAN,1.0
CHEMBL:CHEMBL502057,1.0
BENZOIC ACID,1.0
FR-79620,1.0
CHEMBL:CHEMBL525103,1.0
RILIMOGENE GALVACIREPVEC,1.0
COMPOUND 31 [PMID: 23374866],1.0
COMPOUND 16M [PMID: 19931453],1.0
IGN523,1.0
COMPOUND 23A [PMID: 33417443],1.0
7-METHYLXANTHINE,1.0
LACTACYSTIN,1.0
PHENYLETHENYLSEMICARBAZONE,1.0
CHEMBL:CHEMBL410907,1.0
CIRMTUZUMAB,1.0
CLANFENUR,1.0
MRS1065,1.0
BMX-IN-1,1.0
ONO-4057,1.0
TDI-11861,1.0
E55888,1.0
6-N-OCTYLAMINOURACIL,1.0
LEVDOBUTAMINE,1.0
FUKINOLIC ACID,1.0
SEA,1.0
COMPOUND 20F [PMID: 21536438],1.0
GLUCAGON-LIKE PEPTIDE 2,1.0
APRAGLUTIDE,1.0
GATX2,1.0
LINZAGOLIX,1.0
ZYC300,1.0
TZP-102,1.0
CGEN-857,1.0
PIROTINIB,1.0
&ALPHA;-CONOTOXIN AUIB,1.0
7ACC2,1.0
A-381393,1.0
YL-365,1.0
COMPOUND 1 [PMID: 24900608],1.0
COMPOUND 3J [PMID: 21444206],1.0
CTEP,1.0
CHEMBL:CHEMBL602561,1.0
HUPERZINE A,1.0
METHACYCLINE HYDROCHLORIDE,1.0
XANTHINE,1.0
PFIZER COMPOUND 67 [PMID:18445527],1.0
ZK159222,1.0
"(5Z)-1-(2-FLUOROPHENYL)-2-SULFANYLIDENE-5-(THIOPHEN-2-YLMETHYLIDENE)-1,3-DIAZINANE-4,6-DIONE",1.0
6E11,1.0
GNF-6231,1.0
MEK-1/MEKK-1 INHIBITOR E6201,1.0
OPTODARG,1.0
"BN-81,644",1.0
AUY954,1.0
FMK,1.0
[BZ-PHE6]U-II (HUMAN),1.0
GABEXATE,1.0
ICI-89406,1.0
EZH2 INHIBITOR,1.0
INSL5-A13NR,1.0
ML297,1.0
CD666,1.0
RGS4 INHIBITOR 11B,1.0
FLUPROSTENOL,1.0
RALTEGRAVIR POTASSIUM,1.0
ST-1505,1.0
IMPENTAMINE,1.0
COMPOUND 8A [PMID: 23713581],1.0
TEGEPROTAFIB,1.0
BX 667,1.0
EDECESERTIB,1.0
SB-334867,1.0
FRAX486,1.0
COMPOUND 3 [PMID: 26191365],1.0
SR142948A,1.0
PF-07038124,1.0
[3H]-LKP,1.0
FLEROXACIN,1.0
CHEMBL:CHEMBL534084,1.0
8S-HETE,1.0
[125I][AC-HIS1]PACAP-27,1.0
TILFRINIB,1.0
ETC-1922159,1.0
RASGRP ACTIVATOR 1,1.0
ESI-09,1.0
[3H]CYTISINE,1.0
BMS-986124,1.0
CHEMBL:CHEMBL123349,1.0
ABEDITEROL,1.0
VORAPAXAR,1.0
LEVOMETHADONE,1.0
JPE1375,1.0
BTK INHIBITOR 16 [PMID: 30122225],1.0
CHEMBL:CHEMBL2002849,1.0
H2L5186303,1.0
NIFURALDEZONE,1.0
ZIDESAMTINIB,1.0
PI-HEXATOXIN-HI1A,1.0
EXAMPLE 373 [WO2012093101],1.0
IMMEPIP,1.0
COMPOUND 1 [PMID: 26055709],1.0
COMPOUND 22 [PMID: 24754609],1.0
GYPGKF-NH2,1.0
CHEMBL:CHEMBL270688,1.0
PRX-03140,1.0
S36077,1.0
TERLIPRESSIN,1.0
SAVIRIN,1.0
ACETYLDIGOXIN,1.0
ORTERONEL,1.0
DIPROTIN A,1.0
COMPOUND 22 [PMID: 19899765],1.0
R116010,1.0
DEMECARIUM BROMIDE,1.0
TAK-070,1.0
CEAROIN,1.0
CARIPORIDE,1.0
COMPOUND 87 [PMID: 20942471],1.0
JK1,1.0
SIMOTAXEL,1.0
STM 434,1.0
FELEZONEXOR,1.0
CPTB,1.0
GENZ-644282,1.0
URIDINE,1.0
ABBV-318,1.0
AMATUXIMAB,1.0
"L-368,899",1.0
[125I]NEUROMEDIN U-23 (RAT),1.0
[3H]PGF2&ALPHA;,1.0
W146,1.0
CHEMBL:CHEMBL20377,1.0
MITOQUINONE MESYLATE,1.0
DECANOIC ACID,1.0
A-395,1.0
MRS2496,1.0
OH-LVA,1.0
[3H]DDAVP,1.0
"D[VAL4,DARG8]VP",1.0
ANHYDROUS ZINC ACETATE,1.0
HGCGR ANTAGONIST,1.0
YTTRIUM Y 90 LABETUZUMAB,1.0
MAKALUVAMINE C TFA SALT,1.0
COMPOUND 3 [PMID: 23849879],1.0
"(S)-3,4-DCPG",1.0
CHPG,1.0
COMPOUND 14 [PMID: 23634668],1.0
DENFIVONTINIB,1.0
DIM,1.0
DEXVERAPAMIL,1.0
CHEMBL:CHEMBL514554,1.0
E1001,1.0
"H-C[DCYS-PHE-LAGL(N&BETA;ME,BENZOYL)-DTRP-LYS-THR-PHE-CYS]-OH",1.0
CHEMBL:CHEMBL2181046,1.0
PROPOXYPHENE HYDROCHLORIDE,1.0
AR-9281,1.0
CHEMBL:CHEMBL1797159,1.0
DEURUXOLITINIB,1.0
FARNESYL MONOPHOSPHATE,1.0
LILOTOMAB,1.0
CHEMBL:CHEMBL1305393,1.0
2-({6-[(3-CHLOROPHENYL)AMINO]-9-ISOPROPYL-9H-PURIN-2-YL}AMINO)ETHANOL,1.0
(R)-ARN2508,1.0
JNJ-28312141,1.0
GRANISETRON HYDROCHLORIDE,1.0
COMPOUND 2E [PMID: 31900320],1.0
CLOPROSTENOL,1.0
CHEMBL:CHEMBL579315,1.0
CHEMBL:CHEMBL256062,1.0
CHEMBL:CHEMBL445966,1.0
SANTIN,1.0
CHEMBL:CHEMBL401570,1.0
SILODOSIN,1.0
CLAZOSENTAN,1.0
BETACELLULIN,1.0
ICATCXPZ-01,1.0
PHT-427,1.0
AS-19,1.0
JNJ-799760,1.0
2(S)-AMINO-6-BORONOHEXANOIC ACID,1.0
ASC06-IGG1,1.0
AZELAPRAG,1.0
[(PF)PHE4]N/OFQ-(1-13)-NH2,1.0
CHEMBL:CHEMBL601325,1.0
CHEMBL:CHEMBL27508,1.0
CS-8080,1.0
GSK-319347A,1.0
SOPHORIDINE,1.0
CHEMBL:CHEMBL533529,1.0
LG100754,1.0
TEZAMPANEL,1.0
CHEMBL:CHEMBL1529697,1.0
CHEMBL:CHEMBL1500740,1.0
CHEMBL:CHEMBL1270061,1.0
RELUGOLIX,1.0
ONO-2333MS,1.0
GSK-189254,1.0
CHEMBL:CHEMBL373937,1.0
CHEMBL:CHEMBL594259,1.0
NE58062,1.0
CXCL12-(1-9),1.0
VELUSETRAG,1.0
LUF5831,1.0
CHEMBL:CHEMBL593570,1.0
BTD,1.0
SKF96365,1.0
ICI 192605,1.0
PF-06751979,1.0
PHENYL-&BETA;-D-GLUCOPYRANOSIDE,1.0
KN-62,1.0
AFELETECAN,1.0
NEPADUTANT,1.0
M15,1.0
ABT-102,1.0
THEONELLASTEROL D,1.0
S6821,1.0
GW852849X,1.0
BENZIMIDAZOLE,1.0
[3H]PYRILAMINE,1.0
SULFANITRAN,1.0
AXITIROME,1.0
"[125I][TYR5,DALA6,NMELEU7,PRO9-NET]GNRH",1.0
KI16425,1.0
AZD1446,1.0
MK-0941,1.0
SAPRISARTAN,1.0
(R)-N-OLEOYLTYROSINOL,1.0
ALLOIN,1.0
3-METHYLHEXANAL,1.0
GLPG2534,1.0
IVARMACITINIB,1.0
PSN375963,1.0
CHEMBL:CHEMBL580207,1.0
RG7342,1.0
SPIROGLUMIDE,1.0
CR-3465,1.0
AZIMILIDE,1.0
[125I]CHORIONIC GONADOTROPIN (HUMAN),1.0
"6-NONYLPYRIDINE-2,4-DIOL",1.0
LP-360924,1.0
COMPOUND 1A [PMID: 24900311],1.0
GPR15L (71-81),1.0
UK-432097,1.0
PGF1&ALPHA;,1.0
SCH-900271,1.0
EPELSIBAN,1.0
COMPOUND 19 [PMID: 19191557],1.0
YTTRIUM Y 90 ANTI-CEA MONOCLONAL ANTIBODY CT84.66,1.0
SB-410220,1.0
RF9,1.0
VPC23019,1.0
WH-4-023,1.0
GSK180,1.0
UCL1848,1.0
STEM CELL FACTOR,1.0
NISOXETINE,1.0
[3H]NLX-112,1.0
CUTAMESINE,1.0
PROBUCOL,1.0
SARALASIN ACETATE,1.0
C7/3-PHTH,1.0
HEXAFLUORENIUM,1.0
15S-HETE,1.0
COMPOUND 12 [PMID:28626832],1.0
"[D-TYR6,APA-4CL11,PHE13,NLE14]BOMBESIN-(6-14)",1.0
LITORIN,1.0
GROWTH ARREST SPECIFIC PROTEIN 6,1.0
CHEMBL:CHEMBL101510,1.0
FILOREXANT,1.0
TARIQUIDAR,1.0
CXCL12-(1-17),1.0
EXAMPLE 92 [WO2012095521],1.0
NB-360,1.0
MS363,1.0
CXCL122 (DIMER),1.0
[3H]PSB-0413,1.0
INS49266,1.0
I-ABOPX,1.0
EMODIC ACID,1.0
PRX-08066,1.0
VAPITADINE,1.0
MSX-2,1.0
CLOFAZIMINE,1.0
UFP-102,1.0
SI306,1.0
BMS-986166,1.0
VEGFB,1.0
[3H]CGS23131,1.0
PEGLOTICASE,1.0
BAY-1161909,1.0
NE11808,1.0
GALANIN(10-29) (RAT/MOUSE),1.0
GALP(1-32) (HUMAN),1.0
M35,1.0
WNT-3A,1.0
SITS,1.0
COMPOUND 21 [PMID: 25259874],1.0
[3H]WIN35428,1.0
LTB4,1.0
ARC-19499,1.0
TRANS-2-METHYLCROTONIC ACID,1.0
FG-5893,1.0
FLESINOXAN,1.0
RESIGRATINIB,1.0
COMPOUND A [PMID 24997608],1.0
FHQC,1.0
MIROGABALIN,1.0
DORSOMORPHIN,1.0
BAY 60-6583,1.0
PD81723,1.0
UMIBECESTAT,1.0
CRS-207,1.0
SC-236,1.0
COMPOUND 24 [PMID: 31343176],1.0
DO34,1.0
TROX-1,1.0
SZ(+)-(S)-202-791,1.0
CEBSULFASE ALFA,1.0
LEVOKETOCONAZOLE,1.0
CCT251545,1.0
YXG-158,1.0
DANIQUIDONE,1.0
VILOXAZINE HYDROCHLORIDE,1.0
OZ277,1.0
AG-17724,1.0
SYK INHIBITOR II,1.0
COMPOUND 3F [PMID: 12238936],1.0
BMS-986104 DERIVATIVE 24,1.0
81C6 131I,1.0
COMPOUND 6EE [PMID: 22364528],1.0
NBI-74330,1.0
COMPOUND 10 [PMID: 34279934],1.0
SAFIT2,1.0
ISOXAZOLE AZEPINE COMPOUND 3,1.0
CHEMBL:CHEMBL296407,1.0
LEVOCABASTINE,1.0
CHEMBL:CHEMBL514876,1.0
BIA 10-2474,1.0
CYM5442,1.0
MLN-591RL,1.0
ESTRAMUSTINE PHOSPHATE,1.0
AVALGLUCOSIDASE ALFA,1.0
BIOMED 101,1.0
CHEMBL:CHEMBL1288281,1.0
LAS38096,1.0
CHEMBL:CHEMBL532363,1.0
CIZOLIRTINE,1.0
FRUCTOSE,1.0
"N,N`-BIS-ALKYL BUTYLIMMIDAZOLE 12B",1.0
ATOPAXAR,1.0
M65,1.0
ABT-491,1.0
PSB-16133,1.0
MRS2298,1.0
"COMPOUND 29 [VIETOR, ET AL., 2023]",1.0
TARIBAVIRIN HYDROCHLORIDE,1.0
RECOMBINANT VACCINIA-B7.1 VACCINE,1.0
EMICIZUMAB,1.0
TIOTROPIUM,1.0
PHENOL,1.0
BETIBEGLOGENE AUTOTEMCEL,1.0
COMPOUND 77 [PMID: 24793884],1.0
CHEMBL:CHEMBL464249,1.0
GSK-1030058A,1.0
AMOBARBITAL,1.0
IFETROBAN SODIUM,1.0
CER-001,1.0
BF-1,1.0
B27PD,1.0
MANNOSE 6-PHOSPHATE,1.0
SURONACRINE MALEATE,1.0
[3H]PAROXETINE,1.0
PIMICOTINIB,1.0
N-METHYLANTHRANILIC ACID,1.0
CHEMBL:CHEMBL602575,1.0
IOBENGUANE I-123,1.0
GW-328267,1.0
GSK-1030062A,1.0
&ALPHA;-CONOTOXIN PNIA,1.0
RADIOSENSITIZING AGENT,1.0
DINUTUXIMAB,1.0
OXITROPIUM BROMIDE,1.0
GLYCYL-[13C3]-SARCOSINE,1.0
"L-168,049",1.0
M32,1.0
QU-SPX,1.0
1-PALMITOYL-LYSOPHOSPHATIDYLCHOLINE,1.0
NAVICIXIZUMAB,1.0
TPC2-A1-P,1.0
BETULIN,1.0
PRUCALOPRIDE SUCCINATE,1.0
HYRTIOERECTINE B,1.0
[14C]HISTIDINE,1.0
"FACTOR XIII, HUMAN",1.0
CCL14,1.0
GSK-2647544,1.0
PTEB,1.0
DERSIMELAGON,1.0
FIDRISERTIB,1.0
ZOSUQUIDAR,1.0
COMPOUND 14 [PMID: 30925062],1.0
PHENMETRAZINE,1.0
BENTIROMIDE,1.0
[125I]QRFP43 (HUMAN),1.0
DWP05195,1.0
[125I]HEAT (BE2254),1.0
NGX-267,1.0
INCLISIRAN,1.0
LIATERMIN,1.0
DAU 6285,1.0
OLOPATADINE,1.0
SOLITHROMYCIN,1.0
AS03-ADJUVANTED H1N1 PANDEMIC INFLUENZA VACCINE,1.0
APIXABAN,1.0
TIFACOGIN,1.0
ACADESINE,1.0
T84.66,1.0
LAMPALIZUMAB,1.0
COMPOUND E22 [PMID: 31298542],1.0
FOSNETUPITANT CHLORIDE HYDROCHLORIDE,1.0
AZD-4017,1.0
LASMIDITAN SUCCINATE,1.0
COMPOUND IV [PMID: 29351497],1.0
PD-135158,1.0
CERGUTUZUMAB AMUNALEUKIN,1.0
PRIFINIUM,1.0
EPROSARTAN,1.0
BMS-816336,1.0
MD-222,1.0
JNJ-26070109,1.0
GW784684X,1.0
HETEROCODEINE,1.0
CHEMBL:CHEMBL2003658,1.0
CHEMBL:CHEMBL408732,1.0
SC-19220,1.0
CHEMBL:CHEMBL572346,1.0
FLAVIN ADENINE DINUCLEOTIDE,1.0
BMY-7378,1.0
WOGONIN,1.0
AESCULIOSIDE IIB,1.0
[3H]UBP310,1.0
BAY-8002,1.0
DIAZIRINE,1.0
CHEMBL:CHEMBL506048,1.0
COMPOUND 4D [PMID: 25489658],1.0
GROSHEIMIN,1.0
AFP-07,1.0
"[125I]MCH (HUMAN, MOUSE, RAT)",1.0
MACROPHAGE STIMULATING PROTEIN 1,1.0
GSK-J4,1.0
ETHCHLORVYNOL,1.0
MRS1041,1.0
CHLORMEZANONE,1.0
SULOCHRIN,1.0
A317491,1.0
CPPZ,1.0
SPEXIN-1,1.0
GALANIN(7-29) (PIG),1.0
GW785804X,1.0
PROPIVERINE,1.0
SRT2104,1.0
TICLOPIDINE HYDROCHLORIDE,1.0
ALARELIN,1.0
PANCOPRIDE,1.0
DENIFANSTAT,1.0
LY2928057,1.0
CORTICOSTEROID,1.0
[3H]SB-674042,1.0
LSN2463359,1.0
GSK2210875,1.0
RASAGILINE,1.0
FIDANACOGENE ELAPARVOVEC,1.0
TALAMPANEL,1.0
RAMIPRILAT,1.0
2-BROMO-LSD,1.0
5Z-7-OXOZEAENOL,1.0
JNK INHIBITOR 9L,1.0
VU0404251,1.0
FIRAZOREXTON,1.0
PIM447,1.0
ARGIPRESTOCIN,1.0
TACALCITOL,1.0
IBODUTANT,1.0
ANAMORELIN HYDROCHLORIDE,1.0
AZD6280,1.0
M372049,1.0
IC-87114,1.0
BAY-1797,1.0
L-&BETA;&GAMMA;-MEATP,1.0
[3H]CP-1,1.0
PROKINETICIN-1,1.0
"[3H]AVP (HUMAN, MOUSE, RAT)",1.0
COMPOUND 1A [PMID: 24900749],1.0
ZORIFERTINIB,1.0
RISEDRONATE SODIUM ANHYDROUS,1.0
BETHANIDINE SULFATE,1.0
LEVOBUPIVACAINE HYDROCHLORIDE,1.0
MIROGABALIN BESYLATE,1.0
NEBICAPONE,1.0
NANOLUC-INSL3,1.0
COMPOUND 182 [PMID: 37500611],1.0
AGK2,1.0
NE-100,1.0
AZD-3839,1.0
FIMASARTAN,1.0
CYCLOHETERPHYLLIN,1.0
CHEMBL:CHEMBL586033,1.0
AS96,1.0
"LY 165,163",1.0
COMPOUND 34 [PMID: 20866075],1.0
RLF-(A11-B10)-ISOPEPTIDE AMIDEA26 (XA11-B10),1.0
SUFENTANIL,1.0
UROFOLLITROPIN,1.0
CHEMBL:CHEMBL255300,1.0
VESTRONIDASE ALFA-VJBK,1.0
C7,1.0
CXD-101,1.0
FLUTROPIUM BROMIDE,1.0
FR122047,1.0
N(6)-CYCLOHEXYLADENOSINE,1.0
VANILLOID,1.0
BRIVUDINE PHOSPHORAMIDATE,1.0
T-516,1.0
DEXPROPRANOLOL HYDROCHLORIDE,1.0
AMA,1.0
ENERISANT,1.0
D[D-PAL2]AVP,1.0
4-METHYLESCULETIN,1.0
UNC4203,1.0
CXCL12&ALPHA;,1.0
PAK-104P,1.0
SIPONIMOD,1.0
RG6029,1.0
[3H]DPCPX,1.0
RASEGLURANT,1.0
AC-RHYPLWR,1.0
FLPLAR,1.0
ACPHE-ORN-PRO-D-CHA-TRP-ARG,1.0
ORG-25435,1.0
FX1,1.0
MS023,1.0
MK-8262,1.0
[3H]PD128907,1.0
7-TRANS-OH-PIPAT,1.0
"L-644,698",1.0
BWA868C,1.0
[125I]-BDZ2,1.0
SB-436811,1.0
AZ13824374,1.0
COMPOUND 23 [PMID: 31398032],1.0
CHEMBL:CHEMBL517425,1.0
VESTIPITANT MESYLATE,1.0
WRWWWW,1.0
PSM&ALPHA;3,1.0
T21/DP107,1.0
ACT-709478,1.0
TAFLUPROST ACID,1.0
LEOIDIN,1.0
CHEMBL:CHEMBL585769,1.0
SERUM AMYLOID A,1.0
GROUP E 1682-2106 [PMID:16118363],1.0
ACT-389949,1.0
ANNEXIN I,1.0
CHLORPROPHAM,1.0
ELAGOLIX SODIUM,1.0
MK-0249,1.0
VATREPTACOG ALFA (ACTIVATED),1.0
3K3A-ACTIVATED PROTEIN C,1.0
CHEMBL:CHEMBL1086624,1.0
NNC55-0396,1.0
&BETA;-SECRETASE INHIBITOR IV,1.0
XANOMELINE TARTRATE,1.0
AZD8683,1.0
BARBITAL,1.0
ZATOSETRON MALEATE,1.0
CLADRIN,1.0
CMPD-1,1.0
GSK5182,1.0
DESLORELIN,1.0
SVEP1,1.0
AR234960,1.0
3-HYDROXY CAPRIC ACID,1.0
NCRW0105-E06,1.0
NE58043,1.0
COMPOUND 25 [PMID: 32687365],1.0
PREGNENOLONE SULPHATE,1.0
"[N-ME,DES-SAR]GAL-B2",1.0
"[125I][ALA1,3,11,15]ET-1",1.0
C-FOS ANTISENSE,1.0
ANTIPARASITIC AGENT,1.0
AESCULIOSIDE IID,1.0
M1152,1.0
BX 471,1.0
[SER8]GNRH,1.0
IRAK4 INHIBITOR RAC-45 [PMID: 18501603],1.0
LORGLUMIDE,1.0
DESULFATED GASTRIN-34,1.0
GW-5823,1.0
NVS-1,1.0
EXAMPLE 41 [WO2012028563],1.0
CHEMBL:CHEMBL579143,1.0
INDOLE-3-ACETIC ACID,1.0
KINETIN,1.0
AMYLOID &BETA;,1.0
BANTAG-1,1.0
EXAMPLE 1.11 [WO2014139978],1.0
CX1739,1.0
PAC-14028,1.0
TAK-901,1.0
MEDI-547,1.0
PEN-866,1.0
NORARMEPAVINE,1.0
COMPOUND 9 [PMID: 26937601],1.0
LY3202626,1.0
KF26777,1.0
(R)-PIA,1.0
[3H]FMET-LEU-PHE,1.0
HEMADO,1.0
D-NAL-CYS-TYR-D-TRP-LYS-VAL-CYS-NAL-NH2,1.0
[125I][TYR26]GALANIN (PIG),1.0
7&ALPHA;-HYDROXYCHOLESTEROL,1.0
7&BETA;-HYDROXYCHOLESTEROL,1.0
NAFADOTRIDE,1.0
MEL57A,1.0
ERK INHIBITOR III,1.0
GSK-3BETA INHIBITOR I,1.0
PROPAZINE,1.0
ANTI-ILT7 ANTIBODY,1.0
BPR1R024,1.0
M871,1.0
[1-BROMO-(3S)-HYDROX-4-(PALMITOYLOXY)BUTYL]PHOSPHATE,1.0
SEOCALCITOL,1.0
IODINE I 124 GIRENTUXIMAB,1.0
RTI-122,1.0
ASN02563583,1.0
LP-471756,1.0
SILYBIN,1.0
UROGUANYLIN,1.0
TG4-155,1.0
CHEMBL:CHEMBL525098,1.0
COMPOUND 29 [PMID: 31934767],1.0
A-71378,1.0
"L-759,656",1.0
COMPOUND 10A [PMID: 1447738],1.0
N-OXALYLGLYCINE,1.0
CAMONAGREL,1.0
ZOPICLONE,1.0
MACIMORELIN ACETATE,1.0
CHEMBL:CHEMBL2171795,1.0
TCS-OX2-29,1.0
SB-674042,1.0
ALPHA-KETOGLUTARIC ACID,1.0
PEPTIDE III-BTD,1.0
N/OFQ-NH2,1.0
APROTININ,1.0
[125I]CXCL12&BETA; (HUMAN),1.0
CXCL12&EPSILON;,1.0
NAPHTHYLAMINE,1.0
CHEMBL:CHEMBL407113,1.0
GW301784X,1.0
MEQUITAZINE,1.0
CHEMBL:CHEMBL594379,1.0
ESZOPICLONE,1.0
LX-7101,1.0
DRL-17822,1.0
SQ-27986,1.0
PEGYLATED RECOMBINANT HUMAN ARGINASE I BCT-100,1.0
FR190997,1.0
IBIPINABANT,1.0
TUBULIN INHIBITOR ALB 109564 DIHYDROCHLORIDE,1.0
CHEMBL:CHEMBL578883,1.0
"[HIS5,D-TYR6]GNRH",1.0
MK-8245,1.0
BESIPIRDINE,1.0
INDECAINIDE,1.0
PSB-0739,1.0
FMET-ILE-PHE-LEU,1.0
PIZOTYLINE,1.0
P-[18F]MPPF,1.0
BI-3802,1.0
CEPHALORIDINE,1.0
APNEA,1.0
[125I]ABOPX,1.0
DEPX,1.0
BENTAZEPAM,1.0
RECOMBINANT HUMAN CHORIONIC GONADOTROPIN,1.0
PF-4800567,1.0
BROMPHENIRAMINE MALEATE,1.0
MINIMISED INSL5 ANALOGUE 7,1.0
"CP-609,754",1.0
CORIFOLLITROPIN ALFA,1.0
CHF-5074,1.0
SB 258719,1.0
COMPOUND 7 [PMID: 32302132],1.0
A2P5P,1.0
COMPOUND NRA 4 [PMID: 25262941],1.0
THYROTROPIN-RELEASING HORMONE,1.0
CHEMBL:CHEMBL1388908,1.0
QUINIDINE SULFATE,1.0
IDRAPARINUX SODIUM,1.0
ECHOTHIOPHATE,1.0
[125I]CT (HUMAN),1.0
FERULIC ACID,1.0
CHEMBL:CHEMBL1255966,1.0
RETAPAMULIN,1.0
"[125I]BH-NMB (HUMAN, MOUSE, RAT)",1.0
RS-25344,1.0
COMPOUND 1 [PMID: 11425539],1.0
TNP-ATP,1.0
DINOPROST TROMETHAMINE,1.0
CALOTHRIXIN B,1.0
CHEMBL:CHEMBL592344,1.0
DIPHENYLETHER,1.0
MAKALUVAMINE E,1.0
RATANIAPHENOL II,1.0
CHEMBL:CHEMBL2171793,1.0
DF3016A,1.0
MK-3207,1.0
ATL-104,1.0
FORASARTAN,1.0
GSK650394,1.0
COBALAMIN,1.0
ZANDATRIGINE,1.0
NAHUOIC ACID A,1.0
ETHYL ANTHRANILATE,1.0
PSEUDOCHELERYTHRINE,1.0
THIAMET-G,1.0
BI-44370,1.0
BERUBICIN,1.0
CHEMBL:CHEMBL576404,1.0
CHEMBL:CHEMBL595816,1.0
COMPOUND 4G [PMID: 17709461],1.0
CHEMBL:CHEMBL275724,1.0
TGN4,1.0
LENRISPODUN,1.0
COMPOUND 28 [PMID: 30624936],1.0
AP5A,1.0
GLAXOSMITHKLINE COMPOUND 6I [PMID:18926700],1.0
(R)-PFI-2,1.0
ANALOGUE 13: B7-24,1.0
[125I]INSL5 (HUMAN),1.0
DC591053,1.0
"(5E)-1-(4-FLUOROPHENYL)-5-[(5-METHYLTHIOPHEN-2-YL)METHYLIDENE]-2-SULFANYLIDENE-1,3-DIAZINANE-4,6-DIONE",1.0
TRIAZINE COMPOUND PC1,1.0
ONO-3708,1.0
INDAPAMIDE,1.0
HUWENTOXIN IV,1.0
LYS[Z(NO2)]-LYS[Z(NO2)],1.0
PCA 4248,1.0
PFIZER COMPOUND 11 [PMID:18445527],1.0
"L-368,930",1.0
CYTOSPORONE B,1.0
AZD-4877,1.0
AZD9056,1.0
SR8185,1.0
MUCRONULATOL(+/-),1.0
AZD2858,1.0
AGATOLIMOD,1.0
PROPENTOFYLLINE,1.0
RV1729,1.0
COMPOUND 52 [PMID: 28541707],1.0
AS-252424,1.0
FURIN INHIBITOR PEPTIDE,1.0
GNF-1331,1.0
AZD1208,1.0
PROCAINAMIDE HYDROCHLORIDE,1.0
MYELOID CELL LEUKEMIA 1 INHIBITOR PRT1419,1.0
[125I]ANP (HUMAN),1.0
AMG-8718,1.0
BASIMGLURANT,1.0
COMPOUND 7F [PMID: 29191554],1.0
CHEMBL:CHEMBL404505,1.0
ADX-47273,1.0
CPPHA,1.0
COMPOUND 2 [PMID: 11375253],1.0
SIPOGLITAZAR,1.0
COMPOUND 27 [PMID: 26938474],1.0
RO5101576,1.0
RACTOPAMINE,1.0
COMPOUND 13 [PMID: 23412139],1.0
DANICAMTIV,1.0
"[125I]TYR0-CRF (HUMAN, RAT, MOUSE)",1.0
SONEDENOSON,1.0
TACRINE HYDROCHLORIDE,1.0
CDP840,1.0
NS-49,1.0
IMMUNOTHERAPY REGIMEN MKC-1106-MT,1.0
PF-3758309,1.0
EG00229,1.0
COMPOUND 18N [PMID: 34382802],1.0
COMPOUND 10 [PMID: 18790648],1.0
AF-906,1.0
COMPOUND 20 [PMID: 34432979],1.0
WB4-24,1.0
HUMAN GIP(3-30)NH2,1.0
DIHYDROKAINATE,1.0
(R)-AS-1,1.0
[125I]PD151242,1.0
AR244555,1.0
PYRAZOLO-PYRIMIDINE 14A [PMID: 29859875],1.0
ML204,1.0
PYR10,1.0
M084,1.0
"[LEU31,PRO34]NPY",1.0
PF-670462,1.0
INECALCITOL,1.0
LYMPHOTOXIN-&ALPHA;,1.0
CHEMBL:CHEMBL306786,1.0
UROTENSIN II-RELATED PEPTIDE,1.0
GSK3527497,1.0
COMPOUND 8B [PMID: 22408719],1.0
ANGIOPOIETIN-1,1.0
CIS-EPOXYSUCCINIC ACID,1.0
SMD-3040,1.0
SD-36,1.0
LANIQUIDAR,1.0
LIDAMIDINE HYDROCHLORIDE,1.0
CHEMBL:CHEMBL1287981,1.0
COLUBRINIC ACID,1.0
CHEMBL:CHEMBL594153,1.0
NORDEFRIN,1.0
CHEMBL:CHEMBL525486,1.0
CHEMBL:CHEMBL392369,1.0
TURNAGAINOLIDE B,1.0
DENATONIUM BENZOATE,1.0
CHEMBL:CHEMBL1414990,1.0
CHEMBL:CHEMBL589717,1.0
AESCULIOSIDE IIIA,1.0
PF750,1.0
CHEMBL:CHEMBL1543865,1.0
LOMETREXOL,1.0
CHEMBL:CHEMBL2170369,1.0
ABEQUOLIXRON,1.0
TRC-093,1.0
RALPANCIZUMAB,1.0
ANTI-SCLEROSTIN,1.0
AZD-1656,1.0
THERAPEUTIC IMMUNE GLOBULIN,1.0
CHEMBL:CHEMBL579837,1.0
CHEMBL:CHEMBL309848,1.0
TRIAZENE COMPOUND,1.0
E-64,1.0
CHEMBL:CHEMBL74189,1.0
TERAZOSIN HYDROCHLORIDE HYDRATE,1.0
"O,O'-DIMETHYLCAFFEIC ACID",1.0
TRIMETHYL-[3-(TETRADECANE-1-SULFONYLAMINO)-PROPYL]-AMMONIUM IODIDE,1.0
CHEMBL:CHEMBL598509,1.0
CHEMBL:CHEMBL2063510,1.0
GW642138X,1.0
"3,3'-DIFLUOROBENZALDAZINE",1.0
"[D-PHE6, STAT13, LEU14}BN(6-14)",1.0
BMS-303141,1.0
NPY-(2-36) (PIG),1.0
BUTACLAMOL HYDROCHLORIDE,1.0
SEP-363856,1.0
GW809897X,1.0
CHEMBL:CHEMBL600374,1.0
SPINORPHIN,1.0
CERULENIN,1.0
RADIX POLYGALAE EXTRACT PDC-1421,1.0
PHOMOPSIN A,1.0
CHEMBL:CHEMBL1255660,1.0
CHEMBL:CHEMBL577014,1.0
BUCLADESINE,1.0
METHDILAZINE HYDROCHLORIDE,1.0
CHEMBL:CHEMBL579550,1.0
PSMA PEPTIDE,1.0
NABILONE,1.0
NALFURAFINE HYDROCHLORIDE,1.0
GSK-1030061A,1.0
TALAROFLAVONE,1.0
CHEMBL:CHEMBL584508,1.0
CHEMBL:CHEMBL1383812,1.0
CHEMBL:CHEMBL1337519,1.0
RETUSIN 7-METHYL ETHER,1.0
DEGARELIX ACETATE,1.0
CHEMBL:CHEMBL590427,1.0
CHEMBL:CHEMBL601554,1.0
OLEANDEROLIDE,1.0
CHEMBL:CHEMBL581187,1.0
CHEMBL:CHEMBL2171782,1.0
CHEMBL:CHEMBL1346025,1.0
EPIANDROSTERONE,1.0
BETAINE ALDEHYDE CHLORIDE,1.0
4-CHLORO-BENZOIC ACID,1.0
PITOLISANT HYDROCHLORIDE,1.0
OMFILOCTOCOG ALFA,1.0
NLY-01,1.0
HEAT (BE2254),1.0
CHEMBL:CHEMBL534047,1.0
GW831090X,1.0
AL-12182,1.0
CLESACOSTAT,1.0
FELBINAC,1.0
ABT-670,1.0
AZX-100,1.0
[3-IODO-TYR6]U-II-(4-11) (HUMAN),1.0
CHEMBL:CHEMBL559271,1.0
ZK-93423,1.0
PHENDIMETRAZINE,1.0
CLORAZEPATE DIPOTASSIUM,1.0
GW-813893,1.0
ANTI-MESOTHELIN CAR T CELLS PREPARATION,1.0
LANPERISONE,1.0
ML398,1.0
JMV180,1.0
VICASINABIN,1.0
HYDROXYETHYLAMINE TRANSITION-STATE INHIBITOR 1,1.0
YTTRIUM Y 90 TACATUZUMAB TETRAXETAN,1.0
GSK-270822A,1.0
COAGULATION FACTOR X HUMAN,1.0
GW561436X,1.0
SB269970,1.0
MARZEPTACOG ALFA (ACTIVATED),1.0
BPS-804,1.0
BUNTANETAP,1.0
LUCANTHONE,1.0
CHEMBL:CHEMBL571453,1.0
CHEMBL:CHEMBL2332128,1.0
GW513184X,1.0
CHEMBL:CHEMBL1572415,1.0
CHEMBL:CHEMBL592842,1.0
ALSTERPAULLONE 2-CYANOETHYL,1.0
CHEMBL:CHEMBL494283,1.0
A331440,1.0
ENCAINIDE,1.0
EZATIOSTAT HYDROCHLORIDE,1.0
BERUBICIN HYDROCHLORIDE,1.0
LY2624803,1.0
CHEMBL:CHEMBL415914,1.0
[11C]GLYSAR,1.0
AZD1283,1.0
AMBENONIUM CHLORIDE,1.0
BACCHARIN,1.0
PNU-37883,1.0
RECOMBINANT INTERLEUKIN-16,1.0
GW703087X,1.0
GW810372X,1.0
COCAINE HYDROCHLORIDE,1.0
CHEMBL:CHEMBL1376091,1.0
HU7691,1.0
CHEMBL:CHEMBL1080077,1.0
QUINETHAZONE,1.0
GSK-1614235,1.0
COMPOUND 12D [PMID: 33821636],1.0
RUSALATIDE,1.0
CHEMBL:CHEMBL592332,1.0
REVEGLUCOSIDASE ALFA,1.0
VINCA ALKALOID COMPOUND,1.0
XEN-2174,1.0
ETHINAMATE,1.0
BATABULIN,1.0
LY-2881835,1.0
DESMOTEPLASE,1.0
ARQ-621,1.0
GW711782X,1.0
BMS-919373,1.0
NGD-8243,1.0
PYRANTEL PAMOATE,1.0
CYNARIN,1.0
DENUFOSOL TETRASODIUM,1.0
ATINUMAB,1.0
DOTINURAD,1.0
FADROZOLE HYDROCHLORIDE,1.0
TAVAPADON,1.0
HYDROCOTARNINE,1.0
CHEMBL:CHEMBL1333982,1.0
CHEMBL:CHEMBL352222,1.0
VIDARABINE,1.0
TAK-653,1.0
CE-326597,1.0
EFPEGLENATIDE,1.0
BISMUTH SUBGALLATE,1.0
GW280670X,1.0
GW828525X,1.0
SECRETIN SYNTHETIC PORCINE,1.0
TRIPELENNAMINE CITRATE,1.0
CHEMBL:CHEMBL581240,1.0
CHEMBL:CHEMBL84440,1.0
METHYLROSANILINE,1.0
CHEMBL:CHEMBL1576659,1.0
RIVASTIGMINE TARTRATE,1.0
FINGOLIMOD HYDROCHLORIDE,1.0
METHYPRYLON,1.0
CHEMBL:CHEMBL531611,1.0
CEPHALOTHIN SODIUM,1.0
COMPOUND 33 [PMID: 19364658],1.0
X-165,1.0
DECOGLURANT,1.0
BATOCLIMAB,1.0
OLOCROLIMUS,1.0
FORODESINE,1.0
EZATIOSTAT,1.0
TRANYLCYPROMINE,1.0
RG-7602,1.0
COMPOUND 108 [PMID: 37918435],1.0
FAVIPIRAVIR,1.0
CHEMBL:CHEMBL549216,1.0
CHEMBL:CHEMBL2094665,1.0
FLUPAROXAN,1.0
SAPROPTERIN DIHYDROCHLORIDE,1.0
COMPOUND 13B [PMID: 19101153],1.0
CYCLOPENTYL PALMITATE,1.0
GALLIC ACID METHYL ESTER,1.0
AMPKINONE,1.0
TRIFAROTENE,1.0
AFAMELANOTIDE ACETATE,1.0
DICHLOROBENZYL ALCOHOL,1.0
COMPOUND 11H [PMID: 29808961],1.0
"N-(5-{4-CHLORO-3-[(2-HYDROXYETHYL)SULFAMOYL]PHENYL}-4-METHYL-1,3-THIAZOL-2-YL)ACETAMIDE",1.0
VOACAMINE,1.0
CHEMBL:CHEMBL1934585,1.0
DECYL DIHYDROGEN PHOSPHATE,1.0
PIFUSERTIB,1.0
CHEMBL:CHEMBL526776,1.0
AESCULIOSIDE IIA,1.0
BAY-524,1.0
NPC-349,1.0
AZ191,1.0
PELDESINE,1.0
VASCULAR DISRUPTING AGENT BNC105,1.0
PZM21,1.0
COMPOUND 10A [PMID: 31283223],1.0
TAPINAROF,1.0
BUSERELIN ACETATE,1.0
MRS1191,1.0
ACETOMENAPHTHONE,1.0
CCG-63802,1.0
NEUROMEDIN U-25,1.0
PEG40-NMU,1.0
N/OFQ-(1-13)-NH2,1.0
MCOPPB,1.0
GR148672X,1.0
COMPOUND 16G [PMID: 35507418],1.0
LAPAQUISTAT ACETATE,1.0
TGF&BETA;3,1.0
MECLIZINE HYDROCHLORIDE,1.0
CHEMBL:CHEMBL571228,1.0
BENDROFLUMETHIAZIDE,1.0
ADEFOVIR,1.0
HCL,1.0
BAY-293,1.0
FL104,1.0
BUTALBITAL,1.0
ANGIOPOIETIN-4,1.0
CHEMBL:CHEMBL1408031,1.0
THYMIDINE,1.0
TAUROLITHOCHOLIC ACID-3-SULPHATE,1.0
APX-3330,1.0
LEVETIMIDE,1.0
TAK-441,1.0
CGI560,1.0
CYT-500 177LU,1.0
(S)-VU0637120,1.0
THREO-3-METHYLGLUTAMATE,1.0
COMPOUND 9 [PMID: 3514912],1.0
MRS1505,1.0
LETERMOVIR,1.0
CEFMETAZOLE SODIUM,1.0
TERT-BUTYLPHENOXYCYCLOHEXANOL,1.0
JNJ-39319202,1.0
ANX-042,1.0
CHEMBL:CHEMBL605747,1.0
ACETYLCHOLINE,1.0
CHEMBL:CHEMBL265715,1.0
METOCHALCONE,1.0
PROCAINE,1.0
PL017,1.0
ADENOPHOSTIN A,1.0
LOVASTATIN ACID,1.0
EST64454,1.0
6-PRENYLNARINGENIN,1.0
MLN-3897,1.0
[125I]U-II (HUMAN),1.0
COMPOUND 16 [PMID: 23412139],1.0
PATISIRAN,1.0
[14C]GLYSAR,1.0
AE9C90CB,1.0
SZUH280,1.0
DYSIHERBAINE,1.0
SARAFOTOXIN S6C,1.0
A947,1.0
QRFP43,1.0
[3H]N5-METHYLFOLATE,1.0
MICROCYSTIN-LR,1.0
MK-0359,1.0
MRE 3008F20,1.0
FR139317,1.0
COMPOUND 36 [PMID: 24000170],1.0
METADOXINE,1.0
AC-7954,1.0
GSK1702934A,1.0
INDIPLON,1.0
CONIVAPTAN HYDROCHLORIDE,1.0
ADROPIN,1.0
AZENOSERTIB,1.0
AB-MECA,1.0
ARTENIMOL,1.0
AZD-7762,1.0
AMINACRINE,1.0
VU0409551,1.0
ONO-8711,1.0
GREPAFLOXACIN,1.0
COMPOUND 3B [PMID: 23454515],1.0
ULEVOSTINAG,1.0
F7H,1.0
ISOPROPAMIDE,1.0
2-HYDROXYOLEIC ACID,1.0
TAK-071,1.0
IPAMORELIN,1.0
(+)-CYCLAZOSIN,1.0
DEGARELIX,1.0
SAMALIZUMAB,1.0
SETIPIPRANT,1.0
BIMAGRUMAB,1.0
CHEMBL:CHEMBL478324,1.0
LY2590443,1.0
CHEMBL:CHEMBL1445650,1.0
PRP106-126,1.0
MET-MET-TRP-LEU-LEU,1.0
BVT173187,1.0
AC710,1.0
COMPOUND 19B [PMID: 37058391],1.0
METHIMEPIP,1.0
COMPOUND 77A [PMID: 37639383],1.0
[125I]CETRORELIX,1.0
"[125I]GNRH I (HUMAN, MOUSE, RAT)",1.0
HISTERELIN,1.0
"DITHIIPIN-1,1,4,4-TETROXIDE ANALOGUE 7",1.0
VUPANORSEN,1.0
DEXEFAROXAN,1.0
"[D-TYR6,(R)-APA11,PHE13,NLE14]BOMBESIN-(6-14)",1.0
KALLSTROEMIN D,1.0
COMPOUND 4 [PMID: 25259874],1.0
NG291,1.0
R-VK4-40,1.0
CHEMBL:CHEMBL529640,1.0
VALTORCITABINE,1.0
CNX-774,1.0
UNGEREMINE,1.0
METHYLBENZETHONIUM,1.0
GAL-B2-C18,1.0
METHOHEXITAL,1.0
(S)-CR8,1.0
JH-VIII-49,1.0
GRIFOLIC ACID METHYL ETHER,1.0
PKI166,1.0
EVEXOMOSTAT,1.0
SB-743921,1.0
TRIMEPRAZINE,1.0
GW 597599,1.0
CHEMBL:CHEMBL1701911,1.0
CHEMBL:CHEMBL1865517,1.0
HEXOCYCLIUM,1.0
HIMEIC ACID A,1.0
"[AVA9,10,AVA14,15]-AC-HMCH6-16-NH2",1.0
"[PHE13,TYR19]MCH",1.0
AT-403,1.0
FIPI,1.0
NOLASIBAN,1.0
CHEMBL:CHEMBL1173141,1.0
GLYCYROL,1.0
CHEMBL:CHEMBL191534,1.0
OLCEGEPANT,1.0
PF‐06526290,1.0
CHEMBL:CHEMBL160333,1.0
[3H]-IPP,1.0
LYS[Z(NO2)]-PRO,1.0
"(3,5)-[19F]2-PHE-&PSI;-ALA",1.0
DUO3,1.0
4-DAMP,1.0
ISOBUTYRIC ACID,1.0
NAZARTINIB,1.0
[125I]L750667,1.0
SR7826,1.0
JNJ-67869386,1.0
MEQUINOL,1.0
SIM1,1.0
GALANIN(1-15),1.0
JNJ-39220675,1.0
CHEMBL:CHEMBL260417,1.0
2-METHYLHISTAMINE,1.0
EC18,1.0
LINTOPRIDE,1.0
COMPOUND 8L [PMID: 36053746],1.0
BETA-ALANINE,1.0
2-HYDROXYLAURIC ACID,1.0
N-METHYL-2-PYRROLIDONE,1.0
COMPOUND 9 [PMID: 23517011],1.0
MIPSAGARGIN,1.0
PCI-27483,1.0
PAMITEPLASE,1.0
CHEMBL:CHEMBL464637,1.0
GLASDEGIB MALEATE,1.0
CFI-400945,1.0
OCTHILINONE,1.0
CHEMBL:CHEMBL594257,1.0
DEMCIZUMAB,1.0
GW827105X,1.0
DIHYDROGUAIARETIC ACID,1.0
PEUCENIN,1.0
ACDPP,1.0
SODIUM VALPROATE,1.0
AH13205,1.0
SONEPIPRAZOLE,1.0
"[125I]DTYR-GLY-[(NLE28,31)CCK-26-33",1.0
JWH-133,1.0
DIPHOSPHORIC ACID,1.0
BRD9539,1.0
SR-4133,1.0
AVE1231,1.0
PRISTANIC ACID,1.0
CARBOXYATRACTYLOSIDE,1.0
AS74,1.0
COMPOUND 47 [PMID: 21295468],1.0
[125I]BH-MIT1,1.0
ALOGABAT,1.0
LV-2186,1.0
PF-01247324,1.0
ORVEPITANT,1.0
GLEPAGLUTIDE,1.0
FADOLMIDINE,1.0
BIMAKALIM,1.0
GYPGQV-NH2,1.0
PD 154740,1.0
COMPOUND 2 [PMID: 8410973],1.0
COMPOUND 58 [PMID: 25037917],1.0
LOBELINE HYDROCHLORIDE,1.0
SULFACETAMIDE,1.0
SODIUM NITRATE,1.0
METHANESULFONYL FLUORIDE,1.0
REMLARSEN,1.0
[3H]DIMETHYL-W84,1.0
Y27632,1.0
2-HEXYNYL-NECA,1.0
PSB-11,1.0
BT7480,1.0
VU0134992,1.0
GRASSYSTATIN A,1.0
QUINOLONYL-OXAZOLIDINONE ANTIBIOTIC DNV3837,1.0
PADSEVONIL,1.0
"2,3-DIHYDROXY-4-METHOXY-4'-ETHOXYBENZOPHENONE",1.0
"[(3-PH-PR6), HIS7,D-ALA11,D-PRO13,&PSI;13-14),PHE14]BOMBESIN-(6-14)",1.0
NEUROMEDIN C,1.0
PD 176252,1.0
DROTRECOGIN ALFA,1.0
PHYTOSTEROLS,1.0
REVEXEPRIDE,1.0
"[D-TPI6, LEU13 &PSI;(CH2NH)-LEU14]BOMBESIN-(6-14)",1.0
"[PHAA1,D-TYR(ET)2,VAL4,LYS6,TYR-NH28,DES-GLY9]AVP",1.0
CODRITUZUMAB,1.0
CHEMBL:CHEMBL601180,1.0
OXOLINIC ACID,1.0
TELCAGEPANT,1.0
DEZAMIZUMAB,1.0
RITOBEGRON,1.0
LY-2334737,1.0
OSIP339391,1.0
CIPRALISANT,1.0
IVABRADINE HYDROCHLORIDE,1.0
CPN-219,1.0
BMS614,1.0
ABT-560,1.0
BI-167107,1.0
BUTABARBITAL,1.0
(-)-TERTATOLOL,1.0
TASOSARTAN,1.0
COMPOUND I [PMID: 29351497],1.0
PAGOCLONE,1.0
CHEMBL:CHEMBL1520282,1.0
BW-A1433,1.0
CHEMBL:CHEMBL1287895,1.0
ULIMORELIN HYDROCHLORIDE,1.0
CLOBAZAM,1.0
AZD6538,1.0
HALOPEMIDE,1.0
QUINOCIDE,1.0
ONGERICIMAB,1.0
CHEMBL:CHEMBL584248,1.0
CHEMBL:CHEMBL537087,1.0
CHEMBL:CHEMBL519155,1.0
EICOSAPENTAENOIC ACID,1.0
ARBUTAMINE,1.0
TOLVAPTAN,1.0
PINOMETOSTAT,1.0
ACT-462206,1.0
GLUTETHIMIDE,1.0
CHEMBL:CHEMBL590914,1.0
NALTREXONE HYDROCHLORIDE,1.0
AGN193836,1.0
PEGNIVACOGIN,1.0
N6-PHENYLADENOSINE,1.0
BNC-210,1.0
T-62,1.0
BIROPEPIMUT-S,1.0
MK-0557,1.0
ABT-384,1.0
DX-9065A,1.0
COMPOUND 15A [PMID: 22464687],1.0
NARSOPLIMAB,1.0
TETRYDAMINE,1.0
LAVENDUSTIN B,1.0
ATG002,1.0
INCB13739,1.0
HOOKEROSIDE A,1.0
S-ADENOSYLMETHIONINE,1.0
(-)-U-50488 METHANE SULFONATE,1.0
COMPOUND 60 [PMID: 26155854],1.0
EFAPROXIRAL,1.0
GALANIN(1-10),1.0
[3H]TAUROCHOLIC ACID,1.0
IL-37,1.0
RP-001,1.0
&DELTA;R3/I5,1.0
BENZYL SALICYLATE,1.0
AZD-3043,1.0
LH (MENOTROPINS),1.0
FENTANYL HYDROCHLORIDE,1.0
"CIS-1,2-CYCLOPROPANEDICARBOXYLIC ACID",1.0
MRS8054,1.0
MRE 2029F20,1.0
CHEMBL:CHEMBL346551,1.0
COMPOUND 6B [PMID: 24999562],1.0
[PHE(ME)7]NEUROKININ B,1.0
"[3H]DESGLY-NH2[D-ILE2,ILE4]VP",1.0
D[D-PHE2]AVP,1.0
[VAL4]AVP,1.0
PERINDOPRILAT,1.0
UFP-101,1.0
DOXERCALCIFEROL,1.0
GARETOSMAB,1.0
VALECOBULIN,1.0
PSB-1584,1.0
SPIPERONE HYDROCHLORIDE,1.0
LY2940094,1.0
MEZIGDOMIDE,1.0
TAFENOQUINE,1.0
[F/G]N/OFQ-(1-13)-NH2,1.0
E. COLI HEAT-STABLE ENTEROTOXIN (STA),1.0
F215,1.0
VU0155094,1.0
SJ995973,1.0
MECAMYLAMINE HYDROCHLORIDE,1.0
COMPOUND 15B [PMID: 31811124],1.0
VU0810464,1.0
METHOXAMINE HYDROCHLORIDE,1.0
MONTEPLASE,1.0
DARUNAVIR,1.0
LTC4,1.0
OLEOYL-LYSOPHOSPHATIDYLCHOLINE,1.0
PSN632408,1.0
H4 ANTAGONIST 48,1.0
"COMPOUND 2F [JIANG ET AL., 2018]",1.0
RG7893,1.0
MK-1064,1.0
EMPA,1.0
COMPOUND 46 [PMID: 25268943],1.0
ASN06917370,1.0
JNJ-17216498,1.0
PF-03654764,1.0
DNK333,1.0
FULACIMSTAT,1.0
CYCLIC INSL3 B-CHAIN ANALOGUE 6,1.0
R-138727,1.0
COMPOUND 5 [PMID: 17618114],1.0
N-DESALKYLQUETIAPINE,1.0
COMPOUND 2 [PMID: 24793972],1.0
COMPOUND 4 [PMID: 23083103],1.0
MRS 2219,1.0
TFC007,1.0
BECATECARIN,1.0
CHEMBL:CHEMBL2181041,1.0
DASIGLUCAGON HYDROCHLORIDE,1.0
CHEMBL:CHEMBL1485420,1.0
BJP-06-005-3,1.0
UDM-001651,1.0
EFWSLAAPQRF-NH2,1.0
XCC,1.0
[125I]TSH (HUMAN),1.0
GSK2256294,1.0
NH-3,1.0
ENFORTUMAB VEDOTIN,1.0
ANANTIN,1.0
CDK1 INHIBITOR,1.0
[125I]BANTAG-1,1.0
CHEMBL:CHEMBL588804,1.0
TRIMETHAPHAN CAMSYLATE,1.0
UNC0642,1.0
SARAFOTOXIN S6B,1.0
DEMECLOCYCLINE,1.0
AVEXITIDE,1.0
NVP-DKY709,1.0
GLUCAGON-LIKE PEPTIDE 2-(3-33),1.0
MUSCARINIC TOXIN 3,1.0
CASOXIN C,1.0
2-(2'-METHOXYPHENYL)-1H-INDOLE,1.0
SGC-CBP30,1.0
COMPOUND 71 [WO2018191577A1],1.0
LFM-A13,1.0
BZT-7,1.0
12R-HETE,1.0
ONO-2570366,1.0
TETRONOTHIODIN,1.0
FLURAZEPAM,1.0
BIBH 1,1.0
PHTHALAZINONE,1.0
SELURAMPANEL,1.0
D-ALANINE,1.0
COMPOUND A127 [WO2013110309],1.0
AH6809,1.0
N-DESMETHYLTAMOXIFEN,1.0
[3H]RESOLVIN D1,1.0
IMR-1,1.0
ISOTONITAZENE,1.0
SELEXIPAG,1.0
AXOMADOL,1.0
NAFARELIN ACETATE,1.0
VU-1545,1.0
CHLORDIAZEPOXIDE,1.0
CRA1000,1.0
CHEMBL:CHEMBL1256663,1.0
S38151,1.0
CHEMBL:CHEMBL591836,1.0
ATC0175,1.0
CLODRONATE DISODIUM,1.0
CEVIMELINE HYDROCHLORIDE,1.0
TTI-101,1.0
GALANIN(2-29) (PIG),1.0
[3H]OXOTREMORINE-M,1.0
METHOHEXITAL SODIUM,1.0
[3H]CTEP,1.0
PROTEIN S,1.0
NCX-1000,1.0
COMPOUND 9F [PMID: 24412111],1.0
COMPOUND 10 [PMID: 34989568],1.0
J-2156,1.0
AKK(THIOAC)LM21,1.0
SELIFORANT,1.0
IPN60090,1.0
MGIPANT-1,1.0
19(R)-OH-PGE2,1.0
MISOPROSTOL,1.0
FLUPERLAPINE,1.0
GAL-B2-C14,1.0
LIXISENATIDE,1.0
EXENDIN-3,1.0
GALANIN(3-29) (RAT/MOUSE),1.0
GALANIN(2-29) (RAT/MOUSE),1.0
DY131,1.0
ANTI-GPA33/CD3 MONOCLONAL ANTIBODY MGD007,1.0
P-MPPI,1.0
BMY-14802,1.0
AZD1080,1.0
CHIR-98014,1.0
RS 93520,1.0
C1-27,1.0
PSB-17365,1.0
FEVIPIPRANT,1.0
AS16,1.0
GLP-2 ANALOGUE 10,1.0
"7&ALPHA;,25-DIHYDROXYCHOLESTEROL",1.0
COMPOUND 42 [PMID: 22545772],1.0
COMPOUND 29A [PMID: 21444206],1.0
JNJ-38431055,1.0
IMPROGAN,1.0
GRANDININ,1.0
VOLANESORSEN,1.0
PYRONARIDINE,1.0
"2',3'-DIDEOXYADENOSINE TRIPHOSPHATE",1.0
ELIAPIXANT,1.0
ZIMBERELIMAB,1.0
VU0422288,1.0
GSK-J1,1.0
NF023,1.0
"[125I]OREXIN A (HUMAN, MOUSE, RAT)",1.0
[3H]-TCS 1102,1.0
CHEMBL:CHEMBL444161,1.0
CHEMBL:CHEMBL367966,1.0
NAMITECAN,1.0
WDUO3,1.0
W-84,1.0
CHEMBL:CHEMBL92309,1.0
MLN0905,1.0
AG-122018,1.0
PSB603,1.0
2-PHENYLETHYLYL-ADENOSINE DERIVATIVE,1.0
LY-288513,1.0
CANNABINOR,1.0
TTK21,1.0
BW 245C,1.0
PRIDINOL,1.0
COMPOUND 5E [PMID: 17975902],1.0
AMTOLMETIN GUACIL,1.0
CHEMBL:CHEMBL1504762,1.0
PX-12,1.0
VORETIGENE NEPARVOVEC,1.0
KAI-1678,1.0
SAF312,1.0
COMPOUND 39 [PMID: 36402081],1.0
20-HETE,1.0
SUCUNAMOSTAT,1.0
XANTHURENATE,1.0
RIFAXIMIN,1.0
DODECYLPHOSPHATE,1.0
TIAZOFURIN,1.0
CHEMBL:CHEMBL607138,1.0
LPA,1.0
SKF 105854,1.0
DALBAVANCIN,1.0
ZOFENOPRIL,1.0
CHEMBL:CHEMBL8488,1.0
DAMINOZIDE,1.0
MG149,1.0
RIFABUTIN,1.0
COMPOUND 7A [PMID: 33730669],1.0
NALMEFENE HYDROCHLORIDE,1.0
ALOISINE,1.0
STX-107,1.0
LYS006,1.0
SL422,1.0
CHEMBL:CHEMBL1255758,1.0
EPTACOG ALFA (ACTIVATED),1.0
IROSUSTAT,1.0
CHEMBL:CHEMBL580159,1.0
CHEMBL:CHEMBL577415,1.0
HINSL5: A8-21 (T15K),1.0
PD-170292,1.0
VUF 8328,1.0
PRL-2915,1.0
BIM 23295,1.0
EPOPROSTENOL SODIUM,1.0
TIMBETASIN,1.0
HELATX1,1.0
CHEMBL:CHEMBL464631,1.0
BIHELICAL APOA-I MIMETIC PEPTIDE 5A,1.0
CHEMBL:CHEMBL526981,1.0
COMPOUND 22E [PMID: 20167483],1.0
SCH 37370,1.0
OBICETRAPIB,1.0
FMS-RELATED TYROSINE KINASE 3 LIGAND,1.0
TUG-1197,1.0
PTD10,1.0
FLUNARIZINE HYDROCHLORIDE,1.0
TAS-103,1.0
POSTSTATIN,1.0
"[SAR1,GLY4,GLY8]ANG-II",1.0
CAPADENOSON,1.0
COMPOUND 21K [PMID: 34985886],1.0
DALTROBAN,1.0
ICATIBANT ACETATE,1.0
COMPOUND V [PMID: 29351497],1.0
COMPOUND 21 [PMID: 22802221],1.0
BENZHYDROCODONE HYDROCHLORIDE,1.0
CHEMBL:CHEMBL1569213,1.0
CHEMBL:CHEMBL2094422,1.0
2-BENZOYL-5-METHOXYBENZOQUINONE,1.0
RET INHIBITOR HS-10365,1.0
MIMOPEZIL,1.0
SPIRAPRILAT,1.0
CHIPS,1.0
GW837331X,1.0
COUMARIN-3-CARBOXYLIC ACID,1.0
RET INHIBITOR TY-1091,1.0
FEDOVAPAGON,1.0
CHEMBL:CHEMBL1162298,1.0
LY2979165,1.0
ALTROPANE I-123,1.0
SOPHORAFLAVANONE G,1.0
DEUCRICTIBANT,1.0
NE21650,1.0
CTLA-4-TARGETING AGENT,1.0
BOVINE ADRENAL MEDULLA PEPTIDE 8-22,1.0
GTP-14564,1.0
GSK-711701A,1.0
COMPOUND 22 [PMID: 21823616],1.0
COMPOUND 27 [PMID: 24900635],1.0
A-674563,1.0
HYDRASTININE,1.0
[3H]TBZOH,1.0
GI‐530159,1.0
"7&ALPHA;,27-DIHYDROXYCHOLESTEROL",1.0
UM-9,1.0
AGL 2043,1.0
[3H]SR 121463A,1.0
IPAFRICEPT,1.0
"(5Z)-5-[(5-BROMOTHIOPHEN-2-YL)METHYLIDENE]-1-METHYL-2-SULFANYLIDENE-1,3-DIAZINANE-4,6-DIONE",1.0
CERULETIDE,1.0
RECOMBINANT FACTOR VIIA,1.0
CEFOTIAM HYDROCHLORIDE,1.0
CHEMBL:CHEMBL584849,1.0
MYRIOCIN,1.0
OCTYLONIUM,1.0
CHEMBL:CHEMBL500812,1.0
CASTANOSPERMINE,1.0
CCG-63808,1.0
CHEMBL:CHEMBL1682202,1.0
ATAMESTANE,1.0
OXYPHENONIUM,1.0
CHEMBL:CHEMBL459574,1.0
VIPADENANT,1.0
DIAZEPINOMICIN,1.0
TOZADENANT,1.0
PROPOXYCAINE,1.0
CHEMBL:CHEMBL585243,1.0
"2,3,4,4'-TETRAMETHOXYBIPHENYL",1.0
HYMECROMONE METHYL ETHER,1.0
CHEMBL:CHEMBL521171,1.0
DOFEQUIDAR FUMARATE,1.0
PURGIN II,1.0
CHEMBL:CHEMBL589270,1.0
DIPHENOXYLATE,1.0
CHAULMOSULFONE,1.0
TEGAFUR-GIMERACIL-OTERACIL POTASSIUM,1.0
SONEPCIZUMAB,1.0
NEDOSIRAN,1.0
LOSIGAMONE,1.0
METHYL ANTHRANILATE,1.0
CINTAZONE,1.0
MECYSTEINE HYDROCHLORIDE,1.0
NISOXETINE HYDROCHLORIDE,1.0
DP-VPA,1.0
CHEMBL:CHEMBL1501622,1.0
CO-TRIMOXAZOLE,1.0
COMPOUND 16 [PMID: 31977207],1.0
N-METHYLCALOTHRIXIN B,1.0
MALTOL,1.0
MAKALUVAMINE A,1.0
MEFLOQUINE,1.0
INSL3 B CHAIN DIMER ANALOGUE 8,1.0
DRB,1.0
VIALININ A,1.0
SOVESUDIL,1.0
CHEMBL:CHEMBL269450,1.0
THUNBERGINOL A,1.0
OPTOBI-1,1.0
LY2828360,1.0
CHEMBL:CHEMBL600107,1.0
CHEMBL:CHEMBL1366623,1.0
CHEMBL:CHEMBL589444,1.0
1-ALLYL-2-[3-(ISOPROPYLAMINO)PROPOXY]-9H-XANTHEN-9-ONE,1.0
E5700,1.0
COMPOUND 3 [PMID: 19191557],1.0
GR 125487,1.0
RS 100235,1.0
SOBETIROME,1.0
PICO145,1.0
MITEMCINAL FUMARATE,1.0
VESAMICOL,1.0
[PEN5]U-(4-11) (HUMAN),1.0
ANTIANXIETY AGENT,1.0
PENICILLIN V BENZATHINE,1.0
CHLORACYZINE,1.0
ASPIRIN-TRIGGERED RESOLVIN D1,1.0
MK0731,1.0
LUMASIRAN,1.0
SITAMAQUINE,1.0
CTA018,1.0
ANTI-PKN3 SIRNA ATU027,1.0
PAPAVEROLINE,1.0
MAGNESIUM CHLORIDE ANHYDROUS,1.0
CLOFIBRIC ACID,1.0
VINBURNINE,1.0
ALKYLSULFONATE COMPOUND,1.0
BROMOETHANE,1.0
GLYASPERIN D,1.0
SB-633825,1.0
CHEMBL:CHEMBL582180,1.0
CGS 21680,1.0
PIPERTRAMINE,1.0
SINEFUNGIN,1.0
CHEMBL:CHEMBL318892,1.0
CHEMBL:CHEMBL603154,1.0
CHEMBL:CHEMBL589723,1.0
CHEMBL:CHEMBL2028050,1.0
CHEMBL:CHEMBL78920,1.0
CHEMBL:CHEMBL62231,1.0
BV-6,1.0
CGP42112,1.0
"(R,S)-PHPNECA",1.0
IMIDAPRILAT,1.0
TENATUMOMAB,1.0
LATIGLUTENASE,1.0
RETINOID X RECEPTOR AGONIST IRX4204,1.0
JTV-803,1.0
EXAMPLE 13 [WO2009109743],1.0
BQ 3020,1.0
[125I]SARAFOTOXIN S6B,1.0
ALPIDEM,1.0
DESULFATED CHOLECYSTOKININ-8,1.0
OZAGREL,1.0
"COMPOUND 9 [KUMAR ET AL., 2019]",1.0
AMG820,1.0
SNX482,1.0
ACETYLCHOLINE CHLORIDE,1.0
2F-MT-45,1.0
R-PSOP,1.0
DOLASETRON MESYLATE,1.0
NEUROMEDIN B,1.0
"D-NAL,CYS,TYR,D-TRP,ORN,VAL,CYS,NAL-NH2",1.0
BIO-32546,1.0
AMOCARZINE,1.0
ZY15557,1.0
ST-1478,1.0
GR 175737,1.0
PBP10,1.0
"13,14-DIHYDRO-16-M-CHLOROPHENOXY-W-TETRANOR-PGF1&ALPHA;",1.0
CG250 111IN,1.0
LSP4-2022,1.0
COMPOUND 31 [PMID: 20936789],1.0
METOPROLOL TARTRATE,1.0
"DESGLYNH2-D(CH2)5[TYR(ME)2,THR4,ORN8]OT",1.0
FOROPAFANT,1.0
BRADYZIDE,1.0
TRIHEXYPHENIDYL HYDROCHLORIDE,1.0
"COMPOUND 1C [BROWN ET AL., 1997]",1.0
TAN-67,1.0
RABUSERTIB,1.0
ADENOSINE-3'-5'-BISPHOSPHATE,1.0
MHC BINDING PEPTIDE,1.0
SOFINICLINE,1.0
ABT-107,1.0
EVT401,1.0
LY2969822,1.0
IMGN-388,1.0
AZD6495,1.0
SOTEVTAMAB,1.0
"[125I]ET-1 (HUMAN, MOUSE, RAT)",1.0
[125I][TYR4]BOMBESIN,1.0
GSK1521498,1.0
GUANOSINE-5'-TRIPHOSPHATE,1.0
DELTIBANT,1.0
ST-1006,1.0
COMPOUND 35 [PMID: 24157366],1.0
YM976,1.0
FOLATE RECEPTOR-TARGETED VINCA ALKALOID EC0489,1.0
TIGAPOTIDE,1.0
JNJ-54175446,1.0
JNJ-49095397,1.0
GUANOSINE,1.0
TANOGITRAN,1.0
CHEMBL:CHEMBL280099,1.0
CHEMBL:CHEMBL1984884,1.0
"D(CH2)5[TYR(ME)2,THR4]OVT",1.0
PLITIDEPSIN,1.0
TAUROCHOLIC ACID,1.0
PHENINDAMINE,1.0
SETMELANOTIDE ACETATE,1.0
7-ETHYL-10-HYDROXYCAMPTOTHECIN,1.0
ANGIOTENSIN A,1.0
XEN907,1.0
2-O-ETHYL-PAF C-16,1.0
COAGULATION FACTOR IX RECOMBINANT IMMUNOGLOBULIN G1 FUSION PROTEIN,1.0
ROSMANTUZUMAB,1.0
PRRP-31,1.0
J-104118,1.0
F PEPTIDE,1.0
ALA(1-NAPH)-PRO-CN,1.0
CYCLOSPORIN H,1.0
3570-0208 [PMID:19807662],1.0
"CALCITRIOL-26,23-LACTONE",1.0
TRPV6 INHIBITOR CIS-22 A,1.0
[3H]SQ-29548,1.0
[125I]SAP,1.0
COMPOUND 53 [PMID: 33038794],1.0
SLF1081851,1.0
1-ALLYL-2-[3-(ISOPROPYLAMINO)PROPOXY]-9H-CARBAZOLE,1.0
RO64-6198,1.0
AS1269574,1.0
TY-52156,1.0
A(&DELTA;10/15C)INSL3,1.0
COMPOUND 24 [PMID: 15955699],1.0
GSK3145095,1.0
SITAXENTAN SODIUM,1.0
F16IL2,1.0
MDX-070,1.0
P6949,1.0
BRECANAVIR,1.0
MOROLIMUMAB,1.0
ANTALARMIN,1.0
ZARAGOZIC ACID A,1.0
SARIPIDEM,1.0
QGC-001,1.0
OTSSP167,1.0
SERELAXIN,1.0
ALEMCINAL,1.0
NECITUMUMAB,1.0
ENDOTHELIN-3,1.0
PD-156707,1.0
ALVERINE CITRATE,1.0
ERAS-5024,1.0
ISCHEMIN,1.0
MARGETUXIMAB,1.0
COMPOUND 51 [PMID: 19743866],1.0
TX1-85-1,1.0
AURAPTENE,1.0
RESMETIROM,1.0
URIDINE MONOPHOSPHATE,1.0
T-0632,1.0
TERBOGREL,1.0
XEN-D0501,1.0
VIPIVOTIDE TETRAXETAN,1.0
LANDIOLOL,1.0
RAMATERCEPT,1.0
THONZONIUM,1.0
LTE4,1.0
ANGIOTENSIN III,1.0
MRS1093,1.0
CHMFL-BTK-11,1.0
EXAMPLE A225 [WO2012170976A2],1.0
COMPOUND 36 [PMID: 21958547],1.0
TP-472,1.0
ZD-6126,1.0
VANADATE,1.0
[NPHE1]N/OFQ-(1-13)-NH2,1.0
CHEMBL:CHEMBL602400,1.0
EDIVOXETINE,1.0
KHRINONE E,1.0
EVOXINE,1.0
HYDRAZINE,1.0
CHEMBL:CHEMBL338115,1.0
X4-HIV-1 GP120,1.0
GW841819X,1.0
ELSIGLUTIDE,1.0
TOCAINIDE,1.0
BMS-830216,1.0
AZD1656,1.0
A425619,1.0
METHYL DEOXYCHOLATE,1.0
MLN-120B,1.0
COMPOUND 24D [PMID: 23357634],1.0
BPH-830,1.0
BREMELANOTIDE ACETATE,1.0
"2,3',4,5'-TETRAMETHOXYSTILBENE",1.0
"L-796,778",1.0
PENTAZOCINE LACTATE,1.0
YH18968,1.0
BET BROMODOMAIN INHIBITOR ZEN-3694,1.0
CHEMBL:CHEMBL533399,1.0
LABRADIMIL,1.0
AMONAFIDE,1.0
LUF5962,1.0
CHEMBL:CHEMBL84472,1.0
YHJ1039,1.0
AUNP-12,1.0
RWJ-56110,1.0
COMPOUND 28 [PMID: 35439002],1.0
WF-47-JS03,1.0
DOMITROBAN,1.0
STA2,1.0
TFLLR-NH2,1.0
REFANEZUMAB,1.0
HALICIN,1.0
ACETAMINOPHEN GLUCURONIDE,1.0
PSN357,1.0
[3H]NPVF,1.0
COMPOUND 21N [PMID: 17656086],1.0
PF-04418948,1.0
ZIBOTENTAN,1.0
NGX267,1.0
MITEMCINAL,1.0
DEZOCINE,1.0
DG031,1.0
L6H21,1.0
NI2+,1.0
IRAK3 PROTAC 23,1.0
"N,N-DIMETHYLHISTAMINE",1.0
FAT EMULSION,1.0
SIR1-365,1.0
BOMA,1.0
AP811,1.0
BX 048,1.0
NF279,1.0
[125I]Y-RFRP-3,1.0
UFP-112,1.0
CHEMBL:CHEMBL546531,1.0
M617,1.0
D-23487,1.0
SEMULOPARIN,1.0
LANABECESTAT,1.0
MAMBALGIN-1,1.0
PSALMOTOXIN 1,1.0
COMPOUND 21B [PMID: 31136173],1.0
&RHO;-DA1A,1.0
IMPROMIDINE,1.0
BURIMAMIDE,1.0
COMPOUND 18E [PMID: 31670517],1.0
SAFIT1,1.0
FD-1,1.0
GAL-B2-DPEG24,1.0
SRI37892,1.0
LXA4,1.0
BROMODIPHENHYDRAMINE,1.0
ITOLIZUMAB,1.0
DANICOPAN,1.0
CERLIPONASE ALFA,1.0
ACT-777991,1.0
MW05,1.0
ML315,1.0
FLU-CCL3,1.0
MOCRAVIMOD HYDROCHLORIDE,1.0
BENZONATATE,1.0
LITHOCHOLYLCHOLINE,1.0
METHOCTRAMINE,1.0
LY2033298,1.0
OREGOVOMAB,1.0
GTS-21,1.0
EPROTIROME,1.0
PD159790,1.0
PEROSPIRONE,1.0
NCX 1022,1.0
DIPROTEVERINE,1.0
SURINABANT,1.0
RIMIDUCID,1.0
MDR MODULATOR CBT-1,1.0
SABARUBICIN,1.0
TC-6987,1.0
CHEMBL:CHEMBL1087333,1.0
AZETUKALNER,1.0
PEGVALIASE,1.0
STIRIPENTOL,1.0
MEBUTAMATE,1.0
METHARBITAL,1.0
SSR-126517E,1.0
BRINZOLAMIDE,1.0
[11C]SB207145,1.0
BUTOXAMINE,1.0
XAMOTEROL,1.0
PF-06684511,1.0
ANGIOTENSIN IV,1.0
NE58018,1.0
WAY-213613,1.0
VPC171,1.0
COMPOUND 2 [PMID: 28621538],1.0
"CP-481,715",1.0
ENTACAPONE,1.0
ESTRADIOL DISULFATE,1.0
BQ-123,1.0
CIMETROPIUM BROMIDE,1.0
DO264,1.0
COMPOUND 1 [PMID: 25408830],1.0
INTOPLICINE,1.0
FK-453,1.0
A61603,1.0
A-119637,1.0
20-HYDROXY-LTB4,1.0
COMPOUND 3L [PMID: 30637955],1.0
COMPOUND 2 [PMID: 28379944],1.0
GW819077X,1.0
AZD2516,1.0
LEMBOREXANT,1.0
ODELEPRAN,1.0
SSR180711,1.0
NADOLOL,1.0
ANGIOTENSIN-(1-7),1.0
E-7820,1.0
FRAKEFAMIDE,1.0
ESUBERAPROST,1.0
TARANABANT,1.0
3-HYDROXYCOUMARIN,1.0
RO0094889,1.0
"PYRIDINE-2,5-DICARBOXYLIC ACID",1.0
CHEMBL:CHEMBL237570,1.0
ATILMOTIN,1.0
BRANAPLAM,1.0
BET INHIBITOR RO6870810,1.0
MK-1454,1.0
ETHYLMORPHINE,1.0
SOMAVARATAN,1.0
SAFOTIBANT,1.0
OT-551,1.0
JNJ-39393406,1.0
CHEMBL:CHEMBL592044,1.0
AMOPYROQUINE,1.0
GW580509X,1.0
CHEMBL:CHEMBL600255,1.0
AZELASTINE,1.0
CHEMBL:CHEMBL601492,1.0
CHEMBL:CHEMBL596082,1.0
CHEMBL:CHEMBL1452227,1.0
DIETHYLTOLUAMIDE,1.0
DORZOLAMIDE HYDROCHLORIDE,1.0
GUANABENZ,1.0
PASIREOTIDE DIASPARTATE,1.0
CHEMBL:CHEMBL2047666,1.0
CHEMBL:CHEMBL101804,1.0
HEXOCYCLIUM METHYLSULFATE,1.0
EPINASTINE HYDROCHLORIDE,1.0
CHEMBL:CHEMBL1370674,1.0
CHEMBL:CHEMBL589946,1.0
STILBAMIDINE,1.0
GRAPEFRUIT JUICE,1.0
WARFARIN SODIUM,1.0
MMK-1,1.0
"PYRAZOLONE, 1",1.0
ADH-1,1.0
CHEMBL:CHEMBL1773343,1.0
MONNA,1.0
NDT9520492,1.0
"[THI5,8,D-PHE7]BRADYKININ",1.0
CIPEPOFOL,1.0
TEDUGLUTIDE,1.0
CHEMBL:CHEMBL592786,1.0
QUINALPHOS,1.0
CHEMBL:CHEMBL527730,1.0
STEARIC ACID,1.0
2-MERCAPTOETHANESULFONIC ACID,1.0
CHEMBL:CHEMBL103098,1.0
CODEINE SULFATE,1.0
CHEMBL:CHEMBL548681,1.0
METHYL AMINOLEVULINATE,1.0
PIRIQUALONE,1.0
VASCULAR DISRUPTING AGENT BNC105P,1.0
CHEMBL:CHEMBL547483,1.0
CHEMBL:CHEMBL444075,1.0
BIOTIN,1.0
HYDROXYSTILBAMIDINE,1.0
SEPIAPTERIN,1.0
PLUKENETIONE A,1.0
CHEMBL:CHEMBL95502,1.0
GLYCOCHENODEOXYCHOLIC ACID,1.0
ORYZATENSIN,1.0
PHTX-11,1.0
3F-MT-45,1.0
NS-220,1.0
AYPGKF-NH2,1.0
[32P]MRS2500,1.0
YM-022,1.0
Z-VDVAD-FMK,1.0
CATPB,1.0
CHEMBL:CHEMBL586962,1.0
ALPRENOLOL HYDROCHLORIDE,1.0
"INS(3,4,5,6)P4",1.0
BIMU 8,1.0
ATABECESTAT,1.0
T-98475,1.0
HEXYLCAINE HYDROCHLORIDE,1.0
[125I]GDNF (RAT),1.0
COMPOUND 1754-31 [PMID: 23788657],1.0
[3H]NPC17731,1.0
AM-37,1.0
MRE 3010F20,1.0
COMPOUND 9 [PMID: 11606127],1.0
TEDALINAB,1.0
VU0364739,1.0
CHLOPHEDIANOL,1.0
APRACLONIDINE HYDROCHLORIDE,1.0
PPI-2458,1.0
ALDH2 ACTIVATOR FP-045,1.0
BENZYL CAFFEATE,1.0
APTIGANEL HYDROCHLORIDE,1.0
FT-1101,1.0
MOTILIN,1.0
NCX-4016,1.0
ZOPTARELIN DOXORUBICIN,1.0
EVINACUMAB,1.0
DCDPC,1.0
PENTAZOCINE HYDROCHLORIDE,1.0
MBX-2982,1.0
ANDOLAST,1.0
ALBIGLUTIDE,1.0
RTI-336,1.0
NELADENOSON,1.0
PROCYSTEINE,1.0
CHEMBL:CHEMBL1467200,1.0
MEVOCICLIB,1.0
TROTABRESIB,1.0
LIPOSOMAL SN-38,1.0
ALPHA-THUJAPLICIN,1.0
GW680975X,1.0
PBT-3,1.0
CHEMBL:CHEMBL398021,1.0
SUVN-911,1.0
PSEUDOEPHEDRINE POLISTIREX,1.0
PROCYCLIDINE HYDROCHLORIDE,1.0
GW572401X,1.0
FLAVOKAWAIN A,1.0
CHEMBL:CHEMBL590674,1.0
DELAVIRDINE,1.0
CHEMBL:CHEMBL2203703,1.0
BMS-509744,1.0
MIZOLASTINE,1.0
BAYCYSLT2,1.0
IGE HEAVY CHAIN,1.0
VUF 4904,1.0
UCL-2138,1.0
G-1,1.0
D-24710,1.0
(-)-RO 363,1.0
TRANDOLAPRILAT,1.0
SNAP5089,1.0
GRC-17536,1.0
LANADELUMAB-FLYO,1.0
PEPTIDE 22D,1.0
"BN-81,674",1.0
AM-1473,1.0
VEPAFESTINIB,1.0
RET INHIBITOR EP0031,1.0
GLP-1,1.0
ACLIMOSTAT,1.0
TIOTROPIUM BROMIDE,1.0
MEPRYLCAINE,1.0
RILPIVIRINE,1.0
PROTOXIN II,1.0
THENALIDINE,1.0
POLYGLUTAMATE CAMPTOTHECIN,1.0
GT 389-255,1.0
PROPIOMAZINE HYDROCHLORIDE,1.0
TREPROSTINIL DIOLAMINE,1.0
VELNEPERIT,1.0
PALOSURAN,1.0
CV-1674,1.0
CHEMBL:CHEMBL547924,1.0
CHEMBL:CHEMBL313154,1.0
LY2275796,1.0
APILIMOD,1.0
DEXTOFISOPAM,1.0
OTENABANT,1.0
RG-7741,1.0
SCH-900776,1.0
ROXARSONE,1.0
CHEMBL:CHEMBL1379900,1.0
CHEMBL:CHEMBL591412,1.0
BUTOBARBITAL,1.0
ENDOTHELIN-1,1.0
PSB36,1.0
ADO-TRASTUZUMAB EMTANSINE,1.0
NEBRACETAM,1.0
ETROLIZUMAB,1.0
EPIBATIDINE,1.0
CHEMBL:CHEMBL1600564,1.0
CHEMBL:CHEMBL164585,1.0
CHEMBL:CHEMBL383144,1.0
CEFAMANDOLE NAFATE,1.0
CHEMBL:CHEMBL357170,1.0
GPI-1485,1.0
LEVOBETAXOLOL HYDROCHLORIDE,1.0
ETHACRYNATE SODIUM,1.0
CHLOROTHIAZIDE SODIUM,1.0
PRALNACASAN,1.0
GW621970X,1.0
ROMOSOZUMAB,1.0
PF-04447943,1.0
WNT-974,1.0
PEPTIDE YY HUMAN (3-36),1.0
CHEMBL:CHEMBL64239,1.0
IMINOSTILBENE,1.0
CHEMBL:CHEMBL580071,1.0
SECAUBRYOLIDE,1.0
NITIDINE CHLORIDE,1.0
CHEMBL:CHEMBL1673039,1.0
LY-2608204,1.0
PENTAGASTRIN,1.0
CGP 55845,1.0
CHEMBL:CHEMBL2171807,1.0
AV608,1.0
DOXORUBICIN-HPMA CONJUGATE,1.0
CYANOPEPTOLIN S,1.0
CHEMBL:CHEMBL1762593,1.0
CHEMBL:CHEMBL538104,1.0
CHEMBL:CHEMBL6931,1.0
GSK-299115A,1.0
CHEMBL:CHEMBL582507,1.0
CHEMBL:CHEMBL585966,1.0
PITTSBURGH COMPOUND B,1.0
SATAVAPTAN,1.0
AZATADINE,1.0
LAMELLARIN D,1.0
F2L,1.0
COMPOUND 20O [PMID: 22984835],1.0
CHEMBL:CHEMBL1394328,1.0
CHEMBL:CHEMBL587433,1.0
MORIN,1.0
AESCULIOSIDE IIIF,1.0
"(R,S)-IFENPRODIL",1.0
CHEMBL:CHEMBL1368535,1.0
CHEMBL:CHEMBL1376851,1.0
HISTAMINE PHOSPHATE,1.0
SOLOMONSTEROL B,1.0
CHEMBL:CHEMBL1570199,1.0
CHLORPROGUANIL,1.0
IMIDAFENACIN,1.0
BEROTRALSTAT HYDROCHLORIDE,1.0
CHEMBL:CHEMBL300662,1.0
[3H]CGS 21680,1.0
EXAMPLE 2 [WO2013004676],1.0
SOLIFENACIN SUCCINATE,1.0
CHEMBL:CHEMBL586344,1.0
LIRENTELIMAB,1.0
ECLITASERTIB,1.0
DIAZOXIDE CHOLINE,1.0
CONESSINE,1.0
JINGZHAOTOXIN-III,1.0
[3H]DIHYDROALPRENOLOL,1.0
GW805758X,1.0
7-NITROINDAZOLE,1.0
TIOCARLIDE,1.0
(S)-&ALPHA;-METHYLHISTAMINE,1.0
AES-103,1.0
LARGE NEUROMEDIN N,1.0
"[(CH2NH)4,5]SECRETIN",1.0
ETIOCHOLANOLONE,1.0
KPR-5714,1.0
AM-0883,1.0
AM12,1.0
COMPOUND 130 [PMID: 29157600],1.0
"H-C[CYS-PHE-LAGL(N&BETA;ME,BENZOYL)-DTRP-LYS-THR-PHE-CYS]-OH",1.0
12-EPI LTB4,1.0
GSK9772,1.0
CHEMBL:CHEMBL534675,1.0
AUSTOCYSTIN D,1.0
"L-156,602",1.0
DEXCHLORPHENIRAMINE MALEATE,1.0
CUPRESSUFLAVONE,1.0
AC-RYYRWK-NH2,1.0
SIVOPIXANT,1.0
CHEMBL:CHEMBL1092740,1.0
GLUCAGON-LIKE PEPTIDE 1-(7-36) AMIDE,1.0
CINSEBRUTINIB,1.0
CHEMBL:CHEMBL587759,1.0
TUMOUR NECROSIS FACTOR MEMBRANE FORM,1.0
S-14671,1.0
GW680191X,1.0
COMPOUND 36 [PMID: 21273063],1.0
CEFATRIZINE,1.0
CHEMBL:CHEMBL2171794,1.0
EPTACOG ALFA PEGOL (ACTIVATED),1.0
BMS-770767,1.0
CHEMBL:CHEMBL605708,1.0
CHEMBL:CHEMBL601135,1.0
GLUCAGON HYDROCHLORIDE,1.0
NOVOKININ,1.0
EPOFOLATE,1.0
ZACOPRIDE,1.0
PF-05241328,1.0
COAGULATION FACTOR IX,1.0
THIOLUTIN,1.0
COMPOUND 72 [WO2013026806],1.0
TIMAPIPRANT,1.0
MRS1088,1.0
FELCISETRAG,1.0
MK-3577,1.0
FIRTECAN PEGOL,1.0
CIFORADENANT,1.0
CHLOROTOXIN,1.0
BM213,1.0
CHEMBL:CHEMBL409102,1.0
COAGULATION FACTOR VIIA (RECOMBINANT)-JNCW,1.0
OZANIMOD HYDROCHLORIDE,1.0
HYOSCYAMINE,1.0
I-CBP112,1.0
MONOCLONAL ANTIBODY 3H1 ANTI-IDIOTYPE VACCINE,1.0
PHENIRAMINE,1.0
CHEMBL:CHEMBL1627202,1.0
UROLININ,1.0
SETRUSUMAB,1.0
ND-2110,1.0
DEFERITAZOLE,1.0
[125I]PSALMOTOXIN 1,1.0
SOS1 PROTAC 9D,1.0
SEMAGLUTIDE,1.0
ACT-1014-6470,1.0
BICIROMAB BRALLOBARBITAL,1.0
ARGIPRESSIN TANNATE,1.0
CHEMBL:CHEMBL1446150,1.0
SELODENOSON,1.0
VOLAGIDEMAB,1.0
TRIMAZOSIN,1.0
NEUROMEDIN B (1-30) (HUMAN),1.0
UCM-14216,1.0
COMPOUND 12 [PMID: 31990537],1.0
INHIBITOR 19 [PMID: 21476495],1.0
AH 11110,1.0
REMIMAZOLAM BESYLATE,1.0
[TYR8]BRADYKININ,1.0
MS436,1.0
ARV-771,1.0
OXOPURPUREINE,1.0
CHEMBL:CHEMBL592123,1.0
BEPRANEMAB,1.0
CD30 LIGAND,1.0
"SECRETIN HUMAN, SYNTHETIC",1.0
GANIRELIX ACETATE,1.0
CARBINOXAMINE MALEATE,1.0
AMG-167,1.0
IKK-BETA INHIBITOR R-28,1.0
HYDROXOCOBALAMIN,1.0
AL12180,1.0
VERINURAD,1.0
MEBENDAZOLE,1.0
ARCITUMOMAB,1.0
CYP17/CYP11B2 INHIBITOR LAE001,1.0
MK-0354,1.0
TASPOGLUTIDE,1.0
SIVELESTAT,1.0
CHEMBL:CHEMBL586078,1.0
BAY-73-1449,1.0
TROPLASMINOGEN ALFA,1.0
AS2717638,1.0
A-71915,1.0
G36,1.0
NALOXEGOL,1.0
DROXIDOPA,1.0
CRINECERFONT,1.0
EXAMPLE 320 [WO2018198077A2],1.0
[125I]ACTH-(1-24),1.0
CORTICOTROPIN-ZINC HYDROXIDE,1.0
MCH (SALMON),1.0
SOFPIRONIUM BROMIDE,1.0
ONVATILIMAB,1.0
FZM1,1.0
GSK334429,1.0
(R)-PROCYCLIDINE,1.0
CHEMBL:CHEMBL1287866,1.0
DEXMECAMYLAMINE,1.0
FLINDOKALNER,1.0
LITRONESIB,1.0
CHEMBL:CHEMBL580516,1.0
GTP,1.0
CHEMBL:CHEMBL604538,1.0
OLICERIDINE,1.0
WNT-4,1.0
OBATOCLAX,1.0
CHECKPOINT KINASE INHIBITOR AZD7762,1.0
SBI-0206965,1.0
PWT2-N/OFQ,1.0
SLB1122168,1.0
CHEMBL:CHEMBL6665,1.0
DS88790512,1.0
NELARABINE,1.0
CHEMBL:CHEMBL494081,1.0
EMICERFONT,1.0
[3H]LTB4,1.0
A-349821,1.0
CRILVASTATIN,1.0
ELECLAZINE,1.0
XMU-MP-1,1.0
HYDROCODONE POLISTIREX,1.0
HEXAFLUORENIUM BROMIDE,1.0
[3H]ESTRADIOL-17&BETA;-GLUCURONIDE,1.0
NY0116,1.0
NOCICEPTIN/ORPHANIN FQ,1.0
GR138676,1.0
SNAP 37889,1.0
VUF 5207,1.0
CHEMBL:CHEMBL42661,1.0
QUINOSTATIN,1.0
BMS-986120,1.0
P4PAL-10,1.0
"2,2'-PYRIDYLISATOGEN TOSYLATE",1.0
COMPOUND 3A [PMID: 12238936],1.0
COMPOUND 48 [PMID: 25815140],1.0
AZD3161,1.0
CP-601927,1.0
BAY1214784,1.0
[TRP8]GNRH,1.0
FERTIRELIN,1.0
CHEMBL:CHEMBL2028056,1.0
PB-28,1.0
AMG517,1.0
OAG,1.0
POLYGODIAL,1.0
COMPOUND 15 [PMID: 35450354],1.0
TETRAHYDROCANNABIVARIN,1.0
[125I]PRRP-20 (HUMAN),1.0
GSK-3179106,1.0
GNE-064,1.0
CHEMBL:CHEMBL587615,1.0
CHEMBL:CHEMBL531451,1.0
COMPOUND 8 [PMID: 19191557],1.0
CHEMBL:CHEMBL576175,1.0
BMS309403,1.0
COMPOUND 14 [PMID: 19191557],1.0
ATLA2,1.0
QUIN-C1,1.0
FMET-ILE-VAL-THR-LEU-PHE,1.0
COMPOUND R-(-)-5F [PMID: 22607879],1.0
VATIQUINONE,1.0
PENECA,1.0
ANTI-CA6-DM4 IMMUNOCONJUGATE SAR566658,1.0
RELACATIB,1.0
HOMOERIODICTYOL,1.0
CHEMBL:CHEMBL260980,1.0
CHEMBL:CHEMBL244023,1.0
CHEMBL:CHEMBL2171803,1.0
[3H]4-DAMP,1.0
MITIGLINIDE CALCIUM DIHYDRATE,1.0
IOBENGUANE I-131,1.0
VOLIXIBAT,1.0
NOBERASTINE,1.0
DARUSENTAN,1.0
BMS-863233,1.0
COMPOUND 19A [PMID: 24359159],1.0
"L-366,682",1.0
GPR15L,1.0
GOSSYPOL ACETIC ACID,1.0
PROPANIDID,1.0
PF-04957325,1.0
BAY607550,1.0
BC11-38,1.0
COMPOUND 15 [PMID: 33738061],1.0
ST-2191,1.0
BMS-986104 DERIVATIVE 12,1.0
GSK-923295,1.0
COMPOUND 37 [PMID: 16250654],1.0
METHYLDOPATE HYDROCHLORIDE,1.0
PRELADENANT,1.0
COMPOUND 15 [PMID: 25411721],1.0
GNRH I,1.0
M1151,1.0
M40,1.0
FUB 349,1.0
A-317920,1.0
METHANTHELINE,1.0
E7,1.0
LACTOMEDIN 1,1.0
NDT9513727,1.0
SODIUM TETRADECYL SULFATE,1.0
A-85380,1.0
POLYTHIAZIDE,1.0
MITIGLINIDE,1.0
LYSOPHOSPHATIDYLSERINE,1.0
CORREOLIDE,1.0
CM-TPMF,1.0
CHMFL-KIT-8140,1.0
AC-HMCH-(6-16)-NH2,1.0
ASIP [90-132 (L89Y)],1.0
TINODASERTIB,1.0
STREPTOKINASE,1.0
ADENINE,1.0
"[3H]CCK-8 (HUMAN, MOUSE, RAT)",1.0
RPI-MN,1.0
COMPOUND 7 [PMID: 31955578],1.0
BIBP3226,1.0
KS0365,1.0
DIPIVEFRIN,1.0
TRIPELENNAMINE,1.0
CHEMBL:CHEMBL448084,1.0
CHEMBL:CHEMBL529177,1.0
CHEMBL:CHEMBL547245,1.0
CHEMBL:CHEMBL275200,1.0
GARENOXACIN,1.0
PYRROLOPYRIMIDINE 48 [PMID: 22318156],1.0
BEPAFANT,1.0
"[MPA1,D-TYR(ET)2,D-TIC7]OT",1.0
FLURAZEPAM HYDROCHLORIDE,1.0
RECOMBINANT GRANULOCYTE-MACROPHAGE COLONY-STIMULATING FACTOR,1.0
METHAPYRILENE,1.0
G207,1.0
FENCAMFAMIN,1.0
FLUINDIONE,1.0
ECF309,1.0
CHEMBL:CHEMBL1888586,1.0
CHLORDIAZEPOXIDE HYDROCHLORIDE,1.0
BALOXAVIR,1.0
ACETAMINOPHEN / CAFFEINE / DIHYDROCODEINE,1.0
EXPECTORANT,1.0
BQ123,1.0
CABAZITAXEL,1.0
ACORAMIDIS,1.0
ACEBILUSTAT,1.0
FE 203799,1.0
ROBINETIN,1.0
ABP-700,1.0
COMPOUND 10 [PMID: 15482906],1.0
VUPANORSEN SODIUM,1.0
TOLTERODINE,1.0
TETRACAINE,1.0
PROCAINE HYDROCHLORIDE,1.0
DIDS,1.0
TAFLUPOSIDE,1.0
ARTICAINE,1.0
PYRAZOLOACRIDINE,1.0
CHEMBL:CHEMBL549330,1.0
CHEMBL:CHEMBL2059274,1.0
RO 8-4304,1.0
4-(2-AMINOETHYL)BENZENESULFONYL FLUORIDE,1.0
JNJ-47965567,1.0
"COAGULATION FACTOR IX (RECOMBINANT), GLYCOPEGYLATED",1.0
CHEMBL:CHEMBL314115,1.0
TM30339,1.0
EXATECAN,1.0
MIVACURIUM,1.0
COMPOUND 6 [PMID: 7629799],1.0
"D(CH2)5[D-ILE2,VAL4,TYR-NH29]AVP",1.0
CHEMBL:CHEMBL530788,1.0
ASP-4058,1.0
CHEMBL:CHEMBL1277315,1.0
MENATETRENONE,1.0
MGS-0210,1.0
ANHYDROUS DEXTROSE,1.0
GLUFOSFAMIDE,1.0
RTA 744,1.0
MEPTAZINOL,1.0
(-)-STEPHOLIDINE,1.0
FINGOLIMOD LAURYL SULFATE,1.0
INTEPIRDINE,1.0
J591 177LU,1.0
METHAQUALONE HYDROCHLORIDE,1.0
VASOACTIVE INTESTINAL PEPTIDE,1.0
IDRAPARINUX,1.0
TOLUDESVENLAFAXINE,1.0
CHEMBL:CHEMBL589909,1.0
GW300657X,1.0
CHEMBL:CHEMBL428402,1.0
CHEMBL:CHEMBL582767,1.0
UH-AH 37,1.0
[125I]NEUROMEDIN U-25 (HUMAN),1.0
PD157672,1.0
EMIXUSTAT,1.0
HUJ591 111IN,1.0
NARNATUMAB,1.0
DORDAVIPRONE,1.0
PEPTIDE 30 [PMID: 27019010],1.0
GSK1511931,1.0
METRIFUDIL,1.0
6-BENZYLAMINOPURINE,1.0
ORN-0829 HYDRATE,1.0
NIPOCALIMAB,1.0
OLODANRIGAN,1.0
TRENONACOG ALFA,1.0
CINOXACIN,1.0
NMS-1116354,1.0
DIPRAGLURANT,1.0
VERUCERFONT,1.0
HYDROXYZINE HYDROCHLORIDE,1.0
LGD-6972,1.0
CHEMBL:CHEMBL524407,1.0
HEXAHYDRODIFENIDOL,1.0
SUZETRIGINE,1.0
CHEMBL:CHEMBL532141,1.0
GLPG0974,1.0
GAL-B2-C8,1.0
ETAMICASTAT,1.0
NTP42,1.0
IS1,1.0
CHEMBL:CHEMBL533577,1.0
PROPIONIC ACID,1.0
PHENIRAMINE MALEATE,1.0
PF-03654746,1.0
GSK8612,1.0
LAPACHOL,1.0
SITAXENTAN,1.0
CHEMBL:CHEMBL1390650,1.0
ADOMEGLIVANT,1.0
SBP-7455,1.0
HIMB1636-MMAE,1.0
ANTHRANILIC ACID,1.0
AZD8329,1.0
AMARANTH,1.0
4'-O-ACETYLPATENTIFLORIN B,1.0
DNQX,1.0
"[MPA1,D-TYR(ET)2,D-TIC7,AIB9]OT",1.0
COMPOUND 26 [PMID: 21733693],1.0
[PRO7]NEUROKININ B,1.0
NARMAFOTINIB,1.0
WNT-C59,1.0
5-(N-METHYL-N-ISOBUTYL)AMILORIDE,1.0
COMPOUND 2-13-1 [PMID: 24900824],1.0
AZD3839,1.0
ISOXSUPRINE,1.0
CHEMBL:CHEMBL591641,1.0
CHEMBL:CHEMBL1224483,1.0
CHEMBL:CHEMBL275168,1.0
CLOFENOXYDE,1.0
CHEMBL:CHEMBL219416,1.0
TRIPTORELIN,1.0
CHEMBL:CHEMBL1288253,1.0
VERNAKALANT,1.0
FLUOXETINE / OLANZAPINE,1.0
GRAMICIDIN,1.0
ETOPOSIDE TONIRIBATE,1.0
ETHYL CAFFEATE,1.0
CHRYSANTHEMUM MORIFOLIUM/GANODERMA LUCIDUM/GLYCYRRHIZA GLABRA/ISATIS INDIGOTICA/PANAX PSEUDOGINSENG/RABDOSIA RUBESCENS/SCUTELLARIA BAICALENSIS/SERONA REPENS SUPPLEMENT,1.0
PF-06454589,1.0
GSK065,1.0
ERIODICTYOL CHALCONE,1.0
MT-45,1.0
EG-1-230,1.0
CHEMBL:CHEMBL47875,1.0
BIOTINYLATED GAMBOGIC ACID,1.0
BMS COMPOUND 16 [PMID:23368907],1.0
"L-365,209",1.0
IOFETAMINE HYDROCHLORIDE,1.0
CHEMBL:CHEMBL577851,1.0
JNJ-65234637,1.0
GLYCERYLPHOSPHORYLCHOLINE,1.0
TAFIA INHIBITOR DS-1040B,1.0
PINOCEMBRIN,1.0
GW2433,1.0
COMPOUND 20 [PMID: 25091930],1.0
BN 50739,1.0
[125I]S36057,1.0
"[125I][PHE13,TYR19]MCH",1.0
"4-ARYLPHTHALAZIN-1(2H)-3,4-DI-F",1.0
"[3H]MCH (HUMAN, MOUSE, RAT)",1.0
(N)METHANOCARBA-UTP,1.0
CHEMBL:CHEMBL43078,1.0
BIMU 1,1.0
METHDILAZINE,1.0
PREP-001,1.0
TUROCTOCOG ALFA PEGOL,1.0
PEPOSERTIB,1.0
NENDRATAREOTIDE UZATANSINE,1.0
AMEZINIUM,1.0
MECLINERTANT,1.0
ROSABULIN,1.0
CERTOPARIN SODIUM,1.0
IV FLUID,1.0
ANTI-DIABETIC AGENT,1.0
COLESTIPOL HYDROCHLORIDE,1.0
LY404039,1.0
CHEMBL:CHEMBL1623897,1.0
INDIMITECAN,1.0
ELACRIDAR,1.0
DAPTOMYCIN,1.0
FMET-LEU-PHE,1.0
LENPERONE,1.0
VILOXAZINE,1.0
AMODIAQUINE,1.0
CICHORIC ACID,1.0
AG-09/1,1.0
[3H]PSB-11,1.0
MRS1067,1.0
"CP-316,311",1.0
BM221,1.0
C089,1.0
DF2593A,1.0
"DIHYDRO-12-HYDROXY-2,2-DIMETHYL-2H,6H-PYRANO[3,2-B]XANTHEN-6-ONE",1.0
[125I][TYR8]BRADYKININ,1.0
ASPIRIN TRIGGERED LIPOXIN A4,1.0
FMET-ILE-VAL-ILE-LEU,1.0
COMPOUND 8D [PMID: 15027864],1.0
DESACETYLBUFOTALIN,1.0
TTT-3002,1.0
MM-433593,1.0
SIMOCYCLINONE D8,1.0
COMPOUND 2-2C [PMID: 32003560],1.0
PSB-16434,1.0
PROXYFAN,1.0
"[ASU7,23']&BETA;-ANP-(7-28)",1.0
NBI-42902,1.0
[D-LYS6]GNRH-II,1.0
WNT-5A,1.0
AZASETRON,1.0
3&BETA;-HYDROXYDIHYDROCOSTUNOLIDE,1.0
PAMP-12 (HUMAN),1.0
COMPOUND 58 [PMID: 21273063],1.0
LY2119620,1.0
S36540,1.0
PGN-9856,1.0
COMPOUND 2 [PMID: 19230660],1.0
TOCAINIDE HYDROCHLORIDE,1.0
PENTOBARBITAL SODIUM,1.0
MRTX0902,1.0
D-(-)-AMYGDALIN,1.0
GALANIN(9-29) (RAT/MOUSE),1.0
LEPZACITINIB,1.0
ETOMIDATE,1.0
MLI-2,1.0
LY97241,1.0
CHEMBL:CHEMBL59532,1.0
CHEMBL:CHEMBL447448,1.0
CHEMBL:CHEMBL2181039,1.0
CHEMBL:CHEMBL2028044,1.0
NAFCILLIN SODIUM,1.0
CHEMBL:CHEMBL527307,1.0
SARCNU,1.0
METOPROLOL SUCCINATE,1.0
CALCITONIN GENE-RELATED PEPTIDE,1.0
MK-8153,1.0
PROCAINAMIDE,1.0
2-HYDROXY CAPRIC ACID,1.0
(R)-ZINC-3573,1.0
RAG8,1.0
BONGKREK ACID,1.0
TRICLOFOS SODIUM,1.0
ROCACETRAPIB,1.0
CHEMBL:CHEMBL590666,1.0
CHEMBL:CHEMBL1353528,1.0
ERDOSTEINE,1.0
GALACTITOL,1.0
CHEMBL:CHEMBL22148,1.0
COFETUZUMAB PELIDOTIN,1.0
APVO-414,1.0
DILPACIMAB,1.0
CHEMBL:CHEMBL582593,1.0
U-II-(4-11) (HUMAN),1.0
VERBASCOSIDE,1.0
CTS-21166,1.0
ELDACIMIBE,1.0
PF-05089771,1.0
CHEMBL:CHEMBL1627429,1.0
CHEMBL:CHEMBL1623028,1.0
TOLYACETYL-C[DCYS-APA-DTRP-ORN-VAL-CYS]-HIS-AMIDE,1.0
LANDOGROZUMAB,1.0
AMRUBICIN HYDROCHLORIDE,1.0
CHEMBL:CHEMBL1682201,1.0
HESPERIDIN,1.0
CHEMBL:CHEMBL1585652,1.0
CHEMBL:CHEMBL1431115,1.0
ANETUMAB RAVTANSINE,1.0
CARINATIN G,1.0
2-(1-PHENYLETHYLIDENE)HYDRAZINECARBOXIMIDAMIDE,1.0
TRIFLUSAL,1.0
[125I]7-AZIDO-8-IODOKETANSERINE,1.0
MIANSERIN HYDROCHLORIDE,1.0
CYM-5541,1.0
BENZENE SELENOIC ACID,1.0
SODIUM MOLYBDATE,1.0
CHEMBL:CHEMBL604664,1.0
CHEMBL:CHEMBL600030,1.0
CHEMBL:CHEMBL584829,1.0
CHEMBL:CHEMBL1564100,1.0
CHEMBL:CHEMBL1402376,1.0
TAFAMIDIS MEGLUMINE,1.0
NIPECOTIC ACID,1.0
CHEMBL:CHEMBL1390716,1.0
LERODALCIBEP,1.0
UNASNEMAB,1.0
CHEMBL:CHEMBL600778,1.0
FR-122047,1.0
PI-CLONIDINE,1.0
CHEMBL:CHEMBL1553566,1.0
CHEMBL:CHEMBL1306524,1.0
COMPOUND 37 [PMID: 36384290],1.0
IHMT-MST1-58,1.0
CHEMBL:CHEMBL2171778,1.0
CHEMBL:CHEMBL570176,1.0
EZETIMIBE / SIMVASTATIN,1.0
CHEMBL:CHEMBL1077391,1.0
SELEGILINE HYDROCHLORIDE,1.0
GW782612X,1.0
APAXIFYLLINE,1.0
BIS-TRIAZOLE DERIVATIVE 10,1.0
PLADIENOLIDE B,1.0
CHEMBL:CHEMBL589920,1.0
RO-281675,1.0
"H-C[CYS-PHE-LAGL(N&BETA;ME,BENZOYL)-TRP-LYS-THR-PHE-CYS]-OH",1.0
COMPOUND 32 [PMID: 19191557],1.0
NB-598,1.0
PF-04991532,1.0
[125I]CCL3 (HUMAN),1.0
GLEMBATUMUMAB,1.0
DIBENZEPIN,1.0
NC00075159,1.0
DG-051,1.0
LIVMONIPLIMAB,1.0
MURELETECAN,1.0
ORP-101,1.0
ORM-12741,1.0
"ANTIHEMOPHILIC FACTOR, PEGYLATED (MW 20000) HUMAN SEQUENCE RECOMBINANT",1.0
ACOZIBOROLE,1.0
COMPOUND 2 [PMID: 22560567],1.0
PMX205,1.0
NPC-567,1.0
CYCLIZINE,1.0
CIPROXIFAN,1.0
RGFP966,1.0
COMPOUND 13E [PMID: 16759857],1.0
PFK15,1.0
CYCLOCITRAL,1.0
CHEMBL:CHEMBL528245,1.0
ACLIDINIUM BROMIDE,1.0
RADIOPROTECTIN-1,1.0
AMPICILLIN TRIHYDRATE,1.0
CHLOROQUINE-PYROLIDINYL,1.0
CHEMBL:CHEMBL329040,1.0
XAMOTEROL FUMARATE,1.0
KAEMPFERITRIN,1.0
XY-06-007,1.0
CHEMBL:CHEMBL532525,1.0
SRX251,1.0
DENDROASPIS NATRIURETIC PEPTIDE,1.0
ND0801,1.0
"D(CH2)5[TYR(ME)2,THR4,TYR-NH29]OVT",1.0
SLC-391,1.0
CHEMBL:CHEMBL483633,1.0
EMIXUSTAT HYDROCHLORIDE,1.0
M4205,1.0
RETIGABINE DERIVATIVE 10G,1.0
ARN19702,1.0
O-1602,1.0
LAURIC ACID,1.0
RVD1-ME,1.0
CEP-33779,1.0
SANTONIN,1.0
N-(2-OXOTETRAHYDROFURAN-3-YL)OCTANAMIDE,1.0
COMPOUND 2-3-1 [PMID: 24900824],1.0
COMPOUND 25C [PMID: 36649216],1.0
SEW2871,1.0
VPC44116,1.0
7-BIA,1.0
GSK2833503A,1.0
VK-2809,1.0
EDAXETERKIB,1.0
CHEMBL:CHEMBL528492,1.0
COMPOUND 15 [PMID: 35034442],1.0
ISAVUCONAZONIUM SULFATE,1.0
CROTEDUMAB,1.0
JNJ40355003,1.0
VU0467154,1.0
MQ1,1.0
KDM5 INHIBITOR N71,1.0
ITURELIX,1.0
SELISISTAT,1.0
GRC-15300,1.0
EMAPUNIL,1.0
TELAVANCIN,1.0
[125I]TYR7-SST3-ODN-8,1.0
BMS-833923,1.0
PINOSYLVIN METHYL ETHER,1.0
RXDX-103,1.0
AMIBEGRON HYDROCHLORIDE,1.0
MS8815,1.0
PRALIDOXIME CHLORIDE,1.0
SULPROSTONE,1.0
TEVERELIX,1.0
[3H]SYM2081,1.0
2-(3-BROMOPHENYL)HISTAMINE,1.0
CIDOFOVIR ANHYDROUS,1.0
CP-195543,1.0
PERETINOIN,1.0
LY2584702,1.0
INSL3 [A(5-26):B(7-27)],1.0
CHEMBL:CHEMBL1256647,1.0
COMPOUND 11D  [PMID: 23981898],1.0
BMS-911172,1.0
COMPOUND 13 [PMID: 35653642],1.0
BIMOCLOMOL,1.0
N-METHYL-PHE-LYS-PRO-D-CHA-CHA-D-ARG-CO2H,1.0
DIHYDROCODEINE BITARTRATE,1.0
CHEMBL:CHEMBL548286,1.0
SHR-4640,1.0
ISAM-140,1.0
M1160,1.0
ELUXADOLINE,1.0
AZD-6088,1.0
LEVOMETHADYL,1.0
SECOBARBITAL,1.0
CHEMBL:CHEMBL585795,1.0
NARONAPRIDE,1.0
DIPHEMANIL METHYLSULFATE,1.0
EMEDASTINE,1.0
ANNAMYCIN LIPOSOMAL,1.0
ASCRINVACUMAB,1.0
VALNIVUDINE HYDROCHLORIDE,1.0
ST. JOHN'S WORT,1.0
ANTIFUNGAL AGENT,1.0
PENTOLINIUM,1.0
SELETRACETAM,1.0
CHEMBL:CHEMBL233611,1.0
CACCINH-A01,1.0
COMPOUND 38 [PMID: 24000170],1.0
COMPOUND 4D [PMID: 21851057],1.0
LEVOSALBUTAMOL,1.0
AM-6494,1.0
BOMBESIN,1.0
COMPOUND 2-1-1 [PMID: 24900824],1.0
COMPOUND 2-3-2 [PMID: 24900824],1.0
CHEMBL:CHEMBL601764,1.0
ALTRETAMINE,1.0
EDOXABAN,1.0
"(20S,21R)-FLUOROCAMPTOTHECIN",1.0
VADIMEZAN,1.0
CHEMBL:CHEMBL600090,1.0
BEPOTASTINE BESILATE,1.0
ADENOSINE DEAMINASE INHIBITOR,1.0
"[SAR1,ILE8]ANG-II",1.0
ETRUMADENANT,1.0
INDORAMIN,1.0
CHEMBL:CHEMBL580353,1.0
GW589933X,1.0
LONCHOCARPIC ACID,1.0
N-METHYLFORMAMIDE,1.0
CHEMBL:CHEMBL592838,1.0
CANFOSFAMIDE,1.0
MPI-674,1.0
LY-517717,1.0
CHEMBL:CHEMBL603130,1.0
MX-DNG1,1.0
TOFA,1.0
PHYLLOLITORIN,1.0
LY301875,1.0
TRIDIHEXETHYL,1.0
RNR INHIBITOR COH29,1.0
DTAG-13,1.0
RHC80267,1.0
[3H]LTC4,1.0
(S)-ARN2508,1.0
DISTIGMINE,1.0
ELISMETREP,1.0
ANNEXIN I-(2-26),1.0
T20(DP178),1.0
FLT-3 INHIBITOR III,1.0
ACETATE,1.0
BMS COMPOUND 4C,1.0
(2R)-2-({9-(1-METHYLETHYL)-6-[(4-PYRIDIN-2-YLBENZYL)AMINO]-9H-PURIN-2-YL}AMINO)BUTAN-1-OL,1.0
SQ-29548,1.0
CHEMBL:CHEMBL203365,1.0
CHEMBL:CHEMBL512307,1.0
CHEMBL:CHEMBL478141,1.0
GW874091X,1.0
YOHIMBINE HYDROCHLORIDE,1.0
TRANYLCYPROMINE HYDROCHLORIDE,1.0
CHEMBL:CHEMBL1094674,1.0
EPIRIZOLE,1.0
MAK683,1.0
CHEMBL:CHEMBL1994034,1.0
CREMOPHOR,1.0
GW581744X,1.0
[125I]HPP-HOE140,1.0
FR191413,1.0
BI-9564,1.0
TTA-A2,1.0
CALCISEPTINE,1.0
CHEMBL:CHEMBL305195,1.0
OLIVOMYCIN I,1.0
PHENETHYL PHENYLCARBAMATE,1.0
GW643971X,1.0
MASILUKAST,1.0
L-PHE-PHE-PHE,1.0
OMAPATRILAT,1.0
GPI-0100,1.0
CHEMBL:CHEMBL478323,1.0
BITOLTEROL,1.0
PFKFB3 KINASE INHIBITOR 69,1.0
EMDT,1.0
TD-8954,1.0
FOMOCAINE,1.0
CHEMBL:CHEMBL1785002,1.0
GW831091X,1.0
CHEMBL:CHEMBL1287867,1.0
AMPHETAMINE SULFATE,1.0
EXAMPLE 131 [WO2009133348],1.0
ROVADICITINIB,1.0
POVORCITINIB,1.0
S7958,1.0
3 ALPHA-AMINOCHOLESTANE,1.0
DEXTROMORAMIDE,1.0
CEPHRADINE,1.0
KARENITECIN,1.0
LM10,1.0
HURATOXIN,1.0
CHEMBL:CHEMBL606159,1.0
VUF8504,1.0
CHEMBL:CHEMBL592813,1.0
WKYMVM,1.0
SAG1.3,1.0
ADX10059,1.0
TCLPA5,1.0
"L-366,875",1.0
COMPOUND 8D [PMID: 24999562],1.0
N-ME-AMINOPYRIMIDINONE 9,1.0
&BETA;-SCORPION TOXIN CN2,1.0
BMS-986141,1.0
DIMETHYL-W84,1.0
BALICATIB,1.0
SULUKAST,1.0
CHEMBL:CHEMBL1762594,1.0
CARBENICILLIN INDANYL,1.0
CHEMBL:CHEMBL545880,1.0
SULFANILAMIDE,1.0
CARBOCYSTEINE,1.0
SKA-20,1.0
PZ-128,1.0
TG7-171,1.0
ATI-355,1.0
ROR1 CAR-SPECIFIC AUTOLOGOUS T-LYMPHOCYTES,1.0
FGI-101-1A6,1.0
PENPULIMAB,1.0
CXCL12-(1-9) DIMER,1.0
MTEB,1.0
LP533401,1.0
HYPOGLAUCIN A,1.0
[125I]CRF (OVINE),1.0
CITCO,1.0
GOLCADOMIDE,1.0
PECAVAPTAN,1.0
CCK-4,1.0
SERACTIDE ACETATE,1.0
CERULETIDE DIETHYLAMINE,1.0
TORIPALIMAB,1.0
RESEQUINIL,1.0
VAPREOTIDE ACETATE,1.0
CHEMBL:CHEMBL2059074,1.0
CHEMBL:CHEMBL275177,1.0
DOCOSAPENTAENOIC ACID,1.0
C3A,1.0
N-VALERIC ACID,1.0
COMPOUND 7E [PMID: 21571530],1.0
[3H]BQ123,1.0
PROPARGYLGLYCINE,1.0
DIMETHISOQUIN,1.0
4-METHYLHISTAMINE,1.0
HYALURONATE SODIUM,1.0
MS-1819,1.0
LATANOPROST (FREE ACID FORM),1.0
CCL23,1.0
TORIN 2,1.0
B-TPMF,1.0
NABIXIMOLS,1.0
LG190178,1.0
BMS-986121,1.0
N-(3-AMINOPROPYL)-2-NITROBENZENAMINE,1.0
FIRUGLIPEL,1.0
HT1042,1.0
ZETELETINIB,1.0
RECOMBINANT TYROSINASE-RELATED PROTEIN-1,1.0
CHEMBL:CHEMBL1479114,1.0
"L-366,509",1.0
CHEMBL:CHEMBL157258,1.0
CHEMBL:CHEMBL608855,1.0
ORILANOLIMAB,1.0
GANTACURIUM CHLORIDE,1.0
CALMODULIN,1.0
CHEMBL:CHEMBL602012,1.0
[18F]FEPPG,1.0
AESCULIOSIDE IIK,1.0
MRT67307,1.0
CHEMBL:CHEMBL421088,1.0
COMPOUND 13 [PMID: 15686941],1.0
6-NITROQUIPAZINE,1.0
KI-20227,1.0
17BETA-HYDROXYSTEROID DEHYDROGENASE TYPE 5 INHIBITOR ASP9521,1.0
"D(CH2)5[TYR(ME)2,THR4,PHE(3I,4N3)-NH29]OVT",1.0
JORO SPIDER TOXIN,1.0
TERTIAPIN-Q,1.0
GW493838,1.0
552-02,1.0
CPN-116,1.0
SPHONDIN,1.0
CHEMBL:CHEMBL588501,1.0
CEFOTETAN,1.0
TRENIBOTULINUMTOXINE,1.0
HSTX1[R14A],1.0
PRRP-20,1.0
(S)-RP-6306,1.0
AESCULIOSIDE IIID,1.0
PAULLONE,1.0
PERVILLEINE B,1.0
LY3372689,1.0
COMPOUND 41 [PMID: 15026062],1.0
NEUROMEDIN U-23,1.0
SOLANIDINE,1.0
SIMPINICLINE,1.0
SALICYLAMIDE,1.0
BETAXOLOL,1.0
METHAPYRILENE HYDROCHLORIDE,1.0
GW301888X,1.0
LOREDIPLON,1.0
FARAMPATOR,1.0
SEVIRUMAB,1.0
BENPERIDOL,1.0
VATELIZUMAB,1.0
BILASTINE,1.0
CYCLORELIX,1.0
WAY-207024,1.0
GSK2194069,1.0
COMPOUND 2 [PMID: 18295483],1.0
ICI198615,1.0
TELBIVUDINE,1.0
ENTECAVIR ANHYDROUS,1.0
APN1125,1.0
NKTR-171,1.0
RPR749,1.0
ELCUBRAGISTAT,1.0
STAMULUMAB,1.0
PIXANTRONE,1.0
&KAPPA;M-CONOTOXIN RIIIK,1.0
VORAPAXAR SULFATE,1.0
NIP-142,1.0
LABUXTINIB,1.0
ML324,1.0
DORZAGLIATIN,1.0
ARTICAINE HYDROCHLORIDE,1.0
MEXILETINE HYDROCHLORIDE,1.0
"N&#8242;,2-DIPHENYLQUINOLINE-4-CARBOHYDRAZIDE",1.0
VESENCUMAB,1.0
CHEMBL:CHEMBL1255836,1.0
CHEMBL:CHEMBL598279,1.0
ROZROLIMUPAB,1.0
LYSOSOMAL ALPHA-GLUCOSIDASE,1.0
TUMOR ANTIGEN,1.0
DOMAGROZUMAB,1.0
RAMOSETRON,1.0
LAS101057,1.0
LEXAPTEPID PEGOL,1.0
ACLERASTIDE,1.0
CHEMBL:CHEMBL274863,1.0
MK-0731,1.0
SELTOREXANT,1.0
PF-00446687,1.0
REGRELOR DISODIUM,1.0
MK0686,1.0
AMP579,1.0
BI-811283,1.0
LABETUZUMAB,1.0
AGG-523,1.0
BIO-11006,1.0
CHEMBL:CHEMBL590201,1.0
DEXBROMPHENIRAMINE MALEATE,1.0
YTTRIUM Y 90 CAPROMAB PENDETIDE,1.0
GUANABENZ ACETATE,1.0
GLUTACONATE,1.0
ISTAROXIME,1.0
CHEMBL:CHEMBL534353,1.0
ASAPIPRANT,1.0
APV207095A,1.0
TC-2216,1.0
STING AGONIST 3,1.0
COMPOUND 35 [PMID: 19191557],1.0
COMPOUND 15 [PMID: 19456099],1.0
COMPOUND 1 [PMID: 21882820],1.0
MTK458,1.0
ENCAINIDE HYDROCHLORIDE,1.0
TREVOGRUMAB,1.0
MIRVETUXIMAB,1.0
BI-187004,1.0
SUVN-G3031,1.0
BUNAZOSIN,1.0
DIACETYLMORPHINE,1.0
DIANICLINE,1.0
UROTENSIN-II,1.0
BMS-986104,1.0
NEVANIMIBE HYDROCHLORIDE,1.0
TRIDIHEXETHYL CHLORIDE,1.0
IRAMPANEL,1.0
IPTACOPAN,1.0
QUAZINONE,1.0
GNF-5837,1.0
GALP(3-32) (HUMAN),1.0
SULFOBROMOPHTHALEIN,1.0
WZ4003,1.0
HYDROFLUMETHIAZIDE,1.0
COMPOUND 3 [PMID: 25408830],1.0
QUINIDINE POLYGALACTURONATE,1.0
CDPPB,1.0
PRRP-(24-31) (HUMAN),1.0
RO5508887,1.0
PAMP-20,1.0
COMPOUND II [PMID: 29351497],1.0
BAVITUXIMAB,1.0
COMPOUND 10 [PMID: 15482908],1.0
BARUSIBAN,1.0
ANATIBANT,1.0
AZD2066,1.0
TEBANICLINE TOSYLATE,1.0
IDREVLORIDE,1.0
AZD7009,1.0
SB-705498,1.0
MERETHOXYLLINE PROCAINE,1.0
ZM-306416,1.0
TECHNETIUM TC 99M SESTAMIBI,1.0
ROVAZOLAC,1.0
LV-2211,1.0
COMPOUND 1 [PMID: 31465224],1.0
[125I]PRRP31,1.0
NNC269100,1.0
NIBR-0213,1.0
CHEMBL:CHEMBL244268,1.0
PHENMETRAZINE HYDROCHLORIDE,1.0
PASIREOTIDE PAMOATE,1.0
CHEMBL:CHEMBL524603,1.0
QUINIDINE GLUCONATE,1.0
PF-04995274,1.0
CHEMBL:CHEMBL314639,1.0
AGN193109,1.0
LY320135,1.0
MW01,1.0
GSK852,1.0
[11C]WAY100635,1.0
CHEMBL:CHEMBL601358,1.0
TX2-121-1,1.0
DEBRISOQUIN,1.0
ISPINESIB,1.0
TCD-717,1.0
NIP,1.0
7-CHLOROKYNURENIC ACID,1.0
PODOCARIC ACID,1.0
NALTALIMIDE,1.0
4-OME-ARM1,1.0
HUMAN GIP(3-42)NH2,1.0
CIMIPRONIDINE,1.0
"3,4-DIHYDROXYXANTHONE",1.0
NACOLOMAB TAFENATOX,1.0
CP-866087,1.0
DEFERIPRONE,1.0
S-777469,1.0
BRENSOCATIB,1.0
CAPROMORELIN,1.0
PI-THERAPHOTOXIN-HM3A,1.0
CHEMBL:CHEMBL580381,1.0
SSR125543A,1.0
CHEMBL:CHEMBL1346468,1.0
LEUPROLIDE MESYLATE,1.0
BEMIPARIN,1.0
GSK-586581A,1.0
GW786460X,1.0
CX-5011,1.0
GABACULINE,1.0
ENRASENTAN,1.0
S-237648,1.0
ZONAMPANEL,1.0
TETRAZEPAM,1.0
PYROVALERONE HYDROCHLORIDE,1.0
PROGLUMIDE,1.0
[GLN8]GNRH,1.0
DS21360717,1.0
"(4Z)-1-(3-FLUOROPHENYL)-4-(2-OXO-1H-INDOL-3-YLIDENE)PYRAZOLIDINE-3,5-DIONE",1.0
JMS-053,1.0
METARAMINOL BITARTRATE,1.0
COMPOUND 22 [WO2019141694A1],1.0
CGP 54626A,1.0
SP600125,1.0
CHEMBL:CHEMBL579105,1.0
LY-2787106,1.0
CHEMBL:CHEMBL602940,1.0
CDK/CRK INHIBITOR,1.0
J20 (GALANIN ANALOGUE),1.0
"[D-TYR6,&BETA;-ALA11,N-ME-ALA13,NLE14]BOMBESIN-(6-14)",1.0
ISOKAEMPFERIDE,1.0
TERIPARATIDE ACETATE,1.0
SB 204070,1.0
CHEMBL:CHEMBL76398,1.0
"2,4-DIACETYLPHLOROGLUCINOL",1.0
DEMETHYLENCECALIN,1.0
CHEMBL:CHEMBL533074,1.0
ETOFENAMATE,1.0
CHEMBL:CHEMBL602580,1.0
LYCOBETAINE,1.0
CHEMBL:CHEMBL1374568,1.0
CHEMBL:CHEMBL221721,1.0
CHEMBL:CHEMBL591148,1.0
BENZOXATHIAN,1.0
CHEMBL:CHEMBL1448140,1.0
CHEMBL:CHEMBL1330352,1.0
CHEMBL:CHEMBL49055,1.0
PF-04852946,1.0
(-)-ENGLERIN A,1.0
LIDOCAINE HYDROCHLORIDE,1.0
&BETA;3-TETRAPEPTIDE,1.0
APV207094A,1.0
PF-05105679,1.0
COMPOUND 5 [PMID: 23232060],1.0
DX-2507,1.0
INCADRONIC ACID,1.0
[3H]NEMONAPRIDE,1.0
WNY0824,1.0
PEMZIVIPTADIL,1.0
CREMOPHOR EL,1.0
DEXTROMETHORPHAN/QUINIDINE,1.0
FLUMEQUINE,1.0
MEDRONIC ACID,1.0
CEFAMANDOLE,1.0
CHEMBL:CHEMBL1529609,1.0
AUROTHIOGLUCOSE,1.0
MRS928,1.0
DECAVANADATE,1.0
SYL-1001,1.0
PLA D,1.0
CHEMBL:CHEMBL526763,1.0
CHEMBL:CHEMBL1770735,1.0
SOLOMONSTEROL A,1.0
CHEMBL:CHEMBL592578,1.0
ANFIBATIDE,1.0
SEL-24,1.0
HEMATOXYLIN,1.0
BUFURALOL,1.0
GW300660X,1.0
COMPOUND 2 [PMID: 25408830],1.0
CHEMBL:CHEMBL79513,1.0
COMPOUND 7D [PMID: 25703523],1.0
ACETAMINOPHEN/TRAMADOL,1.0
ESMOLOL,1.0
CHEMBL:CHEMBL578878,1.0
PHENAMIL,1.0
[3H]AZIETOMIDATE,1.0
HUJ591 177LU,1.0
DENATONIUM,1.0
CHEMBL:CHEMBL1094358,1.0
CEP-1347,1.0
CHLORTETRACYCLINE HYDROCHLORIDE,1.0
CHEMBL:CHEMBL1408276,1.0
GSK'547,1.0
HS-173,1.0
GLAXOSMITHKLINE COMPOUND 5H [PMID:20542694],1.0
XILIERTINIB,1.0
[PHE3]OT,1.0
T-690,1.0
VERUBECESTAT,1.0
MK-571,1.0
BRUCINE,1.0
"CP608,039",1.0
GDC-0834,1.0
F16357,1.0
CHEMBL:CHEMBL524376,1.0
CORTISONE,1.0
FLUTICASONE/SALMETEROL,1.0
[3H]5-HT,1.0
JNJ-67569762,1.0
TAXIFOLIN,1.0
PEPSTATIN,1.0
CHEMBL:CHEMBL10835,1.0
CHEMBL:CHEMBL580130,1.0
SULFAMIDE,1.0
INTERLEUKIN-8,1.0
ROPIVACAINE HYDROCHLORIDE,1.0
CHEMBL:CHEMBL151146,1.0
FMET-MET-TRP-LEU-LEU,1.0
Z-WEHD-FMK,1.0
LITHOGLYCOCHOLATE,1.0
QWF,1.0
RASDEGAFUSP ALFA,1.0
DALFAMPRIDINE,1.0222222222222221
ISOFLURANE,1.032258064516129
NERISPIRDINE,1.0416666666666667
PHA-793887,1.0476190476190477
NITRAZEPAM,1.0476190476190477
CHEMBL:CHEMBL1601846,1.0476190476190477
BROMAZEPAM,1.0476190476190477
CLOTIAZEPAM,1.05
AMIFAMPRIDINE,1.05
HALAZEPAM,1.05
QUAZEPAM,1.05
CLORAZEPATE,1.05
GUANIDINE HYDROCHLORIDE,1.0512820512820513
AMIFAMPRIDINE PHOSPHATE,1.0512820512820513
COMBRETASTATIN A4,1.0526315789473684
DIMDAZENIL,1.0526315789473684
ADIPIPLON,1.0526315789473684
REMIMAZOLAM,1.0526315789473684
TEDISAMIL,1.0526315789473684
VINCRISTINE SULFATE,1.0526315789473684
DINOPROSTONE,1.0555555555555556
BRENTUXIMAB VEDOTIN,1.0555555555555556
ADINAZOLAM,1.0588235294117647
CINOLAZEPAM,1.0588235294117647
VINORELBINE TARTRATE,1.0588235294117647
FLUDIAZEPAM,1.0588235294117647
FOSBRETABULIN DISODIUM,1.0588235294117647
ANG1005,1.0588235294117647
SULFURETIN,1.0714285714285714
ANANDAMIDE,1.0769230769230769
RUFINAMIDE,1.0833333333333333
ESLICARBAZEPINE ACETATE,1.0909090909090908
PHENACEMIDE,1.0909090909090908
PROBENECID,1.0909090909090908
EVENAMIDE,1.0909090909090908
ESLICARBAZEPINE,1.0909090909090908
TEDATIOXETINE,1.0909090909090908
VARENICLINE,1.1111111111111112
ACECLIDINE,1.1111111111111112
CARBAMOYLCHOLINE,1.1111111111111112
ACLIDINIUM,1.1111111111111112
SOLIFENACIN,1.1111111111111112
BALANOL,1.1111111111111112
CLOTHIAPINE,1.1111111111111112
ZN2+,1.1176470588235294
INDUSATUMAB VEDOTIN,1.1176470588235294
BELANTAMAB MAFODOTIN-BLMF,1.1176470588235294
CHEMBL:CHEMBL1935538,1.1176470588235294
CHEMBL:CHEMBL146710,1.125
PRALUZATAMAB RAVTANSINE,1.125
PINATUZUMAB VEDOTIN,1.125
AMINOGLUTETHIMIDE,1.125
TISOTUMAB VEDOTIN-TFTV,1.125
TELISOTUZUMAB VEDOTIN,1.125
BENZQUINAMIDE,1.125
FOSBRETABULIN TROMETHAMINE,1.125
SOBLIDOTIN,1.125
URMC-099,1.125
DOCOSANOL,1.125
APRUTUMAB IXADOTIN,1.125
ENAPOTAMAB VEDOTIN,1.125
CHEMBL:CHEMBL1989853,1.125
ARX-788,1.125
CANTUZUMAB MERTANSINE,1.125
AGS-16C3F,1.125
CANNABIDIOL,1.125
LORVOTUZUMAB MERTANSINE,1.125
BIVATUZUMAB MERTANSINE,1.125
FADROZOLE,1.125
AFACIFENACIN,1.125
MILATAXEL,1.125
ASG-5ME,1.125
TETRAHYDROZOLINE HYDROCHLORIDE,1.1428571428571428
CEVIMELINE,1.1428571428571428
TOLBUTAMIDE,1.1428571428571428
CEFOXITIN SODIUM,1.1428571428571428
SPHINGOSINE 1-PHOSPHATE,1.1428571428571428
BIPERIDEN,1.1428571428571428
RACEPINEPHRINE,1.1428571428571428
SCOPOLAMINE,1.1428571428571428
UMECLIDINIUM BROMIDE,1.1428571428571428
AMG28,1.1428571428571428
TREPROSTINIL,1.1428571428571428
CHEMBL:CHEMBL1412489,1.1428571428571428
PROPANTHELINE,1.1428571428571428
NAPHAZOLINE HYDROCHLORIDE,1.1428571428571428
LEUCETTAMINE B,1.1428571428571428
METHSCOPOLAMINE,1.1428571428571428
DARIFENACIN,1.1428571428571428
BUDIODARONE,1.1666666666666667
METHYLPHENIDATE HYDROCHLORIDE,1.1666666666666667
TRICHLORMETHIAZIDE,1.1666666666666667
MEPENZOLATE,1.1666666666666667
FUNAPIDE,1.1666666666666667
ALCURONIUM,1.1666666666666667
PD166285,1.1666666666666667
COMPOUND 6A [PMID: 18942826],1.1666666666666667
CHEMBL:CHEMBL1388703,1.1666666666666667
BETHANECHOL,1.1666666666666667
ENFORTUMAB VEDOTIN-EJFV,1.1764705882352942
MIRVETUXIMAB SORAVTANSINE,1.1764705882352942
LIFASTUZUMAB VEDOTIN,1.1764705882352942
GRANISETRON,1.1818181818181819
SOFITUZUMAB VEDOTIN,1.1875
MAYTANSINE,1.1875
RG-7636,1.1875
CYCLOSTREPTIN,1.1875
EPOTHILONE D,1.1875
CHEMBL:CHEMBL2036124,1.1875
RG-7600,1.1875
AZINTUXIZUMAB VEDOTIN,1.1875
CHEMBL:CHEMBL1795737,1.1875
MAYTANSINOL,1.1875
ZAMPANOLIDE,1.1875
CHEMBL:CHEMBL453818,1.1875
RG-7841,1.1875
GLEMBATUMUMAB VEDOTIN,1.1875
CHEMBL:CHEMBL2036119,1.1875
PF-06263507,1.1875
TUSAMITAMAB RAVTANSINE,1.1875
OMBRABULIN,1.2
INDIBULIN,1.2
DAVUNETIDE,1.2
CROLIBULIN,1.2
SAGOPILONE,1.2
LAROTAXEL,1.2
H+,1.2
KOS-1584,1.2
ARECOLINE,1.2
PLOCABULIN,1.2
PLINABULIN,1.2
CHEMBL:CHEMBL586000,1.2
LIDOFLAZINE,1.2
PACLITAXEL DOCOSAHEXAENOIC ACID,1.2
RENZAPRIDE,1.2
PONESIMOD,1.2
VINCAMINE,1.2
FENOTEROL,1.2
REVEFENACIN,1.2
VINFLUNINE,1.2
CHEMBL:CHEMBL580155,1.2
T-900607,1.2
DICHLORPHENAMIDE,1.2
DOLASTATIN-10,1.2
VERUBULIN,1.2
CHEMBL:CHEMBL579919,1.2
BMS-275183,1.2
PATUPILONE,1.2
"PHOSPHATIDYL (3,5) INOSITOL BISPHOSPHATE",1.2
COMPOUND 12E [PMID: 18605714],1.2
MIRABEGRON,1.2
PACLITAXEL POLIGLUMEX,1.2
LEXIBULIN,1.2
TOSEDOSTAT,1.2
TROPISETRON,1.2142857142857142
CLOPIDOGREL,1.2258064516129032
ABT-751,1.2352941176470589
PICROTOXININ,1.25
LYSOPHOSPHATIDYLCHOLINE,1.25
VANDORTUZUMAB VEDOTIN,1.25
THIOCOLCHICOSIDE,1.25
VU0255035,1.25
SOLABEGRON,1.25
MAFENIDE,1.25
(S)-DIMETINDENE,1.25
ZATEBRADINE,1.25
ASP4058,1.25
G&OUML; 7874,1.25
LEVOCARNITINE PROPIONATE,1.25
NETUPITANT,1.25
THIOCHROME,1.25
IPEROXO,1.25
BRUCINE N-OXIDE,1.25
THIAMYLAL,1.25
[3H]IPEROXO,1.25
CHEMBL:CHEMBL101815,1.25
GS-9256,1.25
CCG-50014,1.25
ZD7288,1.25
PENTYLTHIO-TZTP,1.25
BALOVAPTAN,1.25
HIMBACINE,1.25
BISOPROLOL,1.25
CHEMBL:CHEMBL257158,1.25
CD2+,1.25
OTENZEPAD,1.25
AQ-RA 741,1.25
CHEMBL:CHEMBL1609016,1.25
NNC 11-1607,1.25
METHSCOPOLAMINE BROMIDE,1.25
CS+,1.25
ARECAIDINE PROPARGYL ESTER,1.25
AFD(R),1.25
COMPOUND 26 [PMID: 16190743],1.25
RIFAMYCIN SV,1.25
ML381,1.25
VPC03090-P,1.25
ANASTROZOLE,1.25
MUSCARINIC TOXIN 7,1.25
FURTRETHONIUM IODIDE,1.25
DUTASTERIDE,1.25
ESTROPIPATE,1.25
CILOBRADINE,1.25
TRIPITRAMINE,1.25
NNC 11-1585,1.25
HEXAHYDROSILADIFENIDOL,1.25
PARABEN,1.25
BENOXINATE,1.25
CONIVAPTAN,1.25
OXOTREMORINE-M,1.25
NNC 11-1314,1.25
METENKEFALIN,1.25
N-CHLOROMETHYL-BRUCINE,1.25
TRIHEXYPHENIDYL,1.25
CHEMBL:CHEMBL591598,1.25
"WIN 51,708",1.25
[3H]QNB,1.25
P-F-HHSID,1.25
[3H]ACETYLCHOLINE,1.25
AFDX384,1.25
LADIRATUZUMAB VEDOTIN,1.25
ULOTARONT,1.25
N-BENZYL BRUCINE,1.25
MC-1,1.2727272727272727
STRYCHNINE,1.2857142857142858
R-SPONDIN-3,1.3333333333333333
PACTIMIBE,1.3333333333333333
RO5028442,1.3333333333333333
SABCOMELINE,1.3333333333333333
TBPS,1.3333333333333333
"COMPOUND 28 [HEITEL ET AL., 2019]",1.3333333333333333
SUCRALFATE,1.3333333333333333
R-SPONDIN-1,1.3333333333333333
LP-44,1.3333333333333333
OZANIMOD,1.3333333333333333
COMPOUND 35 [PMID: 22902653],1.3333333333333333
MECLIZINE DIHCL,1.3333333333333333
SECRETIN,1.3333333333333333
SULCARDINE SULFATE,1.3333333333333333
TYRAMINE,1.3333333333333333
ADRIFORANT,1.3333333333333333
"ETHYL 3-[(E)-2-AMINO-1-CYANOETHENYL]-6,7-DICHLORO-1-METHYL-1H-INDOLE-2-CARBOXYLATE",1.3333333333333333
VU0119498,1.3333333333333333
SAREDUTANT,1.3333333333333333
SOTULETINIB,1.3333333333333333
CHEMBL:CHEMBL586670,1.3333333333333333
OPC-21268,1.3333333333333333
CARAZOLOL,1.3333333333333333
COMPOUND 5E [PMID: 28580438],1.3333333333333333
LIRILUMAB,1.3333333333333333
DIMINAZENE,1.3333333333333333
LEUCETTINE L41,1.3333333333333333
KISSPEPTIN-10,1.3333333333333333
CHEMBL:CHEMBL505209,1.3333333333333333
DICLOXACILLIN,1.3333333333333333
CARBACYCLIN,1.3333333333333333
CIMATEROL,1.3333333333333333
KBP-7018,1.3333333333333333
PRU-12,1.3333333333333333
COMPOUND 111 [PMID: 37918435],1.3333333333333333
CTA091,1.3333333333333333
APREPITANT,1.3333333333333333
SB-568849,1.3333333333333333
MILAMELINE,1.3333333333333333
BENZOCAINE,1.3333333333333333
OSILODROSTAT,1.3333333333333333
MIGLUSTAT,1.3333333333333333
LP-12,1.3333333333333333
TECADENOSON,1.3333333333333333
ESTRADIOL 3-METHYL ETHER,1.3333333333333333
BRL 37344,1.3333333333333333
CHEMBL:CHEMBL1507526,1.3333333333333333
ISOSILYBIN B,1.3333333333333333
COMPOUND 31 [PMID: 22902653],1.3333333333333333
LIT-001,1.3333333333333333
IP3,1.3333333333333333
SILIDIANIN,1.3333333333333333
R-SPONDIN-2,1.3333333333333333
PRU-10,1.3333333333333333
SUBSTANCE P,1.3333333333333333
EGIS-11150,1.3333333333333333
OPC-51803,1.3333333333333333
[125I]ICYP,1.3333333333333333
SCUTELLARIN,1.3333333333333333
VIP,1.3333333333333333
CHEMBL:CHEMBL1172911,1.3333333333333333
ML SA1,1.3333333333333333
R-SPONDIN-4,1.3333333333333333
COMPOUND 30 [PMID: 22902653],1.3333333333333333
MCN-A-343,1.3333333333333333
DOLASETRON,1.375
COMPOUND 43 [PMID: 26751273],1.4
HU-210,1.4
FINGOLIMOD-PHOSPHATE,1.4
BUTAPROST (FREE ACID FORM),1.4
PICROTOXIN,1.4
[3H]BSP,1.4
U46619,1.4285714285714286
NEDOCROMIL,1.5
GSK-264220A,1.5
CGP 20712A,1.5
ALX40-4C,1.5
"D(CH2)5[D-TYR(ET)2,VAL4,TYR-NH29]AVP",1.5
PG 97-269,1.5
LS-192629,1.5
EGFR/ERBB-2 INHIBITOR,1.5
DIQUAFOSOL TETRASODIUM,1.5
MUSCARINIC TOXIN 1,1.5
MDMB-FUBINACA,1.5
SETOGEPRAM,1.5
PROTOCATECHUALDEHYDE,1.5
CHEMBL:CHEMBL600862,1.5
TUG-424,1.5
GSK579289A,1.5
BAY 55-9837,1.5
HEMOKININ 1,1.5
NPC 18565,1.5
CALPEPTIN,1.5
SUNVOZERTINIB,1.5
KASSININ,1.5
BRADYKININ,1.5
TUXOBERTINIB,1.5
CUSTIRSEN SODIUM,1.5
GALSULFASE,1.5
LUBIPROSTONE,1.5
VRT-043198,1.5
JNJ 7777120,1.5
NAMINIDIL,1.5
"EU-DTPA-[SER27, NLE70]HC5A",1.5
SOLYPERTINE TARTRATE,1.5
L023103,1.5
TAK-448,1.5
GGTI-2418,1.5
AZA-THIP,1.5
BGC201531,1.5
GC-376,1.5
GW9508,1.5
SCH 206272,1.5
SALICYLALDEHYDE THIOSEMICARBAZONE,1.5
ALEXA-488-TELENZEPINE,1.5
CHEMBL:CHEMBL117217,1.5
SERLOPITANT,1.5
MUSCARINIC TOXIN 2,1.5
ELEDOISIN,1.5
ML130,1.5
"[THR4,GLY7]OT",1.5
[125I]PACAP-27,1.5
BILOBALIDE,1.5
COMPOUND 17 [PMID: 36111834],1.5
OCTOPAMINE,1.5
AM2201,1.5
SCH.336,1.5
UAWJ9-36-3,1.5
BMS-202,1.5
PACAP-27,1.5
CASPOFUNGIN,1.5
COMPOUND 17 [PMID: 23570514],1.5
ICATIBANT,1.5
AZELIRAGON,1.5
PACAP-38,1.5
DOXAPRAM HYDROCHLORIDE,1.5
VIBEGRON,1.5
COMPOUND 27 [PMID: 36449304],1.5
CHEMBL:CHEMBL598885,1.5
GINKGOLIDE B,1.5
NEUROKININ B,1.5
KT 5823,1.5
ELIGLUSTAT,1.5
[DES-ARG9]BRADYKININ,1.5
NS383,1.5
PROSAPTIDE,1.5
(R)-EDELFOSINE,1.5
ACIFRAN,1.5
AMG-837,1.5
B-9430,1.5
TRANS-3-ACPBPA,1.5
TPMPA,1.5
MB-28767,1.5
GRAPIPRANT,1.5
CHEMBL:CHEMBL317115,1.5
GINKGOLIDE X,1.5
TEPODITAMAB,1.5
LIMKI3,1.5
EVATANEPAG,1.5
YM-543,1.5
TOREFORANT,1.5
IACS-9439,1.5
PEPCAN-12,1.5
[3H]GLYSAR,1.5
IDURSULFASE,1.5
TOFOGLIFLOZIN,1.5
SIMTUZUMAB,1.5
[3H]WIN55212-2,1.5
SSR126768A,1.5
VERLUKAST,1.5
RWJ-351647,1.5
MAXADILAN,1.5
GSK256073,1.5
AMIBEGRON,1.5
MK-7622,1.5
BUTACAINE,1.5
VENGLUSTAT,1.5
5H3'FPE,1.5
CLOFILIUM,1.5
SILYBIN B,1.5
COMPOUND 21B [PMID: 31430136],1.5
CHEMBL:CHEMBL587092,1.5
REMOGLIFLOZIN ETABONATE,1.5
CILANSETRON,1.5
TG6-129,1.5
[125I]C5A (HUMAN),1.5
"L-888,291",1.5
URACIL 20,1.5
MPPG,1.5
BI-4142,1.5
JMV1431,1.5
PRATOSARTAN,1.5
MIFANERTINIB,1.5
EZLOPITANT,1.5
DAPANSUTRILE,1.5
SGC0946,1.5
CU2+,1.5
5-ME-IAA,1.5
BAY-593074,1.5
JWH-018,1.5
C5A DES-ARG,1.5
SARAKALIM,1.5
FASIGLIFAM,1.5
MET-LYS-BRADYKININ,1.5
"[LYS15,ARG16,LEU27]VIP-(1-7)/GRF-(8-27)-NH2",1.5
&DELTA;12-PGJ2,1.5
OSANETANT,1.5
FLT-3 INHIBITOR II,1.5
CHEMBL:CHEMBL1630084,1.5
FOSAPREPITANT,1.5
D-SERINE,1.5
VESTIPITANT,1.5
NEUROKININ A,1.5
ZIRITAXESTAT,1.5
LANEPITANT,1.5
PICROTIN,1.5
SELEPRESSIN,1.5
COMPOUND 1B [PMID: 16290936],1.5
COMPOUND 15C [PMID: 21536437],1.5
LETETRESGENE AUTOLEUCEL,1.5
VOFOPITANT,1.5
PIXATIMOD,1.5
LP-211,1.5
A-317567,1.5
(S)-DRF-1042,1.5
CHEMBL:CHEMBL589912,1.5
ENSITUXIMAB,1.5
HARMAN-3-CARBOXYLIC ACID,1.5
PF-07062119,1.5
CIS-3-ACPBPA,1.5
ANTAZOLINE PHOSPHATE,1.5
AX-024,1.5
ICI 118551,1.5
N-STEARYL-[NLE17] NEUROTENSIN-(6-11)/VIP-(7-28),1.5
NPC 17731,1.5
OLORINAB,1.5
AZD1940,1.5
"[125I]VIP (HUMAN, MOUSE, RAT)",1.5
SILMITASERTIB,1.5
RO 25-1553,1.5
AZALANSTAT,1.5
[ARG16]CHICKEN SECRETIN,1.5
CY3B-TELENZEPINE,1.5
TRADIPITANT,1.5
"(2S,4S)-KETOCONAZOLE",1.5
"15-DEOXY-&DELTA;12,14-PGJ2",1.5
EPZ004777,1.5
PG 99-465,1.5
JTE-013,1.5
(&PLUSMN;)-CIS-2-CAMP,1.5
COMPOUND 14 [PMID: 19831390],1.5
"L-888,607",1.5
KALLIDIN,1.5
CHEMBL:CHEMBL600309,1.5
JNK-IN-8,1.5
CCT365623,1.5
"[ALA11,22,28]VIP",1.5
YL5084,1.5
"D(CH2)5[TYR(ME)2,THR4,PHE(3125I,4N3)-NH29]OVT",1.5
KT 5720,1.5
ACETAZOLAMIDE SODIUM,1.5
PGJ2,1.5
SELATINIB,1.5
ZONGERTINIB,1.5
ANTAZOLINE HYDROCHLORIDE,1.5
ROLAPITANT,1.5
FK 224,1.5
CITRUSININE II,1.5
"D(CH2)5[TYR(ME)2,THR4,TYR(3125I)-NH29]OVT",1.5
VIXOTRIGINE,1.5
CASOPITANT,1.5
SRX246,1.5
ALDUMASTAT,1.5
PROPIDIUM,1.5
ETHOXZOLAMIDE,1.5384615384615385
DESMETRAMADOL,1.5714285714285714
MOSAPRIDE,1.5714285714285714
PGD2,1.6
EPOPROSTENOL,1.6666666666666667
SULTHIAME,1.6666666666666667
BERAPROST,1.6666666666666667
NITROBENZYLMERCAPTOPURINE RIBONUCLEOSIDE,1.6666666666666667
RG3487,1.6666666666666667
MRE-269,1.6666666666666667
RELDESEMTIV,1.6666666666666667
AZD-1208,1.6666666666666667
TG11-77,1.6666666666666667
DDP-225,1.6666666666666667
TIRASEMTIV,1.6666666666666667
GIVOSIRAN,1.6666666666666667
LGH-447,1.6666666666666667
ONTERNABEZ,1.6666666666666667
ALANINE,1.75
RAMOSETRON HYDROCHLORIDE,1.8
PUMOSETRAG,1.8
PDGF RTK INHIBITOR,2.0
"[3H]SP (HUMAN, MOUSE, RAT)",2.0
PHYLLOMEDUSIN,2.0
COMPOUND 70 [PMID: 26161824],2.0
COMPOUND 8F [PMID: 20615702],2.0
C5A HEXAPEPTIDE ANALOGUE,2.0
P54,2.0
APETX2,2.0
"(+)-5-(5-BROMOTHIOPHEN-3-YL)-5-METHYL-4-OXO-4,5-DIHYDRO-FURAN-2-CARBOXYLIC ACID",2.0
EXAMPLE 10 [CN110740999A],2.0
AZ5104,2.0
RO5166017,2.0
KISSPEPTIN-13,2.0
R-486,2.0
COMPOUND 12 [PMID: 12723943],2.0
CYM-50358,2.0
BCL3 INHIBITOR JS6,2.0
BI01383298,2.0
[3H]LYS-[LEU8][DES-ARG9]BK,2.0
"AC-LYS-[MEALA6,LEU8,DES-ARG9]BRADYKININ",2.0
F180,2.0
IMNOPITANT,2.0
AMINOLEVULINIC ACID HYDROCHLORIDE,2.0
LIGELIZUMAB,2.0
"(12E,20Z,18S)-8-HYDROXYVARIABILIN",2.0
"C34 [ZHU ET AL., 2023]",2.0
COMPOUND 56 [PMID: 8568816],2.0
CHEMBL:CHEMBL1093490,2.0
AUTOLOGOUS PROSTATE STEM CELL ANTIGEN-SPECIFIC CAR T CELLS BPX-601,2.0
TGF&ALPHA;,2.0
CHEMBL:CHEMBL402456,2.0
CYCLOUREA APELIN-12 (1-7),2.0
GAT211,2.0
AM6545,2.0
PO-322,2.0
PHV,2.0
BAY-805,2.0
PD 158780,2.0
EAI045,2.0
APELIN-17,2.0
COMPOUND 39 [PMID: 34982553],2.0
NEUROPEPTIDE-&GAMMA;,2.0
COMPOUND 40 [PMID: 34982553],2.0
PF-06761281,2.0
"[LEU9,DES-ARG10]KALLIDIN",2.0
CYCLOGUANIL,2.0
(+)-SCH-23390,2.0
COMPOUND 1 [PMID: 37741852],2.0
DS2,2.0
PERAMIVIR ANHYDROUS,2.0
15(S)-15-METHYL-PGD2,2.0
NAFTOPIDIL DIHYDROCHLORIDE,2.0
BEXLOSTERIDE,2.0
PORPHOBILINOGEN,2.0
R116031,2.0
ARECOLINE HYDROBROMIDE,2.0
"13,14-DIHYDRO-15-KETO-PGD2",2.0
T-KININ,2.0
N-STEARYL-[NLE17]VIP,2.0
[125I]THYROXINE,2.0
[3H]TYRAMINE,2.0
CROMAKALIM,2.0
KISSPEPTIN-54,2.0
P'-GERANYL 2-FLUOROMEVALONATE 5-DIPHOSPHATE,2.0
COMPOUND 14 [PMID: 24900428],2.0
ACETYLGLUCOSAMINE,2.0
CITIBRASINE,2.0
CL316243,2.0
3-PYRIDINE-ACETIC ACID,2.0
65PF,2.0
APELIN-13,2.0
CYM5520,2.0
P32 [PMID: 27108698],2.0
PF-06649298,2.0
(&PLUSMN;)YM796,2.0
B-9858,2.0
RALMITARONT,2.0
CYM-50308,2.0
KISSPEPTIN-9,2.0
B-9958,2.0
D-157495,2.0
CHIPS-(28-149),2.0
JBJ-04-125-02,2.0
CHEMBL:CHEMBL602927,2.0
GLPG-1205,2.0
QUERCETIN-3'-O-PHOSPHATE,2.0
CHEMBL:CHEMBL584031,2.0
AGMATINE,2.0
MM07,2.0
ORG27569,2.0
COBIPROSTONE,2.0
COSFROVIXIMAB,2.0
SILICRISTIN A,2.0
PS020990,2.0
D4476,2.0
PARA-COUMARIC ACID,2.0
PIRMENOL,2.0
CHEMBL:CHEMBL528463,2.0
ML233,2.0
CHEMBL:CHEMBL531296,2.0
HUA33,2.0
4-FLUOROBENZOYL-FGLRW-NH2,2.0
SF-11,2.0
EVP-21,2.0
[125I]KISSPEPTIN-13 (HUMAN),2.0
[125I]KISSPEPTIN-54 (HUMAN),2.0
[D-TYR-14C]TAK-448,2.0
COMPOUND 11 [PMID: 12812482],2.0
[11C]BUTYLTHIO-TZTP,2.0
HOMO-AMPA,2.0
ETG-5773,2.0
ATOLTIVIMAB,2.0
PF-514273,2.0
CHEMBL:CHEMBL1089321,2.0
NEXINHIB20,2.0
COMPOUND 21 [PMID: 23312943],2.0
REMACEMIDE HYDROCHLORIDE,2.0
CHEMBL:CHEMBL255068,2.0
"[D-LYS1,DES-ARG10]KALLIDIN",2.0
NVP-SAA164,2.0
BQCA,2.0
UNC9975,2.0
EPPTB,2.0
BMS-986224,2.0
CH7233163,2.0
"D(CH2)5[TYR(ME)2,ARG8]VP",2.0
MESO-DAP,2.0
THIOCORALINE,2.0
CHEMBL:CHEMBL1183425,2.0
CHEMBL:CHEMBL452847,2.0
KISSPEPTIN-14,2.0
P59 [PMID: 27108698],2.0
GPI-1046,2.0
BMS-707035,2.0
SCH 900271,2.0
LG-100268,2.0
AM841,2.0
S1P D20:1,2.0
CHEMBL:CHEMBL1092743,2.0
PHI,2.0
T2328,2.0
EGFR INHIBITOR 57,2.0
CHEMBL:CHEMBL454890,2.0
"&ALPHA;-METHYL-D,L-TRYPTOPHAN",2.0
LARGE PROLINE-RICH PROTEIN BAG6,2.0
[DES-ARG10]ICATIBANT,2.0
BODIPY-PIRENZEPINE,2.0
DM-CHX,2.0
CHEMBL:CHEMBL1939687,2.0
RP67580,2.0
REV131,2.0
SEPTIDE,2.0
VU0029767,2.0
"[125I][GLP65NLE75,TYR77]APELIN-13",2.0
LY593093,2.0
CYCLO APELIN-12 (7-12),2.0
"[SAR9,MET(O2)11]SP",2.0
TARLATAMAB,2.0
SUBSTANCE P-(4-11),2.0
(-)-YM796,2.0
I3MT-3,2.0
[18F]SPA-RQ,2.0
GW1100,2.0
1-CYCLOHEXYL-N-{[1-(4-METHYLPHENYL)-1H-INDOL-3-YL]METHYL}METHANAMINE,2.0
COMPOUND 3 [PMID: 21650226],2.0
ODESIVIMAB,2.0
NU-7026,2.0
CHROMAN 28,2.0
3-N3-PHPA-LVA,2.0
LEVAMFETAMINE,2.0
JND3229,2.0
BPIQ-I,2.0
PROLGOLIMAB,2.0
LEPUNAFUSP ALFA,2.0
LANINAMIVIR OCTANOATE,2.0
CHEMBL:CHEMBL29166,2.0
FORMETOREX,2.0
CHEMBL:CHEMBL1224310,2.0
C5APEP,2.0
COMPOUND 21 [PMID: 21185185],2.0
COMPOUND 15A,2.0
CHEMBL:CHEMBL546975,2.0
PHENACYLAMINE HYDROCHLORIDE,2.0
A33 131I,2.0
NOLPITANTIUM,2.0
MK 1903,2.0
[125I]BAY 55-9837,2.0
BEFOTERTINIB,2.0
FIRMONERTINIB,2.0
[125I]KISSPEPTIN-14 (HUMAN),2.0
CARISBAMATE,2.0
MM54,2.0
SHK TOXIN,2.0
NEUROPEPTIDE K,2.0
SRT1720,2.0
ELABELA/TODDLER-32,2.0
ACIPIMOX,2.0
UNC1215,2.0
"13,14-DIHYDRO-15-KETO-PGF2&ALPHA;",2.0
AMPHIREGULIN,2.0
DBPR112,2.0
L-748328,2.0
NURULIMAB,2.0
HWL-088,2.0
TAK-637,2.0
UR-63325,2.0
FLUOROBEXAROTENE,2.0
MIGOPROTAFIB,2.0
2-PHENYL-PROPYLAMINE,2.0
CYANOTRIPHENYLBORATE,2.0
&BETA;-D-HYDROXYBUTYRIC ACID,2.0
T440,2.0
COMPOUND (+)17A [PMID: 20363624],2.0
5-METHYL NICOTINIC ACID,2.0
LUCERASTAT,2.0
ZD6021,2.0
L760735,2.0
EPIGEN,2.0
PDGF RECEPTOR TYROSINE KINASE INHIBITOR III,2.0
PA451,2.0
AGN194204,2.0
ANSUVIMAB-ZYKL,2.0
PA452,2.0
FK-888,2.0
ANTI-PSCA MONOCLONAL ANTIBODY AGS-1C4D4,2.0
ARACHIDONYLCYCLOPROPYLAMIDE,2.0
KISSPEPTIN-15,2.0
VU0090157,2.0
BMS-986172,2.0
EGFR INHIBITOR,2.0
D-LYS0-[DES-ARG10]KALLIDIN,2.0
ARCAINE,2.0
CHEMBL:CHEMBL599304,2.0
HX 531,2.0
SN-1,2.0
ML3-SA1,2.0
RO 25-1392,2.0
COMPOUND 2G [PMID: 19309152],2.0
"[DES-PHE9,DES-ARG10]KALLIDIN",2.0
LY3522348,2.0
COMPOUND 1Q  [PMID: 18029181],2.0
[11C]XANOMELINE,2.0
NATURAL CYTOTOXICITY TRIGGERING RECEPTOR 3 LIGAND 1,2.0
GAT100,2.0
"COMPOUND 13 [CHEN ET AL., 2016]",2.0
COMPOUND 6G [PMID: 30633509],2.0
SIRT1 ACTIVATOR 3,2.0
HELODERMIN,2.0
N-SULFOGLUCOSAMINE SULFOHYDROLASE RECOMBINANT,2.0
COMPOUND 27 [PMID: 19854648],2.0
[3H]D(CH2)5[TYR(ME)2]AVP,2.0
LARTESERTIB,2.0
CINNAMIC ACID,2.0
[125I]HPP-DESARG10HOE140,2.0
BI-3231,2.0
ZINPENTRAXIN ALFA,2.0
TRIFLUOROMETHANESULFONAMIDE,2.0
CHEMBL:CHEMBL601439,2.0
KRN-330,2.0
[125I]TYR45-KISSPEPTIN-15,2.0
CHEMBL:CHEMBL401362,2.0
AZD6088,2.0
PEFLOXACIN MESYLATE,2.0
[125I]KISSPEPTIN-10 (HUMAN),2.0
&BETA;-PHENYLETHYLAMINE,2.0
NALIDIXATE SODIUM,2.0
PEPTIDE 234,2.0
BMS-963272,2.0
AH23848,2.0
COMPOUND 52 [PMID: 36749735],2.0
[125I](PYR1)APELIN-13,2.0
COMPOUND 4 [PMID: 27074625],2.0
PF-06835919,2.0
15(R)-15-METHYL-PGD2,2.0
[125I]APELIN-13,2.0
KH064,2.0
PEPTIDE 5A,2.0
BIW-8962,2.0
COMPOUND 14A [PMID: 34795866],2.0
SEBELIPASE ALFA,2.0
MS39,2.0
6-FLUOROMEVALONATE 5-DIPHOSPHATE,2.0
COMPOUND 18 [PMID: 32330443],2.0
OXACILLIN,2.0
DNA-PK INHIBITOR V,2.0
ECABET,2.0
ELIGLUSTAT TARTRATE,2.0
TALTIRELIN,2.0
ML321,2.0
CMF-019,2.0
CHEMBL:CHEMBL1588237,2.0
ML221,2.0
COMPOUND 2C [PMID: 22115617],2.0
SSR240612,2.0
B-10356,2.0
L873724,2.0
MICAFUNGIN SODIUM,2.0
JBJ-09-063,2.0
COMPOUND 23 [PMID: 35944849],2.0
BI-4020,2.0
ELABELA/TODDLER-11,2.0
ML169,2.0
PSB-KD107,2.0
CYCLO APELIN-12 (1-12),2.0
TM30089,2.0
KISSPEPTIN-28,2.0
VU0486846,2.0
ANTAQ,2.0
Z-YVAD-FMK,2.0
PHYSALAEMIN,2.0
[3H]PIRENZEPINE,2.0
BENZOQUINAZOLINONE 12,2.0
AC-42,2.0
TUG-770,2.0
MS154,2.0
REZIVERTINIB,2.0
[DES-ARG10]KALLIDIN,2.0
BAXDROSTAT,2.0
R-715,2.0
COMPOUND 5C [PMID: 27894870],2.0
COMPOUND 16 [PMID: 26794040],2.0
CP 99994,2.0
"L-703,606",2.0
"[125I][NLE75,TYR77]APELIN-36 (HUMAN)",2.0
COMPOUND 7 [PMID: 37428122],2.0
MK 6892,2.0
MK 0354,2.0
PHYTOSPHINGOSINE 1-PHOSPHATE,2.0
ENPROSTIL,2.0
CHEMBL:CHEMBL483302,2.0
COMPOUND 2 [PMID: 21627121],2.0
IBREXAFUNGERP,2.0
MLS1547,2.0
MAFTIVIMAB,2.0
COMPOUND 61 [PMID: 36221183],2.0
[125I]3-N3-PHPA-LVA,2.0
MEDICA 16,2.0
"ANALOG 3 [VLATTAS ET AL., 1996]",2.0
6-FLUOROMEVALONATE PYROPHOSPHATE,2.0
UNC9994,2.0
DIPHOSPHOGLYCOLYL PROLINE,2.0
"[125I]SP (HUMAN, MOUSE, RAT)",2.0
DELANZOMIB,2.0
PHTHALYLSULFATHIAZOLE,2.0
DESIDUSTAT,2.0
COMPOUND 9N [PMID: 18752940],2.0
EN67,2.0
PIPOTHIAZINE,2.0
COMPOUND 18J [PMID: 35446588],2.0
COMPOUND 34 [PMID: 20189382],2.0
APELIN-36,2.0
ONO-4817,2.0
CHEMBL:CHEMBL585999,2.0
CHEMBL:CHEMBL602954,2.0
METHOPRENE ACID,2.0
[3H](PYR1)[MET(0)11]-APELIN-13,2.0
UGR 9-1,2.0
PMBA,2.0
COMPOUND 17B [PMID: 35286086],2.0
PDGF RECEPTOR TYROSINE KINASE INHIBITOR IV,2.0
BEFETUPITANT,2.0
L742791,2.0
COMPOUND 42 [PMID: 22420767],2.0
SN-2,2.0
LYS-KALLIDIN,2.0
COMPOUND 21 [PMID: 34855405],2.0
MURAMYL DIPEPTIDE,2.0
"[SAR,D-PHE8,DES-ARG9]BRADYKININ",2.0
MK-4721,2.0
EMD638683,2.0
ML2-SA1,2.0
K-80003,2.0
ZANAMIVIR,2.0
L-748337,2.0
SUBSTANCE P-(6-11),2.0
"[125I]L703,606",2.0
SUBSTANCE P-OME,2.0
[3H]LYS-[DES-ARG9]BK,2.0
TQB3804,2.0
"[LEU8,DES-ARG9]BRADYKININ",2.0
"[DES-PRO8,DES-PHE9,DES-ARG10]KALLIDIN",2.0
[DES-ARG11]T-KININ,2.0
COMPOUND 14I [PMID: 37204466],2.0
CICAPROST,2.0
BTI-410,2.0
PORGAVIXIMAB,2.0
ELABELA/TODDLER-21,2.0
COMPOUND 1 [PMID: 25241924],2.0
APELIN RECEPTOR EARLY ENDOGENOUS LIGAND,2.0
LARCAVIXIMAB,2.0
T532,2.0
[125I]OH-LVA,2.0
REMDESIVIR,2.0
AM11542,2.0
SF-21,2.0
COMPOUND B [PMID:18477808],2.0
TUG-905,2.0
NG29,2.0
R-954,2.0
JNK INHIBITOR IX,2.0
EGF,2.0
QUILIZUMAB,2.0
OSELTAMIVIR PHOSPHATE,2.0
ANIDULAFUNGIN,2.0
IBREXAFUNGERP CITRATE,2.0
AM6538,2.0
MRI-1867,2.0
HYDROXYFASUDIL,2.0
ECHINOMYCIN,2.0
UNC0006,2.0
TIGOZERTINIB,2.0
DAZOXIBEN HYDROCHLORIDE,2.0
E339-3D6,2.0
PROGRAMMED CELL DEATH 1 LIGAND 1,2.0
DOSIMERTINIB,2.0
PF-06767832,2.0
FOSMANOGEPIX,2.0
COMPOUND 22M [PMID: 19831390],2.0
T‐495,2.0
[PYR1]APELIN-13,2.0
SLB736,2.0
CHEMBL:CHEMBL578109,2.0
TCS 2510,3.0
DAPK INHIBITOR 13,3.0
COMPOUND 47 [PMID: 35640059],3.0
PF-03463275,3.0
GSK-LSD1,3.0
L902688,3.0
MK-2894,3.0
METRH,3.0
AZD4320,3.0
CP734432,3.0
GSK2879552,3.0
GDC-2394,3.0
ORY-1001,3.0
CY-09,3.0
MCC950,3.0
ORG-25935,3.0
"CP-424,174",3.0
NCL-1,3.0
NDT-19795,3.0
ONO-AE1-329,3.0
TAK-418,3.0
EMLENOFLAST,3.0
CR6086,3.0
RN-1,3.0
17-PHENYL-&OMEGA;-TRINOR-PGE2,3.0
ONO-AE3-208,3.0
CC-90011,3.0
DRAFLAZINE,3.0
SELNOFLAST,3.0
NBTGR,3.0
C7683,3.0
ER819762,3.0
11-DEOXY-PGE1,3.0
NT-0796,3.0
OG-L002,3.0
KMN-159,3.0
BAY1316957,3.0
BITOPERTIN,3.0
"13,14-DIHYDRO-PGE1",3.0
[3H]NITROBENZYLMERCAPTOPURINE RIBONUCLEOSIDE,3.0
"L-161,982 (EP4A)",3.0
SSR-103800,3.0
KF24345,3.0
MF 498,3.0
ORGANON,3.0
GW 627368,3.0
CJ-042794,3.0
CHEMBL:CHEMBL59821,3.0
COMPOUND 74 [PMID: 24793884],4.0
PDE4 INHIBITOR 16,4.333333333333333
OZANEZUMAB,5.5
TC-E 5005,10.0
MK-8189,10.0
MARDEPODECT,10.0
COMPOUND 27 [PMID: 22142545],10.0
COMPOUND 19 [PMID: 22142545],10.0
